url,source,title,description,content,published_date,author,status_code,response_time,scraped_at,status,error
https://www.geo.tv/latest/677645-president-hails-pm-cdf-for-defence-agreement-with-saudi-arabia-turkiye,Other,,,,,,,30.003,2026-08-20T11:33:43.070187,failed,Timeout
https://www.geo.tv/latest/677586-world-leaders-friendly-nations-wish-pakistan-peace-prosperity-on-independence-day,Other,,,,,,,30.012,2026-08-20T11:33:45.276770,failed,Timeout
https://www.dawn.com/news/2023068/police-recover-indonesian-woman-in-hyderabad-hand-her-over-to-consulate,Other,,,,,,,45.032,2026-08-20T11:33:57.861102,failed,Timeout
https://www.dawn.com/news/2023205/two-children-drown-in-pond-in-kps-tank,Other,,,,,,429,5.577,2026-08-20T11:34:21.843697,failed,HTTP 429
https://www.dawn.com/news/2023206/election-tribunal-dismisses-pti-backed-candidates-plea-challenging-victory-of-pml-ns-faisal-akram-from-pp-46,Other,,,,,,429,6.887,2026-08-20T11:34:22.209128,failed,HTTP 429
https://www.geo.tv/latest/677734-indias-independence-day-sees-strikes-protests-across-iiojk-northeast,Other,,,,,,,30.027,2026-08-20T11:34:22.821679,failed,Timeout
https://www.dawn.com/news/2023204/pakistani-power-elites-endless-wait-for-a-miracle-from-the-outside-this-time-from-the-makkah-pact,Other,,,,,,429,8.571,2026-08-20T11:34:25.052543,failed,HTTP 429
https://www.dawn.com/news/2023058/women-exercising-lawful-rights-should-not-be-subjected-to-violence-with-impunity-sc,Other,,,,,,,45.029,2026-08-20T11:34:26.301441,failed,Timeout
https://www.dawn.com/news/2023202/the-makkah-pact-is-for-collective-security-not-a-military-bloc,Other,,,,,,429,2.95,2026-08-20T11:34:26.655610,failed,HTTP 429
https://www.dawn.com/news/2023201/editorial-long-term-solution-to-balochistans-wounds-lies-in-taking-the-political-path-and-it-must-start-now,Other,,,,,,429,6.41,2026-08-20T11:34:30.169914,failed,HTTP 429
https://www.dawn.com/news/2023200/work-on-25bn-karachi-peshawar-ml-1-railway-project-to-begin-in-january-expected-to-take-up-to-3-years-to-complete,Other,,,,,,429,6.479,2026-08-20T11:34:30.499594,failed,HTTP 429
https://www.dawn.com/news/2023196/security-forces-eliminate-10-terrorists-in-balochistans-khuzdar,Other,,,,,,429,9.149,2026-08-20T11:34:37.893626,failed,HTTP 429
https://www.geo.tv/latest/677655-trump-asks-us-supreme-court-to-approve-white-house-ballroom-project,Other,,,,,,,30.026,2026-08-20T11:34:41.708616,failed,Timeout
https://www.dawn.com/news/2023106/one-in-5-pakistani-employees-make-it-mistakes-due-to-lack-of-cybersecurity-knowledge-survey,Other,,,,,,429,2.319,2026-08-20T11:34:42.122654,failed,HTTP 429
https://www.dawn.com/news/2023102/islamabads-green-enclave-i-plot-owners-announce-protests,Other,,,,,,429,3.003,2026-08-20T11:34:42.594207,failed,HTTP 429
https://www.dawn.com/news/2023145/kp-government-launches-initiative-to-identify-out-of-school-children,Other,,,,,,429,3.302,2026-08-20T11:34:42.630243,failed,HTTP 429
https://www.dawn.com/news/2023155/punjab-hed-initiates-action-against-professor-for-impersonation-in-inter-and-ba-exams,Other,,,,,,,4.14,2026-08-20T11:34:51.843114,failed,"('Connection aborted.', ConnectionResetError(10054, 'An existing connection was forcibly closed by the remote host', None, 10054, None))"
https://www.geo.tv/latest/677317-pm-shehbaz-launches-countrys-first-ever-national-youth-employment-policy,Other,,,,,,,30.005,2026-08-20T11:35:11.419631,failed,Timeout
https://www.dawn.com/news/2023193/govt-opts-for-high-level-talks-as-strike-by-truckers-edible-oil-transporters-strains-ports,Other,,,,,,,45.139,2026-08-20T11:35:14.197032,failed,Timeout
https://images.dawn.com/news/1194661/i-was-in-a-transition-shamoon-ismail-on-his-absence-growth-and-what-comes-next,Other,,,,,,,8.416,2026-08-20T11:37:15.528950,failed,"('Connection aborted.', ConnectionResetError(10054, 'An existing connection was forcibly closed by the remote host', None, 10054, None))"
https://www.dawn.com/news/1964488/puc-chairman-tahir-ashrafi-appointed-liaison-for-religious-harmony-pakistani-diaspora-in-muslim-countries,Other,,,,,,,36.247,2026-08-20T11:37:28.726520,failed,"('Connection aborted.', ConnectionResetError(10054, 'An existing connection was forcibly closed by the remote host', None, 10054, None))"
https://images.dawn.com/news/1194656/isiah-whitlock-the-wire-actor-dies-at-71,Other,,,,,,,6.881,2026-08-20T11:37:49.050450,failed,"('Connection aborted.', ConnectionResetError(10054, 'An existing connection was forcibly closed by the remote host', None, 10054, None))"
https://www.dawn.com/news/1964467/are-you-ready-kp-cm-sohail-afridi-says-he-will-visit-karachi-on-january-9,Other,,,,,,,45.031,2026-08-20T11:38:04.564878,failed,Timeout
https://www.dawn.com/news/1964426,Other,,,,,,,25.845,2026-08-20T11:38:30.413197,failed,"('Connection aborted.', ConnectionResetError(10054, 'An existing connection was forcibly closed by the remote host', None, 10054, None))"
https://www.dawn.com/news/1964380/ptcl-to-participate-in-5g-spectrum-auction,Other,,,,,,403,4.29,2026-08-20T11:38:31.429973,failed,HTTP 403
https://www.dawn.com/news/1964377/psx-closes-last-session-of-2025-on-bearish-note,Other,,,,,,429,18.705,2026-08-20T11:38:35.794801,failed,HTTP 429
https://www.dawn.com/news/1964327/m-tag-installation-deadline-extended-by-15-days,Other,,,,,,429,4.327,2026-08-20T11:38:40.603419,failed,HTTP 429
https://www.dawn.com/news/1964390/punjab-bans-land-mutations-based-on-oral-transactions,Other,,,,,,429,4.625,2026-08-20T11:39:06.134125,failed,HTTP 429
https://www.dawn.com/news/1964389/first-vaccine-policy-finalised-to-shift-from-imports,Other,,,,,,,10.975,2026-08-20T11:39:11.192338,failed,"('Connection aborted.', ConnectionResetError(10054, 'An existing connection was forcibly closed by the remote host', None, 10054, None))"
https://www.dawn.com/news/1964385/punjab-leads-wheat-sowing-as-rabi-campaign-nears-completion,Other,,,,,,429,18.542,2026-08-20T11:39:16.982780,failed,HTTP 429
https://www.dawn.com/news/1964394/will-somaliland-become-israels-new-ally,Other,,,,,,,45.123,2026-08-20T11:39:55.554286,failed,Timeout
https://www.dawn.com/news/1964371/modi-asked-to-explain-chinas-claim-on-mediating-pak-india-truce,Other,,,,,,,45.053,2026-08-20T11:40:03.717778,failed,Timeout
https://www.dawn.com/news/1965053/bangladesh-will-not-play-t20-world-cup-matches-in-india-decision-taken-in-context-of-bccis-extreme-communal-policy,Other,,,,,,,5.143,2026-08-20T11:40:13.608428,failed,"('Connection aborted.', ConnectionResetError(10054, 'An existing connection was forcibly closed by the remote host', None, 10054, None))"
https://www.dawn.com/news/1965024/smoking-the-peace-pipe-dream,Other,,,,,,,4.578,2026-08-20T11:40:13.796809,failed,"('Connection aborted.', ConnectionResetError(10054, 'An existing connection was forcibly closed by the remote host', None, 10054, None))"
https://www.dawn.com/news/1965043/rubio-says-us-to-work-with-current-venezuela-leaders-if-they-make-right-decision-maduro-now-in-ny-jail,Other,,,,,,,16.645,2026-08-20T11:40:37.300914,failed,"('Connection aborted.', RemoteDisconnected('Remote end closed connection without response'))"
https://www.dawn.com/news/1964906/kp-health-dept-claims-major-gains-in-crackdown-on-illegal-drugs,Other,,,,,,,19.257,2026-08-20T11:41:03.331876,failed,Timeout
https://www.dawn.com/news/1964989/new-year-cheer-lifts-stocks-to-fresh-peaks,Other,,,,,,403,2.227,2026-08-20T11:41:24.372525,failed,HTTP 403
https://www.dawn.com/news/1964914/concern-at-lhcs-delay-in-nasser-bagh-case-as-construction-goes-on,Other,,,,,,,45.103,2026-08-20T11:41:45.762335,failed,Timeout
https://www.dawn.com/news/1964991/cotton-prices-set-to-rise-on-strong-demand,Other,,,,,,429,25.511,2026-08-20T11:41:47.918532,failed,HTTP 429
https://www.dawn.com/news/1964948/bodies-found-off-karachis-mai-kolachi-identified-as-mother-three-children,Other,,,,,,,45.068,2026-08-20T11:41:48.400335,failed,Timeout
https://www.dawn.com/news/1965009/ex-pti-leaders-plan-multi-party-conference-to-ease-political-tensions,Other,,,,,,429,5.46,2026-08-20T11:41:55.246831,failed,HTTP 429
https://www.dawn.com/news/1965648/hes-not-that-happy-with-me-trump-mocks-indias-modi-while-recalling-meeting,Other,,,,,,429,6.474,2026-08-20T11:42:00.330765,failed,HTTP 429
https://www.dawn.com/news/1964987/thousands-of-berliners-face-days-without-electricity,Other,,,,,,429,18.694,2026-08-20T11:42:00.366668,failed,HTTP 429
https://www.dawn.com/news/1965008/kp-cms-non-bailable-warrants-issued-in-cybercrime-case,Other,,,,,,429,11.624,2026-08-20T11:42:00.843988,failed,HTTP 429
https://www.dawn.com/news/1964999/protests-erupt-in-gb-over-caretaker-cabinet-appointments,Other,,,,,,429,32.74,2026-08-20T11:42:02.804936,failed,HTTP 429
https://www.dawn.com/news/1965640/shadab-abrar-sahibzada-star-as-pakistan-beat-sri-lanka-in-first-t20i,Other,,,,,,429,4.728,2026-08-20T11:42:13.202944,failed,HTTP 429
https://www.dawn.com/news/1964986/doctors-without-borders-warns-of-gaza-exit-after-israels-ban,Other,,,,,,429,35.632,2026-08-20T11:42:13.599730,failed,HTTP 429
https://www.dawn.com/news/1965639/politicos-urge-govt-opposition-talks-seek-release-of-political-workers-as-confidence-building-measure,Other,,,,,,429,10.129,2026-08-20T11:42:14.567831,failed,HTTP 429
https://www.dawn.com/news/1965634/bangladesh-in-talks-with-icc-over-fate-of-t20-world-cup-games,Other,,,,,,429,2.125,2026-08-20T11:42:17.023616,failed,HTTP 429
https://www.dawn.com/news/1965621/social-media-posts-case-imaan-hadi-file-application-seeking-to-summon-dg-ispr-as-a-witness,Other,,,,,,429,10.479,2026-08-20T11:42:25.050387,failed,HTTP 429
https://www.dawn.com/news/1965617/south-koreas-lee-says-urged-xi-to-help-curb-norths-nukes,Other,,,,,,,3.783,2026-08-20T11:42:39.321393,failed,"('Connection aborted.', ConnectionResetError(10054, 'An existing connection was forcibly closed by the remote host', None, 10054, None))"
https://www.dawn.com/news/1965644/in-pictures-robots-gadgets-and-innovations-light-up-the-future-at-ces-2026,Other,,,,,,,45.036,2026-08-20T11:42:42.964741,failed,Timeout
https://images.dawn.com/news/1194692/journalist-naeem-hanif-publicly-apologises-to-saba-qamar-over-defamatory-claims,Other,,,,,,,34.624,2026-08-20T11:42:53.841946,failed,Timeout
https://www.dawn.com/news/1965624/hospital-sources-say-4-killed-in-airstrikes-on-yemen-separatist-leader-skips-talks,Other,,,,,,429,40.098,2026-08-20T11:43:07.190785,failed,HTTP 429
https://www.dawn.com/news/1965508/unjustified-hike-in-private-schools-fee-irks-national-assembly-committee,Other,,,,,,429,2.263,2026-08-20T11:43:10.819150,failed,HTTP 429
https://www.dawn.com/news/1965540/motorways-partially-closed-due-to-dense-fog,Other,,,,,,403,5.558,2026-08-20T11:43:21.217145,failed,HTTP 403
https://www.dawn.com/news/1965518/private-school-associations-in-sindh-call-off-jan-9-strike-after-assurances-from-education-minister,Other,,,,,,403,3.767,2026-08-20T11:43:21.217686,failed,HTTP 403
https://www.dawn.com/news/1965504/first-digital-bhu-becomes-operational-in-islamabad,Other,,,,,,429,17.605,2026-08-20T11:43:25.089863,failed,HTTP 429
https://www.dawn.com/news/1965522/kmc-challenges-sealing-of-cotton-exchange-building-in-sindh-high-court,Other,,,,,,429,4.925,2026-08-20T11:43:26.145727,failed,HTTP 429
https://www.dawn.com/news/1965537/protest-against-proposed-privatisation-of-discos,Other,,,,,,429,15.799,2026-08-20T11:43:26.174944,failed,HTTP 429
https://www.dawn.com/news/1965488/tribunal-rejects-taimur-jhagras-plea-against-election-of-rival-candidate,Other,,,,,,,45.024,2026-08-20T11:43:47.524311,failed,Timeout
https://www.dawn.com/news/1965575/govt-warned-against-hasty-5g-rollout,Other,,,,,,429,11.972,2026-08-20T11:43:47.704142,failed,HTTP 429
https://www.dawn.com/news/1965567/rs25bn-plan-for-balochistans-nasirabad-uplift-unveiled,Other,,,,,,429,2.796,2026-08-20T11:43:50.320508,failed,HTTP 429
https://www.dawn.com/news/1965582/stocks-cross-185000-point-milestone,Other,,,,,,429,6.196,2026-08-20T11:43:52.928606,failed,HTTP 429
https://www.dawn.com/news/1965571/lhc-suspends-punjab-order-cancelling-e-bus-supply-contract,Other,,,,,,429,5.025,2026-08-20T11:43:57.125134,failed,HTTP 429
https://www.dawn.com/news/1965561/nvidia-unveils-ai-chip-platform-amid-rising-competition,Other,,,,,,429,34.399,2026-08-20T11:44:00.548710,failed,HTTP 429
https://www.dawn.com/news/1965589/government-mulls-fuel-levy-hike-to-aid-gas-sector,Other,,,,,,429,10.325,2026-08-20T11:44:09.255002,failed,HTTP 429
https://www.dawn.com/news/1965544/israeli-gunfire-wounds-5-in-west-bank,Other,,,,,,,45.036,2026-08-20T11:44:10.127941,failed,Timeout
https://www.dawn.com/news/1965558/us-to-lead-ukraine-ceasefire-monitoring,Other,,,,,,429,18.788,2026-08-20T11:44:17.058636,failed,HTTP 429
https://www.dawn.com/news/1966207/syrian-authorities-transferring-kurdish-fighters-from-aleppo-to-northeast,Other,,,,,,403,18.59,2026-08-20T11:44:19.141118,failed,HTTP 403
https://images.dawn.com/news/1194715/the-white-lotus-will-check-into-a-19th-century-castle-hotel-in-saint-tropez-for-season-4,Other,,,,,,429,4.391,2026-08-20T11:44:21.451694,failed,HTTP 429
https://www.dawn.com/news/1966196/pakistan-navy-successfully-tests-surface-to-air-missile-at-sea,Other,,,,,,429,2.355,2026-08-20T11:44:23.809654,failed,HTTP 429
https://www.dawn.com/news/1966198/cold-weather-prompts-punjab-sindh-to-change-school-schedules,Other,,,,,,429,10.89,2026-08-20T11:44:26.633223,failed,HTTP 429
https://www.dawn.com/news/1965566/balochistan-cm-bugti-stresses-need-to-counter-anti-state-narrative,Other,,,,,,429,40.411,2026-08-20T11:44:27.443224,failed,HTTP 429
https://images.dawn.com/news/1194713/emraan-hashmi-says-critics-of-films-like-dhurandhar-have-crap-mentality,Other,,,,,,429,5.058,2026-08-20T11:44:28.870035,failed,HTTP 429
https://www.dawn.com/news/1966192/iraqi-air-chief-praises-pafs-professionalism-expresses-keen-interest-in-jf-17-thunder-jets,Other,,,,,,429,5.689,2026-08-20T11:44:35.033370,failed,HTTP 429
https://www.dawn.com/news/1966201/iran-authorities-signal-intensified-crackdown-as-unrest-grows,Other,,,,,,,45.039,2026-08-20T11:44:53.496921,failed,Timeout
https://www.dawn.com/news/1966152,Other,,,,,,429,7.018,2026-08-20T11:44:54.061352,failed,HTTP 429
https://www.dawn.com/news/1966200/denmarks-greenland-dilemma-defending-a-territory-already-on-its-way-out,Other,,,,,,,45.032,2026-08-20T11:44:54.289857,failed,Timeout
https://www.dawn.com/news/1966127,Other,,,,,,429,4.471,2026-08-20T11:44:54.360923,failed,HTTP 429
https://www.dawn.com/news/1966068/pbc-moves-court-over-formation-of-kp-assembly-panel-for-radio-pakistan-attack-probe,Other,,,,,,403,3.228,2026-08-20T11:44:59.664390,failed,HTTP 403
https://www.dawn.com/news/1966103/two-new-dams-planned-to-ease-water-shortage-in-twin-cities,Other,,,,,,429,6.13,2026-08-20T11:45:08.104480,failed,HTTP 429
https://www.dawn.com/news/1966064/low-gas-pressure-disrupts-domestic-kitchens-amid-cold-snap-in-karachi,Other,,,,,,403,6.373,2026-08-20T11:45:20.448534,failed,HTTP 403
https://www.dawn.com/news/1966075/protesting-uop-employees-demand-placing-varsity-under-centres-control,Other,,,,,,403,24.527,2026-08-20T11:45:21.093061,failed,HTTP 403
https://www.dawn.com/news/1966185/how-cuba-was-blindsided-by-audacious-us-operation-to-capture-nicolas-maduro,Other,,,,,,,45.09,2026-08-20T11:45:22.110638,failed,Timeout
https://www.dawn.com/news/1966065/mercury-drops-to-930c-in-karachi,Other,,,,,,403,3.065,2026-08-20T11:45:23.293273,failed,HTTP 403
https://www.dawn.com/news/1966182/fo-urges-pakistanis-to-avoid-unnecessary-travel-to-iran-amid-growing-unrest,Other,,,,,,,45.025,2026-08-20T11:45:25.086847,failed,Timeout
https://www.dawn.com/news/1966096/us-to-pick-which-oil-firms-can-invest-in-venezuela-trump,Other,,,,,,429,3.01,2026-08-20T11:45:26.319443,failed,HTTP 429
https://www.dawn.com/news/1966107/israeli-strikes-kill-13-in-gaza-threaten-to-unravel-ceasefire,Other,,,,,,429,2.872,2026-08-20T11:45:26.622547,failed,HTTP 429
https://www.dawn.com/news/1966101/russia-joins-china-iran-for-naval-drills-off-south-africa,Other,,,,,,429,3.816,2026-08-20T11:45:27.227938,failed,HTTP 429
https://www.dawn.com/news/1966084/ammar-azan-hit-tons-in-presidents-trophy,Other,,,,,,429,2.325,2026-08-20T11:45:30.455985,failed,HTTP 429
https://www.dawn.com/news/1966086/sabalenka-gets-revenge-over-keys-in-brisbane,Other,,,,,,429,2.48,2026-08-20T11:45:30.770011,failed,HTTP 429
https://www.dawn.com/news/1966126/privatisation-commission-wants-islamabad-airport-privatised,Other,,,,,,429,3.051,2026-08-20T11:45:37.183370,failed,HTTP 429
https://www.dawn.com/news/1966130/groundwork-launched-with-diplomatic-outreach-for-second-minerals-forum,Other,,,,,,429,3.505,2026-08-20T11:45:43.936088,failed,HTTP 429
https://www.dawn.com/news/1966117/pm-shehbaz-woos-uae-investment-in-it-sector,Other,,,,,,403,11.527,2026-08-20T11:45:44.747454,failed,HTTP 403
https://www.dawn.com/news/1966122/ice-tyranny-lays-bare-divide-within-us-society,Other,,,,,,429,2.478,2026-08-20T11:45:50.212699,failed,HTTP 429
https://www.dawn.com/news/1966115/weekly-inflation-surges-32pc,Other,,,,,,429,17.548,2026-08-20T11:45:50.586595,failed,HTTP 429
https://www.dawn.com/news/1966041/lhc-warns-of-cases-against-pha-officials-responsible-for-cutting-trees,Other,,,,,,,45.003,2026-08-20T11:45:51.677639,failed,Timeout
https://www.dawn.com/news/1966766/bill-and-hillary-clinton-refuse-to-testify-in-house-epstein-probe-could-be-held-in-contempt,Other,,,,,,429,4.133,2026-08-20T11:45:53.428661,failed,HTTP 429
https://www.dawn.com/news/1966765/president-zardari-arrives-in-bahrains-capital-on-4-day-official-visit,Other,,,,,,429,3.569,2026-08-20T11:45:53.784306,failed,HTTP 429
https://www.dawn.com/news/1966014/deal-very-likely-turkiye-seeks-to-join-pakistan-saudi-mutual-defence-pact-report-says,Other,,,,,,429,5.748,2026-08-20T11:45:54.617807,failed,HTTP 429
https://www.dawn.com/news/1966761/social-media-platform-x-recovers-after-outage-hits-thousands-globally,Other,,,,,,429,3.31,2026-08-20T11:45:57.927462,failed,HTTP 429
https://www.dawn.com/news/1966763/imrans-sisters-pti-workers-stage-sit-in-near-pindis-adiala-jail,Other,,,,,,403,5.056,2026-08-20T11:45:59.112479,failed,HTTP 403
https://www.dawn.com/news/1966760/polio-sample-from-north-waziristan-tests-positive-taking-2025s-tally-to-31,Other,,,,,,429,5.184,2026-08-20T11:45:59.804976,failed,HTTP 429
https://www.dawn.com/news/1966764/4-terrorists-killed-in-intelligence-based-operation-in-kalat-ispr,Other,,,,,,429,6.116,2026-08-20T11:45:59.901731,failed,HTTP 429
https://www.dawn.com/news/1966751/consensus-on-matters-of-national-security-need-of-the-hour-dg-ispr-says,Other,,,,,,403,3.184,2026-08-20T11:46:07.623941,failed,HTTP 403
https://www.dawn.com/news/1966705/solo-flight,Other,,,,,,429,3.325,2026-08-20T11:46:19.051696,failed,HTTP 429
https://www.dawn.com/news/1966119/astronauts-serious-medical-condition-forces-nasa-to-end-space-station-mission-early,Other,,,,,,,45.035,2026-08-20T11:46:27.025879,failed,Timeout
https://images.dawn.com/news/1194725/review-saba-qamar-aamina-sheikh-and-naveen-waqar-carried-case-no-9-where-pakistani-tv-rarely-goes,Other,,,,,,429,21.347,2026-08-20T11:46:39.226877,failed,HTTP 429
https://images.dawn.com/news/1194724/alizeh-shah-gives-final-warning-to-yasir-nawaz-over-repeated-on-air-mentions-threatens-defamation-suit,Other,,,,,,,3.526,2026-08-20T11:46:41.272820,failed,"('Connection aborted.', ConnectionResetError(10054, 'An existing connection was forcibly closed by the remote host', None, 10054, None))"
https://www.dawn.com/news/1966759/anti-minority-hate-speech-in-india-rose-by-13pc-in-2025-us-research-group-says,Other,,,,,,,45.015,2026-08-20T11:46:42.947751,failed,Timeout
https://www.dawn.com/news/1966746/pti-violated-commitments-made-in-preparation-for-kp-cms-sindh-visit-says-sharjeel-memon,Other,,,,,,403,40.688,2026-08-20T11:46:56.177501,failed,HTTP 403
https://www.dawn.com/news/1966732/pakistan-uae-to-sign-agreement-on-pre-immigration-clearance-in-bid-to-ease-process,Other,,,,,,403,22.675,2026-08-20T11:46:59.806744,failed,HTTP 403
https://www.dawn.com/news/1966731/work-on-ml-1-railway-project-to-begin-from-karachi-port-in-july-2026-minister,Other,,,,,,403,21.508,2026-08-20T11:47:00.425515,failed,HTTP 403
https://www.dawn.com/news/1966730/china-rejects-indias-claim-over-shaksgam-valley-in-kashmir-asserts-territory-belongs-to-beijing,Other,,,,,,429,19.223,2026-08-20T11:47:00.560127,failed,HTTP 429
https://www.dawn.com/news/1966691,Other,,,,,,429,4.684,2026-08-20T11:47:00.854699,failed,HTTP 429
https://www.dawn.com/news/1966714,Other,,,,,,429,20.629,2026-08-20T11:47:04.108219,failed,HTTP 429
https://www.dawn.com/news/1966689,Other,,,,,,403,4.037,2026-08-20T11:47:06.968653,failed,HTTP 403
https://www.dawn.com/news/1966698/jcp-confirms-ihc-additional-judges-despite-opposition,Other,,,,,,429,6.056,2026-08-20T11:47:07.875764,failed,HTTP 429
https://www.dawn.com/news/1966697/7-policemen-martyred-in-kps-tank-di-khan-attacks,Other,,,,,,429,5.382,2026-08-20T11:47:08.169832,failed,HTTP 429
https://www.dawn.com/news/1966624/dept-orders-probe-into-administrative-anomalies-at-harichand-cattle-farm,Other,,,,,,403,2.528,2026-08-20T11:47:09.499861,failed,HTTP 403
https://www.dawn.com/news/1966733/over-29000-trees-removed-in-islamabad-talal-chaudhry-says-more-to-be-planted,Other,,,,,,,45.026,2026-08-20T11:47:12.051515,failed,Timeout
https://www.dawn.com/news/1966598/4-die-as-mini-truck-plunges-into-ravine-in-mirpur,Other,,,,,,403,4.204,2026-08-20T11:47:12.760333,failed,HTTP 403
https://www.dawn.com/news/1966623/more-police-deployed-in-kohistan-along-kkh-after-crackdown-on-miscreants,Other,,,,,,,18.808,2026-08-20T11:47:25.543253,failed,Timeout
https://www.dawn.com/news/1966699/law-enforcers-still-in-the-dark-on-tlp-leaders-whereabouts,Other,,,,,,403,35.179,2026-08-20T11:47:36.035248,failed,HTTP 403
https://www.dawn.com/news/1966668/somalia-cancels-all-agreements-with-uae,Other,,,,,,429,2.104,2026-08-20T11:47:37.034715,failed,HTTP 429
https://www.dawn.com/news/1966650/variawa-wins-dakar-eighth-stage-al-attiyah-retains-overall-lead,Other,,,,,,403,2.48,2026-08-20T11:47:38.517927,failed,HTTP 403
https://www.dawn.com/news/1966649/pakistan-conceded-too-many-runs-in-sl-series-decider-says-salman,Other,,,,,,,4.989,2026-08-20T11:47:40.566703,failed,"('Connection aborted.', ConnectionResetError(10054, 'An existing connection was forcibly closed by the remote host', None, 10054, None))"
https://www.dawn.com/news/1966674/automobile-sales-jump-46pc,Other,,,,,,403,2.894,2026-08-20T11:47:44.861075,failed,HTTP 403
https://www.dawn.com/news/1966611/discos-resort-to-forced-loadshedding-as-shortfall-surges-to-4000mw,Other,,,,,,403,34.638,2026-08-20T11:47:47.641287,failed,HTTP 403
https://www.dawn.com/news/1966615/pha-imposes-ban-on-tree-cutting-pruning-in-lahore-city-district,Other,,,,,,429,35.143,2026-08-20T11:47:48.902591,failed,HTTP 429
https://www.dawn.com/news/1966673/sindh-ginners-drive-historic-cotton-shift,Other,,,,,,429,9.718,2026-08-20T11:47:51.008298,failed,HTTP 429
https://www.dawn.com/news/1966682/balochistan-cm-bugti-announces-online-recruitments-for-transparency,Other,,,,,,403,11.032,2026-08-20T11:48:00.171678,failed,HTTP 403
https://www.dawn.com/news/1966683/gb-in-grip-of-severe-cold-as-3-die-of-lpg-leakage,Other,,,,,,429,4.111,2026-08-20T11:48:00.434360,failed,HTTP 429
https://www.dawn.com/news/1966644/2-suspects-shot-dead-in-mauripur-encounter-in-karachi,Other,,,,,,429,37.712,2026-08-20T11:48:00.727106,failed,HTTP 429
https://www.dawn.com/news/1966671/development-fund-utilisation-surges,Other,,,,,,,22.631,2026-08-20T11:48:03.126461,failed,"('Connection aborted.', ConnectionResetError(10054, 'An existing connection was forcibly closed by the remote host', None, 10054, None))"
https://www.dawn.com/news/1966642/reduced-gas-supply-intensifies-cold-weather-ordeal-for-karachiites,Other,,,,,,,45.041,2026-08-20T11:48:07.014179,failed,Timeout
https://www.dawn.com/news/1967324/pti-leaders-want-dialogue-but-imran-not-in-favour-of-it-rana-sanaullah,Other,,,,,,429,5.615,2026-08-20T11:48:08.741161,failed,HTTP 429
https://www.dawn.com/news/1966680/multiparty-moot-demands-end-to-illegal-raids-on-balochistan-traders,Other,,,,,,403,22.845,2026-08-20T11:48:11.750359,failed,HTTP 403
https://www.dawn.com/news/1967326/trump-threatens-tariffs-on-countries-that-dont-back-greenland-takeover-plan,Other,,,,,,429,10.031,2026-08-20T11:48:12.984353,failed,HTTP 429
https://www.dawn.com/news/1967319/governor-tessori-criticises-kp-cm-for-causing-loss-of-billions-due-to-blockades-during-karachi-visit,Other,,,,,,403,5.001,2026-08-20T11:48:15.382351,failed,HTTP 403
https://www.dawn.com/news/1967320/gaza-governance-committee-holds-first-meeting-in-cairo-egyptian-media,Other,,,,,,429,11.108,2026-08-20T11:48:18.041884,failed,HTTP 429
https://www.dawn.com/news/1967327/pakistan-u19-suffer-defeat-to-england-in-world-cup-opener,Other,,,,,,429,17.899,2026-08-20T11:48:18.073435,failed,HTTP 429
https://images.dawn.com/news/1194744/bringing-on-the-heat-how-korean-food-got-spicier-over-the-years,Other,,,,,,429,5.402,2026-08-20T11:48:23.166191,failed,HTTP 429
https://www.dawn.com/news/1967312/pm-shehbaz-relaunches-sehat-card-health-insurance-scheme-in-ict-ajk-and-gb,Other,,,,,,429,11.956,2026-08-20T11:48:30.001204,failed,HTTP 429
https://www.dawn.com/news/1967325/india-liquidates-chabahar-stakes-over-trumps-tariff-threat,Other,,,,,,429,32.075,2026-08-20T11:48:36.054792,failed,HTTP 429
https://www.dawn.com/news/1965796/why-do-so-many-people-in-pakistan-suddenly-have-a-button-phone-its-not-for-the-vibes,Other,,,,,,429,8.047,2026-08-20T11:48:36.663158,failed,HTTP 429
https://images.dawn.com/news/1194741/nobel-please-prize-x-drags-trump-for-accepting-venezuelan-opposition-leaders-medal,Other,,,,,,403,5.311,2026-08-20T11:48:38.065816,failed,HTTP 403
https://images.dawn.com/news/1194740/why-bts-announce-new-album-arirang-and-the-title-is-deeply-rooted-in-korean-history,Other,,,,,,429,2.58,2026-08-20T11:48:38.094296,failed,HTTP 429
https://www.dawn.com/news/1967311/shah-mehmood-qureshi-refuses-to-support-fawad-chaudhrys-committee-says-cant-deviate-from-ptis-policies,Other,,,,,,403,25.261,2026-08-20T11:48:42.642660,failed,HTTP 403
https://images.dawn.com/news/1194743/people-are-smarter-than-that-a-r-rahman-on-signing-bollywood-films-like-chhaava-with-anti-muslim-tropes,Other,,,,,,403,19.617,2026-08-20T11:48:42.784694,failed,HTTP 403
https://www.dawn.com/news/1967288/at-un-pakistan-voices-hope-for-early-normalisation-of-situation-in-iran-rejects-any-external-interference,Other,,,,,,429,2.909,2026-08-20T11:48:47.823500,failed,HTTP 429
https://www.dawn.com/news/1967273/visa-freeze,Other,,,,,,429,7.596,2026-08-20T11:48:53.464843,failed,HTTP 429
https://www.dawn.com/news/1967302/trump-says-he-supports-transitional-palestinian-panel-in-gaza,Other,,,,,,403,17.883,2026-08-20T11:48:55.955194,failed,HTTP 403
https://www.dawn.com/news/1966582/game-review-i-get-why-clair-obscur-expedition-33-won-game-of-the-year,Other,,,,,,403,18.107,2026-08-20T11:48:57.586821,failed,HTTP 403
https://www.dawn.com/news/1967247,Other,,,,,,429,2.267,2026-08-20T11:49:09.166703,failed,HTTP 429
https://www.dawn.com/news/1967209/exchange-companies-allowed-to-use-raast,Other,,,,,,429,3.918,2026-08-20T11:49:11.023392,failed,HTTP 429
https://www.dawn.com/news/1967222,Other,,,,,,429,18.435,2026-08-20T11:49:11.902553,failed,HTTP 429
https://www.dawn.com/news/1967171/three-children-burnt-to-death-in-fire-incidents-in-kp,Other,,,,,,429,2.321,2026-08-20T11:49:14.226690,failed,HTTP 429
https://www.dawn.com/news/1967303/bushra-bibis-daughter-moves-lhc-for-visitation-rights-to-her-mother,Other,,,,,,429,40.321,2026-08-20T11:49:15.080299,failed,HTTP 429
https://www.dawn.com/news/1967275/oil-rock-crypto,Other,,,,,,403,11.38,2026-08-20T11:49:17.667703,failed,HTTP 403
https://www.dawn.com/news/1967172/response-of-govt-ecp-sought-to-plea-against-march-towards-islamabad,Other,,,,,,429,5.497,2026-08-20T11:49:18.059313,failed,HTTP 429
https://www.dawn.com/news/1967251/saudi-arabia-pledges-500m-for-southern-yemens-uplift,Other,,,,,,429,10.399,2026-08-20T11:49:21.590050,failed,HTTP 429
https://www.dawn.com/news/1967161/lahore-consumers-face-outages-despite-lesco-zero-loadshedding-claim,Other,,,,,,429,3.669,2026-08-20T11:49:21.735869,failed,HTTP 429
https://images.dawn.com/news/1194739/annual-awami-theatre-festival-is-set-to-kick-off-in-six-days-at-arts-council,Other,,,,,,,45.053,2026-08-20T11:49:23.741024,failed,Timeout
https://www.dawn.com/news/1967267/taliban-leaders-speech-lays-bare-kandahar-vs-kabul-divide,Other,,,,,,429,18.403,2026-08-20T11:49:25.027337,failed,HTTP 429
https://www.dawn.com/news/1967221/cuba-mourns-32-troops-killed-in-us-attack,Other,,,,,,403,8.744,2026-08-20T11:49:32.485035,failed,HTTP 403
https://www.dawn.com/news/1967210/us-court-overturns-order-to-release-mahmoud-khalil,Other,,,,,,403,10.109,2026-08-20T11:49:33.577219,failed,HTTP 403
https://www.dawn.com/news/1967202/index-loses-1113-points-on-regional-tensions,Other,,,,,,429,2.339,2026-08-20T11:49:34.641666,failed,HTTP 429
https://www.dawn.com/news/1967204/toyotas-acquisition-of-mitsubishi-approved,Other,,,,,,429,3.125,2026-08-20T11:49:35.612536,failed,HTTP 429
https://www.dawn.com/news/1967187/top-seeds-dominate-at-national-snooker-championship,Other,,,,,,429,5.291,2026-08-20T11:49:36.985653,failed,HTTP 429
https://www.dawn.com/news/1967158/2115-regular-posts-of-doctors-converted-into-temporary-slots-in-punjab,Other,,,,,,429,19.013,2026-08-20T11:49:37.075592,failed,HTTP 429
https://www.dawn.com/news/1967205/cdwp-clears-rs40bn-health-cover-for-ajk-gb-ict,Other,,,,,,429,3.706,2026-08-20T11:49:37.233767,failed,HTTP 429
https://www.dawn.com/news/1967234/bilawal-touts-sindh-govt-performance-to-dispel-negative-impression,Other,,,,,,403,2.583,2026-08-20T11:49:48.766632,failed,HTTP 403
https://www.dawn.com/news/1967227/cm-bugti-takes-notice-of-gas-outages-in-balochistan,Other,,,,,,403,3.684,2026-08-20T11:49:48.971885,failed,HTTP 403
https://www.dawn.com/news/1967141/climate-minister-directs-to-tackle-rawal-lake-water-contamination,Other,,,,,,429,33.192,2026-08-20T11:49:50.863391,failed,HTTP 429
https://www.dawn.com/news/1967230/pm-shehbaz-seeks-timely-completion-of-cpec-ii,Other,,,,,,429,5.313,2026-08-20T11:49:51.089502,failed,HTTP 429
https://www.dawn.com/news/1967231/geographical-connectivity-key-to-boosting-pak-bahrain-ties-zardari,Other,,,,,,403,5.368,2026-08-20T11:49:51.539922,failed,HTTP 403
https://www.dawn.com/news/1967207/shipping-lines-adopt-official-exchange-rates,Other,,,,,,429,17.977,2026-08-20T11:49:55.055802,failed,HTTP 429
https://www.dawn.com/news/1967873/ecp-seeks-amendment-in-elections-act-to-ensure-timely-conduct-of-local-govt-polls,Other,,,,,,429,6.289,2026-08-20T11:49:57.831578,failed,HTTP 429
https://www.dawn.com/news/1967206/govt-targets-08m-overseas-jobs-this-year-minister,Other,,,,,,429,22.383,2026-08-20T11:49:59.371979,failed,HTTP 429
https://www.dawn.com/news/1967861/karachi-fires-a-timeline-of-major-blazes-and-unanswered-questions,Other,,,,,,429,2.413,2026-08-20T11:50:00.246972,failed,HTTP 429
https://www.dawn.com/news/1967864/lesson-for-all-of-us-ppps-sherry-rehman-says-no-need-to-politicise-fire-at-karachis-gul-plaza,Other,,,,,,429,3.821,2026-08-20T11:50:03.192573,failed,HTTP 429
https://www.dawn.com/news/1967862/bushra-bibis-daughter-withdraws-plea-seeking-meetings-with-her-incarcerated-mother,Other,,,,,,429,1.596,2026-08-20T11:50:03.410055,failed,HTTP 429
https://www.dawn.com/news/1967863/gul-plaza-sbca-and-the-human-cost-of-bad-governance,Other,,,,,,429,4.066,2026-08-20T11:50:03.440518,failed,HTTP 429
https://www.dawn.com/news/1967858/in-pictures-rescuers-comb-through-wreckage-of-karachis-gul-plaza-following-deadly-fire,Other,,,,,,429,2.181,2026-08-20T11:50:04.851171,failed,HTTP 429
https://www.dawn.com/news/1967851/we-want-a-new-pakistan-which-is-democratic-achakzai-addresses-lawyers-in-karachi,Other,,,,,,429,4.164,2026-08-20T11:50:12.280099,failed,HTTP 429
https://www.dawn.com/news/1967226/balochistan-releases-rs225bn-for-health-card-programme,Other,,,,,,429,33.722,2026-08-20T11:50:12.563429,failed,HTTP 429
https://www.dawn.com/news/1967868/imf-lifts-2026-global-growth-forecast-but-flags-ai-trade-risks,Other,,,,,,429,14.001,2026-08-20T11:50:12.852472,failed,HTTP 429
https://www.dawn.com/news/1967869/pti-forms-3-member-committee-to-support-members-incarcerated-in-punjab-their-families,Other,,,,,,429,21.24,2026-08-20T11:50:14.164678,failed,HTTP 429
https://www.dawn.com/news/1967838/gold-silver-hit-record-highs-as-trump-greenland-row-sparks-safety-rally,Other,,,,,,429,5.172,2026-08-20T11:50:18.252204,failed,HTTP 429
https://www.dawn.com/news/1967860/blast-kills-7-at-chinese-run-restaurant-in-afghan-capital,Other,,,,,,429,17.386,2026-08-20T11:50:19.612238,failed,HTTP 429
https://www.dawn.com/news/1967848/ptis-participation-in-jcp-meetings-conditional-upon-consultation-with-imran-barrister-gohar,Other,,,,,,,10.833,2026-08-20T11:50:24.068890,failed,"('Connection aborted.', ConnectionResetError(10054, 'An existing connection was forcibly closed by the remote host', None, 10054, None))"
https://www.dawn.com/news/1967846/bangladesh-face-deadline-over-refusal-to-play-t20-world-cup-matches-in-india,Other,,,,,,429,7.036,2026-08-20T11:50:25.290496,failed,HTTP 429
https://images.dawn.com/news/1194750/avatar-fire-and-ash-tops-north-american-box-office-for-fifth-consecutive-week-earning-172m,Other,,,,,,403,4.038,2026-08-20T11:50:29.918233,failed,HTTP 403
https://www.dawn.com/news/1967693,Other,,,,,,429,2.11,2026-08-20T11:50:39.359402,failed,HTTP 429
https://www.dawn.com/news/1967845/social-media-posts-case-ihc-grants-imaan-hadi-one-day-protective-bail,Other,,,,,,429,34.232,2026-08-20T11:50:49.006714,failed,HTTP 429
https://www.dawn.com/news/1967692,Other,,,,,,429,11.32,2026-08-20T11:50:53.827674,failed,HTTP 429
https://images.dawn.com/news/1194751/decoding-junaid-safdar-and-shanzeh-ali-rohales-regal-looks-from-their-baraat-and-valima,Other,,,,,,,45.026,2026-08-20T11:50:59.141553,failed,Timeout
https://www.dawn.com/news/1967836/high-speed-train-collision-in-spain-kills-39-injures-dozens,Other,,,,,,,45.021,2026-08-20T11:51:11.037131,failed,Timeout
https://www.dawn.com/news/1967773/the-transition-from-dollar-stores-to-discount-shops,Other,,,,,,,45.051,2026-08-20T11:51:11.435048,failed,Timeout
https://www.dawn.com/news/1967757/delayed-govt-response-blamed-for-karachis-gul-plaza-catastrophe,Other,,,,,,429,2.214,2026-08-20T11:51:14.164132,failed,HTTP 429
https://www.dawn.com/news/1967779/shark-mauls-boy-in-sydney-harbour,Other,,,,,,429,2.228,2026-08-20T11:51:18.919741,failed,HTTP 429
https://www.dawn.com/news/1967760/no-venus-fairytale-as-alcaraz-sabalenka-win-melbourne-openers,Other,,,,,,429,3.092,2026-08-20T11:51:21.029459,failed,HTTP 429
https://www.dawn.com/news/1967702/ajk-minister-warns-forest-fire-offenders-of-strict-action-seeks-public-help,Other,,,,,,403,22.239,2026-08-20T11:51:22.354200,failed,HTTP 403
https://www.dawn.com/news/1967754/a-fierce-battle-between-water-and-fire,Other,,,,,,403,18.238,2026-08-20T11:51:29.672675,failed,HTTP 403
https://www.dawn.com/news/1967785/ulema-council-hails-gaza-peace-board-invitation,Other,,,,,,429,2.65,2026-08-20T11:51:30.898493,failed,HTTP 429
https://www.dawn.com/news/1967802/world-markets-face-fresh-jolt-after-us-tariff-threat-over-greenland,Other,,,,,,,45.091,2026-08-20T11:51:31.168262,failed,Timeout
https://www.dawn.com/news/1967748/sedition-case-registered-against-zain-shah-60-other-activists,Other,,,,,,429,20.473,2026-08-20T11:51:31.510067,failed,HTTP 429
https://www.dawn.com/news/1967790/two-killed-in-dera-bugti-landmine-blast,Other,,,,,,429,5.675,2026-08-20T11:51:39.448463,failed,HTTP 429
https://www.dawn.com/news/1968456/trump-to-sue-new-york-times-over-unfavourable-opinion-poll,Other,,,,,,429,5.549,2026-08-20T11:51:44.918863,failed,HTTP 429
https://www.dawn.com/news/1967777/iraq-announces-complete-withdrawal-of-us-led-forces,Other,,,,,,429,33.748,2026-08-20T11:51:49.607172,failed,HTTP 429
https://www.dawn.com/news/1967786/civil-society-in-balochistan-alarmed-over-fast-tracked-nicotine-rule,Other,,,,,,429,22.764,2026-08-20T11:51:54.521833,failed,HTTP 429
https://www.dawn.com/news/1968442/could-voting-break-the-plastics-treaty-deadlock,Other,,,,,,429,5.59,2026-08-20T11:52:03.093096,failed,HTTP 429
https://images.dawn.com/news/1194771/the-legally-blonde-prequel-elle-is-releasing-on-july-1-with-a-second-season-in-the-works,Other,,,,,,429,3.677,2026-08-20T11:52:04.490778,failed,HTTP 429
https://www.dawn.com/news/1967763/england-afghanistan-register-solid-wins-in-u-19-world-cup,Other,,,,,,,45.106,2026-08-20T11:52:08.162442,failed,Timeout
https://www.dawn.com/news/1968437/sindh-home-minister-orders-inquiry-after-journalist-arrested-for-allegedly-firing-injuring-citizen-in-karachi,Other,,,,,,429,3.462,2026-08-20T11:52:08.646299,failed,HTTP 429
https://www.dawn.com/news/1968435/nestle-announces-60m-additional-investment-in-pakistan-to-expand-operations-in-country,Other,,,,,,429,3.571,2026-08-20T11:52:10.152804,failed,HTTP 429
https://www.dawn.com/news/1968430/oil-slips-as-investors-assess-supply-outlook,Other,,,,,,429,6.02,2026-08-20T11:52:12.948755,failed,HTTP 429
https://www.dawn.com/news/1968429/over-288000-tickets-issued-under-e-challan-system-in-karachi-since-october-sindh-igp-told,Other,,,,,,429,3.522,2026-08-20T11:52:13.676302,failed,HTTP 429
https://www.dawn.com/news/1968418/customs-issues-new-valuation-ruling-for-old-and-used-mobile-phones,Other,,,,,,429,3.544,2026-08-20T11:52:15.613078,failed,HTTP 429
https://www.dawn.com/news/1968422/mqm-p-demands-karachi-be-made-federal-territory-be-declared-financial-capital,Other,,,,,,429,6.358,2026-08-20T11:52:22.748775,failed,HTTP 429
https://www.dawn.com/news/1967794/rightsizing-plan-puts-fate-of-40-tibb-colleges-at-risk,Other,,,,,,,45.05,2026-08-20T11:52:23.644637,failed,Timeout
https://images.dawn.com/news/1194767/dangling-web-of-wires-bushra-ansari-calls-for-better-electric-safety-in-wake-of-gul-plaza-tragedy,Other,,,,,,429,10.059,2026-08-20T11:52:27.007734,failed,HTTP 429
https://images.dawn.com/news/1194765/public-grief-cannot-keep-being-met-with-rehearsed-condolences-says-durefishan-saleem-on-gul-plaza-fire,Other,,,,,,403,2.683,2026-08-20T11:52:34.639230,failed,HTTP 403
https://www.dawn.com/news/1968410/in-davos-speech-trump-repeatedly-refers-to-greenland-as-iceland,Other,,,,,,429,3.905,2026-08-20T11:52:38.546657,failed,HTTP 429
https://www.dawn.com/news/1968413/bangladesh-firm-on-not-playing-t20-world-cup-in-india,Other,,,,,,429,6.325,2026-08-20T11:52:38.682337,failed,HTTP 429
https://www.dawn.com/news/1968424/djokovic-swiatek-roll-into-australian-open-third-round-keys-defence-alive,Other,,,,,,403,25.107,2026-08-20T11:52:40.723710,failed,HTTP 403
https://www.dawn.com/news/1968436/japan-suspends-restart-of-worlds-biggest-nuclear-plant,Other,,,,,,,45.035,2026-08-20T11:52:51.461144,failed,Timeout
https://www.dawn.com/news/1968417/bangladesh-parties-launch-campaigns-for-first-post-hasina-elections,Other,,,,,,403,33.142,2026-08-20T11:52:57.387794,failed,HTTP 403
https://www.dawn.com/news/1968358/scheme-for-electric-vehicles-launched,Other,,,,,,403,12.804,2026-08-20T11:53:04.873831,failed,HTTP 403
https://www.dawn.com/news/1968278/eight-injured-in-mirali-quadcopter-attack,Other,,,,,,403,3.126,2026-08-20T11:53:06.671585,failed,HTTP 403
https://www.dawn.com/news/1968420/us-set-to-quit-world-health-organisation,Other,,,,,,,45.073,2026-08-20T11:53:08.718078,failed,Timeout
https://www.dawn.com/news/1968397/tribunal-rules-against-current-management-of-lahore-qalandars,Other,,,,,,403,25.7,2026-08-20T11:53:09.668748,failed,HTTP 403
https://www.dawn.com/news/1968359/gold-hits-record-rs506362-per-tola,Other,,,,,,429,20.591,2026-08-20T11:53:12.483223,failed,HTTP 429
https://www.dawn.com/news/1968281/peshawar-high-court-reserves-order-on-petitions-against-ban-on-ptm-its-leaders,Other,,,,,,429,3.183,2026-08-20T11:53:12.854559,failed,HTTP 429
https://www.dawn.com/news/1968272/ji-chief-opposes-fresh-military-operation-in-kp,Other,,,,,,429,5.299,2026-08-20T11:53:14.766241,failed,HTTP 429
https://www.dawn.com/news/1968288/caretaker-gb-minister-rejects-indian-propaganda,Other,,,,,,,6.609,2026-08-20T11:53:17.205547,failed,"('Connection aborted.', ConnectionResetError(10054, 'An existing connection was forcibly closed by the remote host', None, 10054, None))"
https://www.bbc.co.uk/news/topics/czm9gyw6mgnt,BBC,,,,,,,15.018,2026-08-20T11:53:23.333386,failed,Timeout
https://www.dawn.com/news/1968311/100-democrats-demand-impeachment-of-us-homeland-security-chief,Other,,,,,,429,4.779,2026-08-20T11:53:26.340186,failed,HTTP 429
https://www.dawn.com/news/1968263/nicvd-seeks-rs35bn-from-sindh-govt-to-cover-rising-operational-costs,Other,,,,,,429,22.623,2026-08-20T11:53:39.828641,failed,HTTP 429
https://www.dawn.com/news/1968324/quetta-woman-moves-fcc-to-lodge-kidnap-fir,Other,,,,,,429,2.439,2026-08-20T11:53:42.109460,failed,HTTP 429
https://www.dawn.com/news/1968357/t-bill-yields-cut-to-single-digits-after-four-years,Other,,,,,,,45.024,2026-08-20T11:53:44.376870,failed,Timeout
https://www.dawn.com/news/1968355/fitch-affirms-pakistans-debt-ratings-at-b,Other,,,,,,429,44.912,2026-08-20T11:53:47.111738,failed,HTTP 429
https://www.dawn.com/news/1969011/us-storm-leaves-850000-without-power-forces-10000-flight-cancellations,Other,,,,,,403,3.407,2026-08-20T11:54:01.098398,failed,HTTP 403
https://www.dawn.com/news/1968326/balochistan-gets-un-funded-48-solar-powered-facilities,Other,,,,,,403,19.513,2026-08-20T11:54:02.760181,failed,HTTP 403
https://www.dawn.com/news/1969007/bannu-peace-committee-member-killed-cousin-injured-in-targeted-attack-near-afghan-refugee-camp,Other,,,,,,403,3.328,2026-08-20T11:54:08.298643,failed,HTTP 403
https://www.dawn.com/news/1968319/pharmacists-in-balochistan-slam-govts-hiring-policy,Other,,,,,,429,33.268,2026-08-20T11:54:08.873923,failed,HTTP 429
https://www.dawn.com/news/1968996/death-toll-from-karachis-gul-plaza-fire-rises-to-73-23-identified-so-far,Other,,,,,,429,2.101,2026-08-20T11:54:09.452698,failed,HTTP 429
https://www.dawn.com/news/1969005/pcb-announces-player-auctions-for-upcoming-pakistan-super-league-on-feb-11,Other,,,,,,,3.537,2026-08-20T11:54:11.837863,failed,"('Connection aborted.', ConnectionResetError(10054, 'An existing connection was forcibly closed by the remote host', None, 10054, None))"
https://www.dawn.com/news/1968340/alert-issued-as-pakistan-braces-for-widespread-rains-today,Other,,,,,,429,18.858,2026-08-20T11:54:12.144758,failed,HTTP 429
https://www.dawn.com/news/1968295/veteran-asif-clinches-national-snooker-golden-jubilee-title,Other,,,,,,,45.05,2026-08-20T11:54:12.703067,failed,Timeout
https://www.dawn.com/news/1969012/indonesia-resumes-search-for-80-after-landslide-kills-10-in-west-java,Other,,,,,,429,21.297,2026-08-20T11:54:14.733988,failed,HTTP 429
https://www.dawn.com/news/1968993/bangladesh-says-ex-captain-shakib-al-hasan-can-return-for-national-team-selection,Other,,,,,,429,8.046,2026-08-20T11:54:29.672680,failed,HTTP 429
https://www.dawn.com/news/1968956/winter-misery,Other,,,,,,429,2.831,2026-08-20T11:54:29.846169,failed,HTTP 429
https://www.dawn.com/news/1969002/minneapolis-shooting-what-the-videos-show,Other,,,,,,429,18.075,2026-08-20T11:54:29.995919,failed,HTTP 429
https://www.dawn.com/news/1968991/armed-forces-federal-govt-have-not-issued-any-orders-for-depopulation-of-tirah-information-ministry,Other,,,,,,429,4.132,2026-08-20T11:54:30.992927,failed,HTTP 429
https://www.dawn.com/news/1968957/no-dissent,Other,,,,,,429,4.891,2026-08-20T11:54:38.183510,failed,HTTP 429
https://www.dawn.com/news/1968948/pakistan-somalia-abolish-visas-for-diplomats,Other,,,,,,403,3.544,2026-08-20T11:54:43.749984,failed,HTTP 403
https://www.dawn.com/news/1968930,Other,,,,,,429,4.708,2026-08-20T11:54:44.639208,failed,HTTP 429
https://www.dawn.com/news/1969010/sindh-govt-extends-school-opening-timings-for-next-10-days-due-to-cold-weather,Other,,,,,,,45.101,2026-08-20T11:54:48.996839,failed,Timeout
https://www.dawn.com/news/1968947/balochistan-revives-164-bhus,Other,,,,,,429,9.213,2026-08-20T11:54:50.353659,failed,HTTP 429
https://www.dawn.com/news/1968962/staying-relevant,Other,,,,,,,45.038,2026-08-20T11:55:14.822108,failed,Timeout
https://www.dawn.com/news/1968961/the-least-bad-option,Other,,,,,,,45.148,2026-08-20T11:55:14.822933,failed,Timeout
https://www.dawn.com/news/1968954/five-killed-in-gb-balochistan-amid-cold-wave,Other,,,,,,,45.09,2026-08-20T11:55:18.894674,failed,Timeout
https://www.dawn.com/news/1968822/two-security-men-injured-in-bannu-clash-with-terrorists,Other,,,,,,,45.008,2026-08-20T11:55:28.760199,failed,Timeout
https://www.dawn.com/news/1968852/railways-minister-announces-formation-of-rawalpindi-tigers-cricket-team,Other,,,,,,,45.026,2026-08-20T11:55:36.601386,failed,Timeout
https://www.dawn.com/news/1968916/eight-dead-more-than-80-missing-in-indonesia-landslide,Other,,,,,,,19.192,2026-08-20T11:55:57.453660,failed,Timeout
https://www.dawn.com/news/1968900/wins-for-sngpl-sbp-and-krl-in-presidents-trophy,Other,,,,,,403,36.03,2026-08-20T11:56:01.349876,failed,HTTP 403
https://www.dawn.com/news/1969548/all-you-need-to-know-about-nipah-virus,Other,,,,,,403,10.419,2026-08-20T11:56:09.172493,failed,HTTP 403
https://www.dawn.com/news/1968926/maritime-sector-posts-record-rs100bn-profit-in-2025,Other,,,,,,403,35.976,2026-08-20T11:56:12.254497,failed,HTTP 403
https://www.dawn.com/news/1968899/vernon-avoids-crashes-to-win-fourth-stage-of-tour-down-under,Other,,,,,,,57.396,2026-08-20T11:56:15.659410,failed,"HTTPSConnectionPool(host='www.dawn.com', port=443): Read timed out."
https://www.dawn.com/news/1968927/firm-gets-nod-to-use-ntdc-network-for-renewable-project,Other,,,,,,,45.009,2026-08-20T11:56:21.491731,failed,Timeout
https://www.dawn.com/news/1968929/safe-haven-demand-pushes-gold-silver-prices-up,Other,,,,,,,45.01,2026-08-20T11:56:22.489242,failed,Timeout
https://www.dawn.com/news/1969546/26-countries-including-pakistan-named-founding-members-of-trump-led-board-of-peace,Other,,,,,,403,24.234,2026-08-20T11:56:30.554104,failed,HTTP 403
https://www.dawn.com/news/1969532/governor-kundi-blames-barrage-of-statements-by-kp-govt-for-tirah-exodus,Other,,,,,,403,3.438,2026-08-20T11:56:33.858986,failed,HTTP 403
https://www.dawn.com/news/1969531/sindh-high-court-dismisses-plea-seeking-student-union-elections-at-karachi-university,Other,,,,,,,17.047,2026-08-20T11:56:34.908569,failed,Timeout
https://www.dawn.com/news/1969551/us-agents-involved-in-latest-minneapolis-shooting-put-on-leave-reports,Other,,,,,,,45.149,2026-08-20T11:56:39.433564,failed,Timeout
https://www.dawn.com/news/1969516/golds-rally-continues-past-5200-after-dollar-plunges-to-near-four-year-low,Other,,,,,,429,3.708,2026-08-20T11:56:44.008286,failed,HTTP 429
https://images.dawn.com/news/1194802/from-ziaul-haqs-era-to-gaza-and-homesickness-the-politics-that-shapes-salima-hashmis-art,Other,,,,,,403,8.816,2026-08-20T11:56:45.938137,failed,HTTP 403
https://www.dawn.com/news/1969518/five-players-move-to-platinum-as-pcb-confirms-local-player-category-renewals-for-upcoming-psl-season,Other,,,,,,429,4.113,2026-08-20T11:56:46.150583,failed,HTTP 429
https://images.dawn.com/news/1194801,Other,,,,,,429,5.344,2026-08-20T11:56:47.806069,failed,HTTP 429
https://www.dawn.com/news/1969419,Other,,,,,,,5.783,2026-08-20T11:56:51.834348,failed,"('Connection aborted.', ConnectionResetError(10054, 'An existing connection was forcibly closed by the remote host', None, 10054, None))"
https://www.dawn.com/news/1969530/australian-squad-arrives-in-lahore-for-t20i-series-ahead-of-icc-world-cup,Other,,,,,,429,18.719,2026-08-20T11:56:54.340136,failed,HTTP 429
https://www.dawn.com/news/1969511/saudi-arabia-wont-allow-airspace-to-be-used-for-military-action-against-iran-crown-prince-says,Other,,,,,,429,8.867,2026-08-20T11:56:57.343086,failed,HTTP 429
https://www.dawn.com/news/1969533/man-killed-in-ied-blast-in-bajaur,Other,,,,,,,30.931,2026-08-20T11:57:01.285378,failed,Timeout
https://www.dawn.com/news/1969523/kse-100-closes-marginally-higher-at-18838038-points,Other,,,,,,403,32.752,2026-08-20T11:57:09.829508,failed,HTTP 403
https://www.dawn.com/news/1969496,Other,,,,,,403,5.327,2026-08-20T11:57:10.351679,failed,HTTP 403
https://www.dawn.com/news/1969495/mqm-seeks-federal-govt-intervention-in-sindh,Other,,,,,,403,5.643,2026-08-20T11:57:19.845109,failed,HTTP 403
https://www.dawn.com/news/1969468/nccia-moves-appeal-before-supreme-court-in-blasphemy-case,Other,,,,,,429,3.493,2026-08-20T11:57:20.528250,failed,HTTP 429
https://images.dawn.com/news/1194799/arijit-singh-quitting-playback-singing-was-not-on-anyones-2026-bingo-card,Other,,,,,,429,36.323,2026-08-20T11:57:23.228118,failed,HTTP 429
https://www.dawn.com/news/1969464,Other,,,,,,429,19.462,2026-08-20T11:57:23.236069,failed,HTTP 429
https://www.dawn.com/news/1969520/lhc-seeks-govt-response-on-plea-seeking-to-ban-social-media-for-under-16s,Other,,,,,,,45.014,2026-08-20T11:57:25.933257,failed,Timeout
https://www.dawn.com/news/1969449/pakistans-macroeconomic-outlook-to-strengthen-sampp,Other,,,,,,429,3.296,2026-08-20T11:57:33.320649,failed,HTTP 429
https://www.dawn.com/news/1969471/quetta-chamber-of-commerce-and-industry-urges-relief-for-haleem-plaza-fire-victims,Other,,,,,,429,11.793,2026-08-20T11:57:35.026605,failed,HTTP 429
https://www.dawn.com/news/1969451/sazgar-honda-profits-rise,Other,,,,,,429,5.059,2026-08-20T11:57:35.532710,failed,HTTP 429
https://www.dawn.com/news/1969412/children-flouting-kite-flying-law-will-be-fined-heavily,Other,,,,,,,45.013,2026-08-20T11:57:38.247947,failed,Timeout
https://www.dawn.com/news/1969418/root-brook-tons-fire-england-to-odi-series-win-over-sl,Other,,,,,,,5.368,2026-08-20T11:57:42.920331,failed,"('Connection aborted.', ConnectionResetError(10054, 'An existing connection was forcibly closed by the remote host', None, 10054, None))"
https://www.dawn.com/news/1969423/pakistan-rout-nz-to-stay-in-semi-final-hunt,Other,,,,,,403,9.196,2026-08-20T11:57:47.443892,failed,HTTP 403
https://www.dawn.com/news/1969450/social-spending-drops-despite-imf-pledge,Other,,,,,,429,17.358,2026-08-20T11:57:47.504510,failed,HTTP 429
https://www.dawn.com/news/1969386/swat-officially-bifurcated-into-two-districts,Other,,,,,,429,3.357,2026-08-20T11:57:50.469981,failed,HTTP 429
https://www.dawn.com/news/1969491/xi-says-china-seeks-to-uphold-un-based-order,Other,,,,,,429,4.138,2026-08-20T11:57:50.579991,failed,HTTP 429
https://www.dawn.com/news/1969476/at-un-pakistan-vows-to-prevent-desertification-of-its-fertile-plains,Other,,,,,,429,26.191,2026-08-20T11:57:51.142751,failed,HTTP 429
https://www.dawn.com/news/1969388/sho-martyred-during-clash-with-criminals-in-lakki,Other,,,,,,429,4.623,2026-08-20T11:57:54.565174,failed,HTTP 429
https://www.dawn.com/news/1969398/na-body-directs-immediate-removal-of-unnecessary-checkposts-in-islamabad,Other,,,,,,429,4.041,2026-08-20T11:57:54.964355,failed,HTTP 429
https://www.dawn.com/news/1969453/pakistan-australia-eye-mining-partnership,Other,,,,,,403,20.383,2026-08-20T11:57:57.760401,failed,HTTP 403
https://www.dawn.com/news/1969433/much-delayed-exploration-at-rohri-hills-finally-gets-underway,Other,,,,,,429,2.976,2026-08-20T11:57:57.942008,failed,HTTP 429
https://www.dawn.com/news/1969443/hamas-seeks-role-for-its-police-in-gaza-ahead-of-talks,Other,,,,,,,45.013,2026-08-20T11:58:00.283258,failed,Timeout
https://www.dawn.com/news/1969389/court-approves-rs4-billion-plea-bargain-of-contractor-in-kohistan-graft-case,Other,,,,,,429,9.905,2026-08-20T11:58:00.377341,failed,HTTP 429
https://www.dawn.com/news/1969472/pakistan-renews-resolve-to-eradicate-polio-this-year,Other,,,,,,429,37.57,2026-08-20T11:58:00.810058,failed,HTTP 429
https://www.dawn.com/news/1969417/govt-wants-to-grab-sialkot-university-land-for-dist-complex,Other,,,,,,429,10.211,2026-08-20T11:58:04.779118,failed,HTTP 429
https://www.dawn.com/news/1969441/another-day-of-ruckus-in-sindh-assembly,Other,,,,,,429,6.098,2026-08-20T11:58:06.096156,failed,HTTP 429
https://www.dawn.com/news/1969440/clothing-brand-courier-firm-put-on-notice-for-sending-flour-bag-instead-of-garments,Other,,,,,,403,17.019,2026-08-20T11:58:12.496309,failed,HTTP 403
https://images.dawn.com/news/1194819/karachi-literature-festival-to-be-held-from-feb-6-to-8,Other,,,,,,429,9.735,2026-08-20T11:58:14.482176,failed,HTTP 429
https://www.dawn.com/news/1970116/one-person-killed-14-hurt-in-blast-in-iranian-port-of-bandar-abbas-local-media,Other,,,,,,429,9.571,2026-08-20T11:58:15.113790,failed,HTTP 429
https://www.dawn.com/news/1969377/lhc-upholds-order-restraining-meesha-shafi-from-making-sexual-harassment-claims-against-ali-zafar,Other,,,,,,,15.611,2026-08-20T11:58:15.834192,failed,"('Connection aborted.', RemoteDisconnected('Remote end closed connection without response'))"
https://www.dawn.com/news/1970109/ppp-worker-shot-dead-in-karachi-police,Other,,,,,,403,4.401,2026-08-20T11:58:16.899539,failed,HTTP 403
https://www.dawn.com/news/1970121/ajk-president-sultan-mehmood-chaudhry-passes-away-at-71,Other,,,,,,429,16.771,2026-08-20T11:58:17.582911,failed,HTTP 429
https://www.dawn.com/news/1970106/injured-cummins-out-of-t20-world-cup-dwarshuis-in-australia-squad,Other,,,,,,429,1.874,2026-08-20T11:58:18.874705,failed,HTTP 429
https://images.dawn.com/news/1194816/review-the-kamyarverse-united-unhinged-characters-to-spread-horror-in-meri-zindagi-hai-tu,Other,,,,,,429,4.511,2026-08-20T11:58:18.994623,failed,HTTP 429
https://www.dawn.com/news/1970108/pakistan-overpower-australia-to-clinch-t201-series,Other,,,,,,429,2.615,2026-08-20T11:58:19.518388,failed,HTTP 429
https://www.dawn.com/news/1970104/us-govt-shuts-down-but-quick-resolution-expected,Other,,,,,,429,3.83,2026-08-20T11:58:21.415780,failed,HTTP 429
https://www.dawn.com/news/1970099/lahore-manhole-deaths-court-approves-4-day-physical-remand-of-suspects,Other,,,,,,429,3.363,2026-08-20T11:58:24.615341,failed,HTTP 429
https://www.dawn.com/news/1970098/united-states-approves-major-arms-deals-to-saudi-arabia-israel,Other,,,,,,429,3.44,2026-08-20T11:58:24.824210,failed,HTTP 429
https://www.dawn.com/news/1969969/displaced-persons-from-tirah-protest-delay-in-payment-of-transport-fare,Other,,,,,,403,2.974,2026-08-20T11:58:34.937999,failed,HTTP 403
https://www.dawn.com/news/1969416/two-burnt-to-death-in-sugar-mills-fire-in-kot-addu,Other,,,,,,,45.019,2026-08-20T11:58:39.198656,failed,Timeout
https://www.dawn.com/news/1970047,Other,,,,,,403,17.641,2026-08-20T11:58:43.546388,failed,HTTP 403
https://www.dawn.com/news/1969972/pakistan-china-friendship-growing-stronger-cm-aide,Other,,,,,,429,7.378,2026-08-20T11:58:45.844641,failed,HTTP 429
https://www.dawn.com/news/1970024/gujranwala-mc-chief-officer-arrested-on-graft-charges,Other,,,,,,429,2.841,2026-08-20T11:58:48.754633,failed,HTTP 429
https://www.dawn.com/news/1970119/france-tightens-infant-formula-rules-after-toxin-scare,Other,,,,,,,45.029,2026-08-20T11:58:49.609445,failed,Timeout
https://www.dawn.com/news/1970113/ice-cool-rybakina-beats-sabalenka-in-tense-australian-open-final,Other,,,,,,,45.017,2026-08-20T11:58:57.109647,failed,Timeout
https://www.dawn.com/news/1970050/weekly-inflation-rises-45pc,Other,,,,,,429,2.838,2026-08-20T11:59:06.348099,failed,HTTP 429
https://www.dawn.com/news/1970051/govt-to-hire-experts-to-fast-track-privatisation,Other,,,,,,429,1.668,2026-08-20T11:59:07.189082,failed,HTTP 429
https://www.dawn.com/news/1970034/afghanistan-england-cruise-into-u-19-world-cup-semis,Other,,,,,,429,4.881,2026-08-20T11:59:08.252876,failed,HTTP 429
https://www.dawn.com/news/1969997/karachi-mayor-wahab-orders-kmc-affairs-probe-after-graft-allegations-surface,Other,,,,,,429,19.472,2026-08-20T11:59:11.145703,failed,HTTP 429
https://www.dawn.com/news/1970074/nokundi-elders-seek-dissolution-of-reko-diq-body,Other,,,,,,429,2.835,2026-08-20T11:59:13.860672,failed,HTTP 429
https://www.dawn.com/news/1970079/pti-founder-wants-ihc-cases-consolidated,Other,,,,,,429,1.636,2026-08-20T11:59:15.565833,failed,HTTP 429
https://www.dawn.com/news/1970081/sc-judges-stress-reforms-in-district-judiciary,Other,,,,,,429,1.617,2026-08-20T11:59:15.979636,failed,HTTP 429
https://www.dawn.com/news/1970058/sc-unhappy-with-archaic-police-terms-in-sindh,Other,,,,,,429,1.622,2026-08-20T11:59:21.104707,failed,HTTP 429
https://www.dawn.com/news/1969983/parliamentary-panel-voices-concern-over-tree-felling-in-islamabad,Other,,,,,,429,38.665,2026-08-20T11:59:21.870655,failed,HTTP 429
https://www.dawn.com/news/1970083/centre-kp-government-deny-permitting-tirah-operation,Other,,,,,,429,2.747,2026-08-20T11:59:22.770614,failed,HTTP 429
https://www.dawn.com/news/1970088/iran-rules-out-defence-curbs-amid-mediation-push,Other,,,,,,429,1.765,2026-08-20T11:59:22.871674,failed,HTTP 429
https://images.dawn.com/news/1194813/schitts-creek-and-home-alone-star-catherine-ohara-passes-away-at-71,Other,,,,,,429,2.759,2026-08-20T11:59:24.629465,failed,HTTP 429
https://www.dawn.com/news/1970836/china-condemns-balochistan-attacks-says-it-will-always-support-pakistan-in-combatting-terrorism,Other,,,,,,429,2.574,2026-08-20T11:59:27.944380,failed,HTTP 429
https://www.dawn.com/news/1970840/federal-constitutional-court-disposes-of-arshad-sharif-suo-motu-case,Other,,,,,,429,5.112,2026-08-20T11:59:29.516919,failed,HTTP 429
https://www.dawn.com/news/1970826/pti-wraps-up-late-night-sit-in-near-adiala-jail-imran-remains-out-of-reach,Other,,,,,,429,3.868,2026-08-20T11:59:47.511996,failed,HTTP 429
https://www.dawn.com/news/1970716/haleji-lake-begs-for-attention-on-world-wetlands-day,Other,,,,,,429,1.532,2026-08-20T11:59:51.356588,failed,HTTP 429
https://www.dawn.com/news/1970054/local-gold-plunges-by-rs35500-per-tola,Other,,,,,,,45.026,2026-08-20T11:59:53.344252,failed,Timeout
https://www.dawn.com/news/1970075/gas-leakage-claims-four-lives-in-quetta,Other,,,,,,,45.06,2026-08-20T11:59:58.920052,failed,Timeout
https://www.dawn.com/news/1970822/russia-says-india-has-not-said-it-will-halt-oil-purchases-following-us-trade-deal-announcement,Other,,,,,,403,8.913,2026-08-20T11:59:59.428287,failed,HTTP 403
https://www.dawn.com/news/1970810/rao-abdul-kareem-notified-as-new-punjab-police-chief-former-ig-appointed-dg-fia-in-major-reshuffle,Other,,,,,,429,3.573,2026-08-20T12:00:02.493124,failed,HTTP 429
https://www.dawn.com/news/1970828/tree-cutting-drive-in-islamabad-conducted-on-orders-from-pm-office-ihc-told,Other,,,,,,429,19.152,2026-08-20T12:00:03.070055,failed,HTTP 429
https://images.dawn.com/news/1194831/every-pakistani-kitchen-has-a-saag-story-mine-starts-with-popeye,Other,,,,,,403,9.328,2026-08-20T12:00:05.871302,failed,HTTP 403
https://www.dawn.com/news/1970804/pakistan-azerbaijan-naval-chiefs-pledge-to-strengthen-bilateral-defence-ties-ispr,Other,,,,,,429,2.761,2026-08-20T12:00:06.479397,failed,HTTP 429
https://www.dawn.com/news/1970812/shireen-mazari-moves-ihc-for-meeting-with-imaan-hadi,Other,,,,,,429,16.65,2026-08-20T12:00:16.080395,failed,HTTP 429
https://www.dawn.com/news/1970798/american-colony-indian-opposition-slams-modis-bjp-government-for-us-india-trade-deal,Other,,,,,,429,2.214,2026-08-20T12:00:16.132487,failed,HTTP 429
https://www.dawn.com/news/1970818/pakistan-invited-to-participate-in-upcoming-us-iran-talks-fo,Other,,,,,,,45.026,2026-08-20T12:00:35.748430,failed,Timeout
https://www.dawn.com/news/1970815/lhc-issues-notices-seeks-replies-from-punjab-govt-others-in-lahore-manhole-deaths-case,Other,,,,,,,45.017,2026-08-20T12:00:36.375637,failed,Timeout
https://images.dawn.com/news/1194829/k-pop-super-group-bts-comeback-concert-will-stream-live-on-netflix-on-march-20,Other,,,,,,,45.028,2026-08-20T12:00:44.344730,failed,Timeout
https://www.dawn.com/news/1970132,Other,,,,,,,45.024,2026-08-20T12:00:55.201434,failed,Timeout
https://www.dawn.com/news/1970788/trump-warns-of-bad-things-if-no-deal-reached-with-iran,Other,,,,,,403,32.828,2026-08-20T12:00:59.531758,failed,HTTP 403
https://www.dawn.com/news/1970772,Other,,,,,,403,40.589,2026-08-20T12:01:00.156523,failed,HTTP 403
https://www.dawn.com/news/1970657/auction-of-exclusive-vehicle-registration-numbers-on-14th,Other,,,,,,403,24.126,2026-08-20T12:01:02.188327,failed,HTTP 403
https://www.dawn.com/news/1970723/oil-slides-gold-loses-lustre,Other,,,,,,429,2.724,2026-08-20T12:01:10.334057,failed,HTTP 429
https://www.dawn.com/news/1970725/urea-sales-plunge-to-six-year-low,Other,,,,,,429,2.512,2026-08-20T12:01:10.879162,failed,HTTP 429
https://www.dawn.com/news/1970735/us-talking-deal-with-highest-people-in-cuba-says-trump,Other,,,,,,,25.547,2026-08-20T12:01:25.892072,failed,"('Connection aborted.', ConnectionResetError(10054, 'An existing connection was forcibly closed by the remote host', None, 10054, None))"
https://www.dawn.com/news/1970758/mqm-p-accuses-ppp-of-double-standards-on-new-provinces,Other,,,,,,403,2.816,2026-08-20T12:01:26.628771,failed,HTTP 403
https://www.dawn.com/news/1970687/lhc-moved-against-polluting-brick-kilns,Other,,,,,,,45.033,2026-08-20T12:01:28.006045,failed,Timeout
https://www.dawn.com/news/1970706/city-stunned-as-solanke-magic-earns-tottenham-draw,Other,,,,,,429,22.699,2026-08-20T12:01:30.064717,failed,HTTP 429
https://www.dawn.com/news/1970728/pakistan-uzbekistan-eye-2bn-trade-in-two-years,Other,,,,,,429,20.129,2026-08-20T12:01:30.463828,failed,HTTP 429
https://www.dawn.com/news/1970726/uptick-in-exports-after-five-months,Other,,,,,,429,20.535,2026-08-20T12:01:30.868895,failed,HTTP 429
https://www.dawn.com/news/1970759/fia-directed-to-submit-challan-in-pti-prohibited-funding-case,Other,,,,,,429,2.543,2026-08-20T12:01:30.876751,failed,HTTP 429
https://www.dawn.com/news/1970752/pakistan-libya-to-deepen-defence-ties,Other,,,,,,403,3.766,2026-08-20T12:01:32.827446,failed,HTTP 403
https://www.dawn.com/news/1970730/israel-bombs-civilian-areas-in-lebanon,Other,,,,,,429,4.011,2026-08-20T12:01:33.425963,failed,HTTP 429
https://www.dawn.com/news/1971438/white-house-deletes-racist-trump-post-depicting-obamas-as-apes,Other,,,,,,429,3.509,2026-08-20T12:01:35.800416,failed,HTTP 429
https://www.dawn.com/news/1971426/hamdard-pakistan-marks-wellness-redefined-at-the-third-shaheed-hakim-mohammed-said-awards-in-lahore,Other,,,,,,429,16.724,2026-08-20T12:01:52.084081,failed,HTTP 429
https://www.dawn.com/news/1971451/fire-erupts-at-factory-in-karachis-landhi,Other,,,,,,429,21.633,2026-08-20T12:01:52.964507,failed,HTTP 429
https://images.dawn.com/news/1194848/naseeruddin-shah-is-not-happy-after-being-disinvited-from-mumbai-university-urdu-event,Other,,,,,,429,1.625,2026-08-20T12:01:53.145236,failed,HTTP 429
https://www.dawn.com/news/1970751/fiji-to-host-commonwealth-law-ministers,Other,,,,,,,45.006,2026-08-20T12:02:00.582480,failed,Timeout
https://www.dawn.com/news/1969526/from-guardrails-to-gaslighting-how-the-grok-fiasco-redefined-ai-accountability,Other,,,,,,429,4.632,2026-08-20T12:02:11.112510,failed,HTTP 429
https://www.dawn.com/news/1971408/train-services-suspended-once-again-in-balochistan,Other,,,,,,403,8.996,2026-08-20T12:02:12.476463,failed,HTTP 403
https://www.dawn.com/news/1971404/us-expresses-solidarity-after-balochistan-attacks-says-it-stands-steadfast-with-pakistan,Other,,,,,,429,5.175,2026-08-20T12:02:13.679949,failed,HTTP 429
https://www.dawn.com/news/1971452/in-pictures-islamabad-in-mourning-after-suicide-blast-at-imambargah-during-friday-prayers,Other,,,,,,,45.027,2026-08-20T12:02:14.563998,failed,Timeout
https://www.dawn.com/news/1971449/why-pakistans-squad-at-this-years-t20-world-cup-feels-like-a-team-again,Other,,,,,,,45.094,2026-08-20T12:02:17.203391,failed,Timeout
https://www.dawn.com/news/1971391/moonis-alvi-tenders-resignation-as-ke-ceo,Other,,,,,,429,1.708,2026-08-20T12:02:19.092810,failed,HTTP 429
https://www.dawn.com/news/1971362,Other,,,,,,403,3.209,2026-08-20T12:02:20.412138,failed,HTTP 403
https://www.dawn.com/news/1971403/bearish-momentum-seen-as-kse-100-closes-in-the-red,Other,,,,,,403,11.203,2026-08-20T12:02:23.681123,failed,HTTP 403
https://www.dawn.com/news/1971359,Other,,,,,,429,10.101,2026-08-20T12:02:23.955054,failed,HTTP 429
https://www.dawn.com/news/1971384/rallies-seminars-condemn-indian-atrocities-in-kashmir,Other,,,,,,429,5.239,2026-08-20T12:02:24.334127,failed,HTTP 429
https://images.dawn.com/news/1194849/pop-culture-science-educator-bill-nye-to-receive-lifetime-achievement-award-at-childrens-amp-family-emmys,Other,,,,,,429,33.107,2026-08-20T12:02:24.574323,failed,HTTP 429
https://www.dawn.com/news/1971388/tribal-elder-contractor-killed-in-bannu-attacks,Other,,,,,,403,9.136,2026-08-20T12:02:27.521366,failed,HTTP 403
https://www.dawn.com/news/1971298,Other,,,,,,403,3.028,2026-08-20T12:02:27.540798,failed,HTTP 403
https://www.dawn.com/news/1971372/lahore-high-court-in-rawalpindi-suspends-implementation-of-punjab-local-govt-act-2025,Other,,,,,,403,3.211,2026-08-20T12:02:27.545862,failed,HTTP 403
https://www.dawn.com/news/1971276/riot-of-colours-in-lahore-sky-after-18-year-long-hiatus,Other,,,,,,429,1.652,2026-08-20T12:02:30.364394,failed,HTTP 429
https://www.dawn.com/news/1971283/mayor-inaugurates-flower-show-at-zoo,Other,,,,,,429,1.616,2026-08-20T12:02:30.555433,failed,HTTP 429
https://www.dawn.com/news/1971267/over-20000-sanitary-workers-for-basant,Other,,,,,,429,6.363,2026-08-20T12:02:31.522933,failed,HTTP 429
https://images.dawn.com/news/1194846/from-manora-to-colombo-artists-researchers-gather-in-sri-lanka-to-explore-ties-to-the-indian-ocean,Other,,,,,,429,38.913,2026-08-20T12:02:33.112206,failed,HTTP 429
https://www.dawn.com/news/1971274/lhc-seeks-law-on-womans-marriage-status-after-conversion,Other,,,,,,429,6.153,2026-08-20T12:02:34.820133,failed,HTTP 429
https://www.dawn.com/news/1971331/un-unveils-independent-panel-on-ai,Other,,,,,,429,4.014,2026-08-20T12:02:39.498198,failed,HTTP 429
https://www.dawn.com/news/1971322/trump-declines-to-take-sides-between-vance-rubio-in-successor-debate,Other,,,,,,429,5.567,2026-08-20T12:02:39.556441,failed,HTTP 429
https://images.dawn.com/news/1194817/eight-valentines-day-bouquet-ideas-that-dont-scream-i-panicked-on-the-way-here,Other,,,,,,,45.03,2026-08-20T12:02:44.057574,failed,Timeout
https://www.dawn.com/news/1971305/mani-urges-icc-chief-to-personally-address-pakistans-grievances,Other,,,,,,429,3.313,2026-08-20T12:02:44.160788,failed,HTTP 429
https://www.dawn.com/news/1971319/lens-cruise-into-french-cup-quarters-endrick-sends-lyon-through,Other,,,,,,429,2.828,2026-08-20T12:02:46.024400,failed,HTTP 429
https://www.dawn.com/news/1971297/karachi-industrialists-propose-solar-powered-charity-model,Other,,,,,,429,2.653,2026-08-20T12:02:48.678080,failed,HTTP 429
https://www.dawn.com/news/1971324/japans-first-woman-pm-tipped-for-thumping-election-win,Other,,,,,,429,17.534,2026-08-20T12:02:52.356216,failed,HTTP 429
https://www.dawn.com/news/1971301/ecb-boe-hold-rates-steady,Other,,,,,,429,4.963,2026-08-20T12:02:52.710152,failed,HTTP 429
https://www.dawn.com/news/1971333/kashmir-solidarity-day-observed-in-balochistan,Other,,,,,,429,3.633,2026-08-20T12:02:56.341255,failed,HTTP 429
https://www.dawn.com/news/1971369/kashmir-termed-dangerous-nuclear-flashpoint-in-south-asia,Other,,,,,,429,32.471,2026-08-20T12:02:57.047030,failed,HTTP 429
https://www.dawn.com/news/1971336/family-publicly-disowns-man-over-terror-ties,Other,,,,,,429,2.0,2026-08-20T12:02:57.657734,failed,HTTP 429
https://www.dawn.com/news/1971308/indias-stranglehold-on-cricket-questioned-after-pakistans-show-of-solidarity-with-bd,Other,,,,,,429,16.91,2026-08-20T12:02:58.204049,failed,HTTP 429
https://www.dawn.com/news/1971339/uk-police-charge-three-more-in-shehzad-akbar-attack-case,Other,,,,,,429,2.838,2026-08-20T12:03:00.497987,failed,HTTP 429
https://www.dawn.com/news/1971342/pakistan-stresses-multilateral-cooperation-with-cambodia,Other,,,,,,429,2.703,2026-08-20T12:03:00.845576,failed,HTTP 429
https://www.dawn.com/news/1971389/families-directed-to-approach-nadra-for-clearance-certificates-under-citizenship-law,Other,,,,,,,45.015,2026-08-20T12:03:02.470605,failed,Timeout
https://www.dawn.com/news/1971340/pemra-remains-headless-as-new-chief-awaits-pm-office-nod,Other,,,,,,429,20.106,2026-08-20T12:03:18.041980,failed,HTTP 429
https://www.dawn.com/news/1972086/pakistan-to-play-t20-world-cup-match-against-india-govt-announces,Other,,,,,,429,4.15,2026-08-20T12:03:19.225571,failed,HTTP 429
https://www.dawn.com/news/1972085/khawaja-asif-stresses-need-for-national-identity-as-na-passes-resolution-condemning-islamabad-suicide-attack,Other,,,,,,429,6.457,2026-08-20T12:03:21.922720,failed,HTTP 429
https://www.dawn.com/news/1972074/psl-franchise-multan-sultans-sold-for-record-rs245bn-new-owner-says-name-will-be-changed-to-rawalpindi,Other,,,,,,429,5.189,2026-08-20T12:03:24.415716,failed,HTTP 429
https://www.dawn.com/news/1972078/zimbabwe-dominate-oman-on-return-to-t20-world-cup,Other,,,,,,429,5.866,2026-08-20T12:03:25.090741,failed,HTTP 429
https://www.dawn.com/news/1972070/lahore-manhole-deaths-5-suspects-granted-bail-after-complainant-chooses-not-to-pursue-legal-action,Other,,,,,,429,6.742,2026-08-20T12:03:26.551761,failed,HTTP 429
https://www.dawn.com/news/1972072/former-ihc-judge-tariq-mehmood-jahangiri-challenges-removal-in-fcc,Other,,,,,,429,9.836,2026-08-20T12:03:31.761091,failed,HTTP 429
https://www.dawn.com/news/1972068/china-rejects-us-claims-of-secret-nuclear-tests,Other,,,,,,429,10.347,2026-08-20T12:03:35.436397,failed,HTTP 429
https://www.dawn.com/news/1971332/three-found-shot-dead-near-mushkaf-railway-station,Other,,,,,,,45.066,2026-08-20T12:03:37.423571,failed,Timeout
https://www.dawn.com/news/1972066/punjab-cm-lauds-authorities-on-organising-safe-basant,Other,,,,,,403,25.005,2026-08-20T12:03:50.097251,failed,HTTP 403
https://www.dawn.com/news/1972049/pakistan-dispatches-100-tonnes-of-tents-for-gaza-in-28th-consignment,Other,,,,,,403,2.819,2026-08-20T12:03:52.683126,failed,HTTP 403
https://images.dawn.com/news/1194864,Other,,,,,,429,23.532,2026-08-20T12:03:55.295138,failed,HTTP 429
https://www.dawn.com/news/1972071/india-says-it-will-maintain-multiple-sources-of-energy-supply,Other,,,,,,429,32.636,2026-08-20T12:03:57.362515,failed,HTTP 429
https://images.dawn.com/news/1194862/klf-shows-strength-of-literature-in-a-fragile-world,Other,,,,,,429,4.254,2026-08-20T12:04:00.641027,failed,HTTP 429
https://www.dawn.com/news/1972056/pakistan-to-invest-1bn-in-artificial-intelligence-by-2030-announces-pm,Other,,,,,,429,18.944,2026-08-20T12:04:00.827982,failed,HTTP 429
https://www.dawn.com/news/1972044/sc-rejects-request-for-immediate-meeting-with-pti-founder-imran-khan,Other,,,,,,429,6.418,2026-08-20T12:04:03.032311,failed,HTTP 429
https://www.dawn.com/news/1972031/new-zealands-christchurch-mosque-killer-appeals-conviction,Other,,,,,,403,3.822,2026-08-20T12:04:07.028795,failed,HTTP 403
https://www.dawn.com/news/1972030/bus-train-operations-witness-rush-during-three-day-basant,Other,,,,,,429,4.154,2026-08-20T12:04:07.445826,failed,HTTP 429
https://images.dawn.com/news/1194844,Other,,,,,,429,17.72,2026-08-20T12:04:07.994012,failed,HTTP 429
https://www.dawn.com/news/1972064/scotland-spoil-italys-t20-world-cup-debut-with-big-win,Other,,,,,,,45.069,2026-08-20T12:04:16.728397,failed,Timeout
https://www.dawn.com/news/1972000/city-grab-chaotic-win-at-liverpool-to-stay-on-arsenals-heels,Other,,,,,,429,2.913,2026-08-20T12:04:25.134789,failed,HTTP 429
https://www.dawn.com/news/1971891,Other,,,,,,429,13.525,2026-08-20T12:04:36.744909,failed,HTTP 429
https://www.dawn.com/news/1971933,Other,,,,,,,45.035,2026-08-20T12:04:48.069542,failed,Timeout
https://www.dawn.com/news/1971981/too-little-too-late,Other,,,,,,403,4.072,2026-08-20T12:04:54.785660,failed,HTTP 403
https://www.dawn.com/news/1971954/washington-post-ceo-out-after-sweeping-job-cuts,Other,,,,,,403,20.466,2026-08-20T12:05:03.917293,failed,HTTP 403
https://www.dawn.com/news/1971963/ji-calls-for-taking-all-stakeholders-on-board-to-counter-terror,Other,,,,,,403,9.824,2026-08-20T12:05:04.441927,failed,HTTP 403
https://www.dawn.com/news/1971969/local-jui-f-leader-two-others-killed-in-khuzdar,Other,,,,,,429,1.69,2026-08-20T12:05:05.769787,failed,HTTP 429
https://www.dawn.com/news/1971955/thailands-pilot-pm-lands-runaway-election-win,Other,,,,,,429,17.99,2026-08-20T12:05:06.578955,failed,HTTP 429
https://www.dawn.com/news/1971968/police-ops-across-balochistan-yield-over-1600-arrests,Other,,,,,,429,3.759,2026-08-20T12:05:07.678662,failed,HTTP 429
https://www.dawn.com/news/1971914/kidney-institute-to-launch-robotic-surgeries-in-khyber-pakhtunkhwa,Other,,,,,,,45.039,2026-08-20T12:05:09.492370,failed,Timeout
https://www.dawn.com/news/1971935/angry-indian-farmers-want-ministers-ouster-over-us-trade-deal,Other,,,,,,403,4.275,2026-08-20T12:05:10.856816,failed,HTTP 403
https://www.dawn.com/news/1971967/matric-exams-to-begin-from-10th-in-balochistan,Other,,,,,,429,11.253,2026-08-20T12:05:11.287061,failed,HTTP 429
https://www.dawn.com/news/1971977/strike-failed-as-nation-rejected-ttaps-call-says-minister,Other,,,,,,429,2.354,2026-08-20T12:05:14.248000,failed,HTTP 429
https://www.dawn.com/news/1971957/iran-sentences-nobel-peace-laureate-to-six-years-in-prison,Other,,,,,,,45.006,2026-08-20T12:05:34.446276,failed,Timeout
https://www.dawn.com/news/1972713/ttap-to-stage-sit-in-outside-parliament-house-after-friday-prayers-following-revelations-about-imrans-vision-loss,Other,,,,,,429,3.197,2026-08-20T12:05:47.191218,failed,HTTP 429
https://images.dawn.com/news/1194880/aqsaam-e-naach-andaaz-e-kathak-might-be-a-perfect-fit-for-your-weekend-plans-in-karachi,Other,,,,,,429,3.936,2026-08-20T12:05:47.340147,failed,HTTP 429
https://www.dawn.com/news/1972723/risk-of-nipah-spread-low-after-cases-in-india-bangladesh-who,Other,,,,,,429,16.612,2026-08-20T12:05:52.305455,failed,HTTP 429
https://images.dawn.com/news/1194879/review-chris-pratt-and-rebecca-fergusons-mercy-shows-all-the-signs-of-being-written-by-ai,Other,,,,,,429,4.107,2026-08-20T12:05:54.509614,failed,HTTP 429
https://www.dawn.com/news/1972707/pakistan-sends-another-humanitarian-aid-consignment-to-gaza,Other,,,,,,429,2.59,2026-08-20T12:05:55.467802,failed,HTTP 429
https://www.dawn.com/news/1972715/pakistans-2nd-indigenous-earth-observation-satellite-launched-from-chinas-space-centre,Other,,,,,,429,10.791,2026-08-20T12:05:57.803952,failed,HTTP 429
https://images.dawn.com/news/1194882/x-is-side-eyeing-zayn-malik-for-declaring-that-he-never-loved-gigi-hadid-again,Other,,,,,,429,26.425,2026-08-20T12:05:59.535687,failed,HTTP 429
https://www.dawn.com/news/1972701/in-pictures-millions-vote-in-bangladeshs-landmark-elections,Other,,,,,,429,2.347,2026-08-20T12:06:00.604170,failed,HTTP 429
https://www.dawn.com/news/1972728/italy-crush-nepal-for-first-cricket-t20-world-cup-win,Other,,,,,,429,32.382,2026-08-20T12:06:02.014338,failed,HTTP 429
https://www.dawn.com/news/1972731/trumps-border-czar-announces-end-to-immigration-crackdown-in-minnesota,Other,,,,,,429,37.62,2026-08-20T12:06:02.721865,failed,HTTP 429
https://www.dawn.com/news/1972699/imran-claims-only-15pc-vision-left-in-right-eye-sc-forms-medical-team-to-examine-pti-founder,Other,,,,,,429,1.484,2026-08-20T12:06:03.079674,failed,HTTP 429
https://images.dawn.com/news/1194869/for-the-gujrati-in-me-winter-without-hara-lasun-is-just-cold-weather,Other,,,,,,429,5.365,2026-08-20T12:06:03.170822,failed,HTTP 429
https://www.dawn.com/news/1972693/early-counts-show-bnp-ahead-in-bangladesh-election-after-strong-turnout,Other,,,,,,403,5.535,2026-08-20T12:06:09.893340,failed,HTTP 403
https://www.dawn.com/news/1972702/why-is-bangladesh-holding-a-national-referendum-alongside-its-general-election,Other,,,,,,429,20.303,2026-08-20T12:06:15.699262,failed,HTTP 429
https://www.dawn.com/news/1972653,Other,,,,,,429,18.26,2026-08-20T12:06:20.500348,failed,HTTP 429
https://www.dawn.com/news/1972682/lhc-restores-marriage-after-family-court-hastily-grants-divorce-on-basis-of-khula,Other,,,,,,429,16.588,2026-08-20T12:06:24.451687,failed,HTTP 429
https://www.dawn.com/news/1972582,Other,,,,,,429,20.315,2026-08-20T12:06:25.066916,failed,HTTP 429
https://www.dawn.com/news/1972614/lawyer-killed-over-childrens-dispute-in-swat,Other,,,,,,429,4.87,2026-08-20T12:06:26.764626,failed,HTTP 429
https://www.dawn.com/news/1972680/police-told-to-submit-report-on-basant-deaths-injuries,Other,,,,,,429,17.972,2026-08-20T12:06:30.240706,failed,HTTP 429
https://www.dawn.com/news/1972623/police-step-up-actions-against-illegal-afghan-nationals-in-rawalpindi,Other,,,,,,429,8.549,2026-08-20T12:06:32.913942,failed,HTTP 429
https://www.dawn.com/news/1972626/senate-panel-to-probe-alleged-fund-misappropriation-in-national-vocational-and-technical-training-commission,Other,,,,,,429,8.081,2026-08-20T12:06:34.847748,failed,HTTP 429
https://www.dawn.com/news/1972598/bangladesh-heads-to-pivotal-election-amid-economic-strain,Other,,,,,,429,1.569,2026-08-20T12:06:40.372425,failed,HTTP 429
https://www.dawn.com/news/1972604,Other,,,,,,429,24.997,2026-08-20T12:06:40.697873,failed,HTTP 429
https://www.dawn.com/news/1972698/israel-has-joined-trumps-board-of-peace-netanyahu-says,Other,,,,,,,45.038,2026-08-20T12:06:46.717150,failed,Timeout
https://www.dawn.com/news/1972677/all-punjab-police-personnel-to-get-bodycams-within-two-months,Other,,,,,,,36.921,2026-08-20T12:06:50.061153,failed,"('Connection aborted.', ConnectionResetError(10054, 'An existing connection was forcibly closed by the remote host', None, 10054, None))"
https://www.dawn.com/news/1972593/israel-harbouring-a-policy-of-starvation-in-prisons-says-rights-group,Other,,,,,,,21.052,2026-08-20T12:06:56.212308,failed,"('Connection aborted.', ConnectionResetError(10054, 'An existing connection was forcibly closed by the remote host', None, 10054, None))"
https://www.dawn.com/news/1972586/judge-seeks-report-on-social-media-use-by-minors,Other,,,,,,429,3.067,2026-08-20T12:07:04.848076,failed,HTTP 429
https://www.dawn.com/news/1972647/saudi-arabia-eyes-pakistans-rice-sector,Other,,,,,,429,17.826,2026-08-20T12:07:10.850210,failed,HTTP 429
https://www.dawn.com/news/1972648/rs506bn-unlocked-as-ihc-clears-tax-backlog,Other,,,,,,403,25.682,2026-08-20T12:07:18.900765,failed,HTTP 403
https://www.dawn.com/news/1972645/senate-panel-raps-food-ministry,Other,,,,,,403,32.506,2026-08-20T12:07:19.223357,failed,HTTP 403
https://www.dawn.com/news/1972590/us-official-in-venezuela-to-reshape-oil-industry,Other,,,,,,,45.019,2026-08-20T12:07:19.406904,failed,Timeout
https://images.dawn.com/news/1194877/dawsons-creek-star-james-van-der-beek-dead-at-48,Other,,,,,,429,16.664,2026-08-20T12:07:24.158524,failed,HTTP 429
https://www.dawn.com/news/1973450/board-of-peace-members-have-committed-thousands-of-personnel-to-gaza-force-trump,Other,,,,,,429,7.274,2026-08-20T12:07:26.681286,failed,HTTP 429
https://www.dawn.com/news/1973479/man-arrested-for-attacking-engineer-muhammad-ali-mirza-in-jhelum-police,Other,,,,,,429,17.556,2026-08-20T12:07:28.407380,failed,HTTP 429
https://www.dawn.com/news/1972566/govt-posts-new-envoys-in-fresh-spate-of-appointments,Other,,,,,,429,25.167,2026-08-20T12:07:29.396194,failed,HTTP 429
https://www.dawn.com/news/1973385/israeli-strikes-kill-12-in-gaza-since-dawn-civil-defence,Other,,,,,,429,6.109,2026-08-20T12:07:32.791828,failed,HTTP 429
https://www.dawn.com/news/1972561/israel-is-cementing-illegal-annexation-of-west-bank-un-warns,Other,,,,,,429,31.348,2026-08-20T12:07:33.594604,failed,HTTP 429
https://www.dawn.com/news/1973428/pakistan-mother-languages-festival-climate-cultural-identity,Other,,,,,,429,8.638,2026-08-20T12:07:33.843648,failed,HTTP 429
https://www.dawn.com/news/1973281,Other,,,,,,429,11.898,2026-08-20T12:07:43.273838,failed,HTTP 429
https://www.dawn.com/news/1973372/medical-team-leaves-adiala-jail-after-examining-imran-khan-pti-rejects-inspection,Other,,,,,,429,7.134,2026-08-20T12:07:43.549476,failed,HTTP 429
https://www.dawn.com/news/1972558/punjab-governor-promulgates-ordinance-declaring-child-marriage-non-bailable-offence,Other,,,,,,429,35.425,2026-08-20T12:07:44.156118,failed,HTTP 429
https://www.dawn.com/news/1973377/west-indies-beat-nepal-to-become-first-team-into-t20-world-cup-super-eights,Other,,,,,,403,25.085,2026-08-20T12:07:57.877456,failed,HTTP 403
https://www.dawn.com/news/1973347/can-bop-deliver-gaza-peace,Other,,,,,,429,3.446,2026-08-20T12:08:01.196629,failed,HTTP 429
https://www.dawn.com/news/1973299/comment-oxygen-of-world-cricket-is-back,Other,,,,,,429,8.66,2026-08-20T12:08:02.316582,failed,HTTP 429
https://www.dawn.com/news/1973375/pm-shehbaz-arrives-in-austria-on-2-day-visit,Other,,,,,,,45.024,2026-08-20T12:08:13.270015,failed,Timeout
https://www.dawn.com/news/1973226/pti-blocks-major-kp-roads-as-protests-continue-against-treatment-denial-to-imran,Other,,,,,,,17.156,2026-08-20T12:08:19.473365,failed,"('Connection aborted.', RemoteDisconnected('Remote end closed connection without response'))"
https://www.dawn.com/news/1973369/11-killed-8-injured-in-bus-trailer-collision-on-national-highway-in-khairpur-motorway-police,Other,,,,,,,45.021,2026-08-20T12:08:26.157096,failed,Timeout
https://www.dawn.com/news/1973295,Other,,,,,,,45.066,2026-08-20T12:08:29.531027,failed,Timeout
https://www.dawn.com/news/1973348/pakistans-us-test,Other,,,,,,,45.039,2026-08-20T12:08:29.812358,failed,Timeout
https://www.dawn.com/news/1973260/12th-grader-burnt-by-neighbours-over-trifle-in-pakpattan,Other,,,,,,,45.014,2026-08-20T12:08:55.376331,failed,Timeout
https://www.dawn.com/news/1973309/guehi-scores-first-city-goal-to-kill-off-salford-burnley-stunned,Other,,,,,,403,35.215,2026-08-20T12:09:06.259342,failed,HTTP 403
https://www.dawn.com/news/1973331/jackson-heights-in-new-york-buzzes-with-hope-as-bangladesh-embraces-democracy,Other,,,,,,,45.03,2026-08-20T12:09:11.187566,failed,Timeout
https://www.dawn.com/news/1974187/our-goal-win-t20-world-cup-says-shadab-as-pakistan-into-super-eights,Other,,,,,,403,2.099,2026-08-20T12:09:11.798350,failed,HTTP 403
https://www.dawn.com/news/1973313/islamabad-high-court-directs-action-against-fhl-spud,Other,,,,,,,45.019,2026-08-20T12:09:23.499723,failed,Timeout
https://www.dawn.com/news/1974176/metas-mark-zuckerberg-to-face-questioning-at-youth-addiction-trial-in-us-court,Other,,,,,,403,10.764,2026-08-20T12:09:32.744534,failed,HTTP 403
https://www.dawn.com/news/1974092/ramazan-moon-sighted-holy-month-to-begin-in-pakistan-on-thursday,Other,,,,,,429,3.109,2026-08-20T12:09:35.967596,failed,HTTP 429
https://www.dawn.com/news/1973287/palestinian-leader-urges-removal-of-israeli-obstacles-over-gaza-truce,Other,,,,,,403,38.763,2026-08-20T12:09:41.230602,failed,HTTP 403
https://www.dawn.com/news/1974087/lahore-court-convicts-man-for-assaulting-wife-mother-in-law,Other,,,,,,429,1.826,2026-08-20T12:09:43.059001,failed,HTTP 429
https://www.dawn.com/news/1974147/us-to-stop-irans-nuclear-arms-ambitions-one-way-or-the-other-energy-secretary,Other,,,,,,429,11.25,2026-08-20T12:09:44.463986,failed,HTTP 429
https://images.dawn.com/news/1194910/miley-cyrus-returns-for-hannah-montanas-20th-anniversary-special-on-march-24,Other,,,,,,429,5.292,2026-08-20T12:09:44.560893,failed,HTTP 429
https://www.dawn.com/news/1974089/bangladesh-pm-tarique-rahman-names-cabinet-after-election-win,Other,,,,,,403,4.244,2026-08-20T12:09:52.797138,failed,HTTP 403
https://images.dawn.com/news/1194914/6-refreshing-drinks-you-can-make-at-home-this-ramazan,Other,,,,,,429,12.065,2026-08-20T12:09:53.165239,failed,HTTP 429
https://www.dawn.com/news/1974175/uefa-opens-probe-into-discriminatory-behaviour-towards-real-madrids-vinicius-jr,Other,,,,,,403,36.893,2026-08-20T12:09:58.559454,failed,HTTP 403
https://www.dawn.com/news/1974110/south-africa-sink-uae-to-cap-unblemished-group-campaign,Other,,,,,,429,18.927,2026-08-20T12:09:58.570500,failed,HTTP 429
https://www.dawn.com/news/1973282/health-the-fight-against-childhood-cancer,Other,,,,,,429,17.115,2026-08-20T12:09:59.046393,failed,HTTP 429
https://images.dawn.com/news/1194915/ive-stopped-calling-myself-a-celebrity-sarwat-gilani-on-industry-jealousy-and-empowering-women,Other,,,,,,429,27.018,2026-08-20T12:09:59.632294,failed,HTTP 429
https://www.dawn.com/news/1974086/ttap-calls-off-parliament-house-sit-in-but-insists-on-personal-physicians-access-to-imran-khan,Other,,,,,,429,12.777,2026-08-20T12:10:00.848954,failed,HTTP 429
https://www.dawn.com/news/1974083/two-officials-martyred-in-militant-attack-on-police-station-customs-office-in-dera-ismail-khan,Other,,,,,,429,8.72,2026-08-20T12:10:07.291972,failed,HTTP 429
https://www.dawn.com/news/1973985,Other,,,,,,429,4.741,2026-08-20T12:10:07.868217,failed,HTTP 429
https://www.dawn.com/news/1974051/un-body-condemns-attacks-on-albanese,Other,,,,,,429,3.378,2026-08-20T12:10:09.531512,failed,HTTP 429
https://www.dawn.com/news/1974156/citizens-stage-protest-outside-karachi-press-club-against-killing-of-suspect-during-ctd-raid,Other,,,,,,,45.158,2026-08-20T12:10:17.920282,failed,Timeout
https://www.dawn.com/news/1974024,Other,,,,,,403,32.931,2026-08-20T12:10:39.037344,failed,HTTP 403
https://www.dawn.com/news/1974003,Other,,,,,,403,34.873,2026-08-20T12:10:39.857581,failed,HTTP 403
https://www.dawn.com/news/1973954/two-fc-officials-injured-in-attack-on-bannu-checkpost,Other,,,,,,429,18.252,2026-08-20T12:10:40.404005,failed,HTTP 429
https://www.dawn.com/news/1974080/israeli-police-arrest-al-aqsa-mosque-imam-ahead-of-ramazan,Other,,,,,,,45.026,2026-08-20T12:10:44.657625,failed,Timeout
https://www.dawn.com/news/1974058/indias-ai-summit-overshadowed-by-mismanagement-chaos,Other,,,,,,,45.03,2026-08-20T12:10:54.563394,failed,Timeout
https://www.dawn.com/news/1974021/textile-exports-show-slight-revival-in-january,Other,,,,,,403,31.949,2026-08-20T12:11:13.421790,failed,HTTP 403
https://www.dawn.com/news/1973967/sindh-assembly-calls-for-end-to-gas-loadshedding-during-ramazan,Other,,,,,,,45.045,2026-08-20T12:11:19.876348,failed,Timeout
https://www.dawn.com/news/1973968/four-dead-as-six-vehicles-veer-off-slippery-m-9,Other,,,,,,,45.027,2026-08-20T12:11:20.593104,failed,Timeout
https://www.dawn.com/news/1974821/fifa-boss-infantinos-board-of-peace-appearance-does-not-violate-political-neutrality-ioc-says,Other,,,,,,403,4.101,2026-08-20T12:11:20.695060,failed,HTTP 403
https://www.dawn.com/news/1974063/imf-team-due-on-feb-26th-for-review-budget-talks,Other,,,,,,403,6.263,2026-08-20T12:11:22.611615,failed,HTTP 403
https://www.dawn.com/news/1974809/hong-kong-to-offer-buy-outs-for-flats-damaged-in-deadly-buildings-fire,Other,,,,,,429,2.273,2026-08-20T12:11:24.613512,failed,HTTP 429
https://www.dawn.com/news/1974032/ihc-judge-refuses-to-hear-najaf-hameeds-case,Other,,,,,,429,34.007,2026-08-20T12:11:24.938146,failed,HTTP 429
https://www.dawn.com/news/1974020/large-industry-output-rises-48pc-in-july-december,Other,,,,,,,45.04,2026-08-20T12:11:25.974833,failed,Timeout
https://www.dawn.com/news/1974797/pakistan-us-express-desire-to-enhance-economic-cooperation,Other,,,,,,429,1.825,2026-08-20T12:11:26.101238,failed,HTTP 429
https://www.dawn.com/news/1974792/ctd-claims-arrest-of-suspected-female-suicide-bomber-in-di-khan-operation,Other,,,,,,403,4.38,2026-08-20T12:11:31.977815,failed,HTTP 403
https://www.dawn.com/news/1974811/kidnapping-case-registered-against-unidentified-suspects-after-canadian-national-reportedly-goes-missing-in-lahore,Other,,,,,,429,19.883,2026-08-20T12:11:41.856647,failed,HTTP 429
https://www.dawn.com/news/1974008/new-mexico-to-launch-probe-into-notorious-epstein-ranch,Other,,,,,,,36.504,2026-08-20T12:11:45.172125,failed,"HTTPSConnectionPool(host='www.dawn.com', port=443): Read timed out."
https://www.dawn.com/news/1974781/austria-turns-hitlers-home-into-a-police-station,Other,,,,,,429,1.605,2026-08-20T12:11:55.472679,failed,HTTP 429
https://www.dawn.com/news/1974820/effective-immediately-trump-announces-hike-in-us-global-tariff-rate-from-10pc-to-15pc,Other,,,,,,429,38.864,2026-08-20T12:11:57.449884,failed,HTTP 429
https://www.dawn.com/news/1974795/t20-world-cup-suryakumar-backs-abhisheks-attacking-play-despite-three-ducks,Other,,,,,,429,31.788,2026-08-20T12:11:58.167221,failed,HTTP 429
https://images.dawn.com/news/1194881/the-heart-of-lyari-lives-on-through-the-quiet-strength-of-ammas-sitting-on-doorsteps,Other,,,,,,429,2.335,2026-08-20T12:11:59.786204,failed,HTTP 429
https://www.dawn.com/news/1974793/islamabad-court-reissues-non-bailable-arrest-warrant-for-kp-cm-afridi,Other,,,,,,429,32.922,2026-08-20T12:11:59.944772,failed,HTTP 429
https://www.dawn.com/news/1974790/us-ambassador-says-it-would-be-fine-if-israel-takes-over-large-swathes-of-middle-east,Other,,,,,,,45.026,2026-08-20T12:12:16.922054,failed,Timeout
https://www.dawn.com/news/1974789/lieutenant-colonel-among-two-army-personnel-martyred-in-bannu-suicide-attack-ispr,Other,,,,,,,45.033,2026-08-20T12:12:24.453325,failed,Timeout
https://www.dawn.com/news/1974785/producer-umer-mukhtar-threatens-legal-action-against-content-creator-mahnoor-rahim-over-misconduct-allegations,Other,,,,,,,45.023,2026-08-20T12:12:35.438043,failed,Timeout
https://www.dawn.com/news/1974777/trump-to-travel-to-china-next-month-with-us-tariffs-in-focus,Other,,,,,,,45.033,2026-08-20T12:12:43.962893,failed,Timeout
https://www.dawn.com/news/1974631/forest-guard-killed-for-resisting-tree-cutting,Other,,,,,,403,7.554,2026-08-20T12:12:50.969513,failed,HTTP 403
https://www.dawn.com/news/1974679/babar-shaheen-under-scrutiny-as-pakistan-face-new-zealand-test-in-super-eights-opener,Other,,,,,,403,2.215,2026-08-20T12:12:51.028748,failed,HTTP 403
https://www.dawn.com/news/1974677/india-to-target-sas-top-order-says-bowling-coach,Other,,,,,,403,3.227,2026-08-20T12:12:51.145760,failed,HTTP 403
https://www.dawn.com/news/1974658/oil-spill-sparks-fire-in-bushes-near-railway-track-in-karachi,Other,,,,,,429,7.489,2026-08-20T12:12:51.238921,failed,HTTP 429
https://www.dawn.com/news/1974704/ramazan-inflation-hits-household-budgets,Other,,,,,,429,5.184,2026-08-20T12:12:57.655417,failed,HTTP 429
https://www.dawn.com/news/1974662/350-gul-plaza-shopkeepers-to-get-stalls-at-baradari-in-first-phase,Other,,,,,,429,17.755,2026-08-20T12:13:01.717891,failed,HTTP 429
https://www.dawn.com/news/1974706/energy-discount-fails-to-impress-industry,Other,,,,,,429,9.532,2026-08-20T12:13:02.146745,failed,HTTP 429
https://www.dawn.com/news/1974711/province-working-on-climate-strategy-balochistan-cm-bugti,Other,,,,,,429,1.615,2026-08-20T12:13:02.192776,failed,HTTP 429
https://www.dawn.com/news/1974745/us-govt-floats-proposal-to-deter-migrants-from-filing-asylum-applications,Other,,,,,,,45.023,2026-08-20T12:13:02.594262,failed,Timeout
https://www.dawn.com/news/1974717/justice-mughal-sworn-in-as-ajk-chief-election-commissioner,Other,,,,,,403,1.905,2026-08-20T12:13:06.537116,failed,HTTP 403
https://www.dawn.com/news/1974678/bethell-insists-theres-fire-in-lacklustre-england,Other,,,,,,429,18.27,2026-08-20T12:13:06.876508,failed,HTTP 429
https://www.dawn.com/news/1974719/supreme-court-throws-out-governments-delayed-challenge-to-service-tribunal-order,Other,,,,,,429,3.017,2026-08-20T12:13:07.715403,failed,HTTP 429
https://www.dawn.com/news/1974707/profits-and-dividend-outflows-jump-26pc,Other,,,,,,403,24.675,2026-08-20T12:13:17.382343,failed,HTTP 403
https://www.dawn.com/news/1974722/pm-leaves-washington-with-energy-pledges,Other,,,,,,429,8.732,2026-08-20T12:13:17.841963,failed,HTTP 429
https://www.dawn.com/news/1975466/govt-amends-identity-card-rules-introduces-qr-codes-as-legal-security-and-verification-feature,Other,,,,,,429,5.169,2026-08-20T12:13:24.885241,failed,HTTP 429
https://www.dawn.com/news/1975450/ex-kp-cm-ali-amin-gandapurs-security-detail-withdrawn-govt-denies-issuing-orders,Other,,,,,,403,4.021,2026-08-20T12:13:26.536887,failed,HTTP 403
https://www.dawn.com/news/1975497/iran-fm-says-nuclear-deal-within-reach-ahead-of-us-talks,Other,,,,,,403,20.669,2026-08-20T12:13:32.391609,failed,HTTP 403
https://www.dawn.com/news/1975427/israels-opposition-to-boycott-india-pm-modis-address-to-knesset-haaretz-reports,Other,,,,,,429,6.202,2026-08-20T12:13:34.071973,failed,HTTP 429
https://www.dawn.com/news/1974702/pvara-launches-regulatory-sandbox,Other,,,,,,,45.077,2026-08-20T12:13:34.397304,failed,Timeout
https://www.dawn.com/news/1975414/pakistan-attracts-79-new-foreign-firms-rs407bn-investment-in-three-years,Other,,,,,,429,1.81,2026-08-20T12:13:35.158863,failed,HTTP 429
https://www.dawn.com/news/1975424/australian-pm-albanese-evacuated-from-residence-after-security-threat,Other,,,,,,429,17.561,2026-08-20T12:13:48.719077,failed,HTTP 429
https://www.dawn.com/news/1975398/t20-world-cup-how-will-pakistan-carry-forward-their-bits-and-pieces-campaign-in-the-super-8s,Other,,,,,,429,2.048,2026-08-20T12:13:48.893083,failed,HTTP 429
https://www.dawn.com/news/1975403/uk-police-release-ex-envoy-peter-mandelson-on-bail-in-epstein-case,Other,,,,,,429,2.668,2026-08-20T12:13:57.359054,failed,HTTP 429
https://www.dawn.com/news/1975405/oil-rises-to-near-seven-month-highs-on-us-iran-tensions,Other,,,,,,429,3.443,2026-08-20T12:13:57.724080,failed,HTTP 429
https://www.dawn.com/news/1975412/unidentified-attackers-blow-up-school-in-south-waziristan-no-casualties-reported,Other,,,,,,429,25.282,2026-08-20T12:14:00.810098,failed,HTTP 429
https://www.dawn.com/news/1975448/aid-groups-petition-israels-top-court-to-halt-ban-on-gaza-west-bank-operations,Other,,,,,,,45.028,2026-08-20T12:14:04.415287,failed,Timeout
https://www.dawn.com/news/1975431/police-constable-martyred-as-unidentified-assailants-open-fire-in-wana,Other,,,,,,,45.023,2026-08-20T12:14:09.439290,failed,Timeout
https://www.dawn.com/news/1975393/7-killed-in-air-ambulance-crash-in-indias-jharkhand-state,Other,,,,,,403,2.724,2026-08-20T12:14:09.521242,failed,HTTP 403
https://www.dawn.com/news/1975363,Other,,,,,,429,4.076,2026-08-20T12:14:13.598790,failed,HTTP 429
https://www.dawn.com/news/1975260,Other,,,,,,429,25.399,2026-08-20T12:14:14.120523,failed,HTTP 429
https://www.dawn.com/news/1975355,Other,,,,,,403,12.025,2026-08-20T12:14:26.147061,failed,HTTP 403
https://www.dawn.com/news/1975367,Other,,,,,,403,24.092,2026-08-20T12:14:33.531340,failed,HTTP 403
https://www.dawn.com/news/1975394/experts-highlight-risks-of-miscalculation-amid-talks-of-limited-strike-on-iran,Other,,,,,,403,33.09,2026-08-20T12:14:33.903683,failed,HTTP 403
https://www.dawn.com/news/1975351,Other,,,,,,403,21.504,2026-08-20T12:14:36.143839,failed,HTTP 403
https://www.dawn.com/news/1975272/no-relief-for-consumers-as-official-efforts-fail-food-prices-soar-in-karachi,Other,,,,,,429,2.412,2026-08-20T12:14:36.901437,failed,HTTP 429
https://www.dawn.com/news/1975267/cm-sindh-asks-mayor-to-complete-two-key-underpasses-in-a-month,Other,,,,,,429,19.436,2026-08-20T12:14:45.584812,failed,HTTP 429
https://www.dawn.com/news/1975356/ogdcl-quarterly-profit-slumps-to-rs35bn,Other,,,,,,429,19.905,2026-08-20T12:14:45.668068,failed,HTTP 429
https://www.dawn.com/news/1975357/trade-gap-widens-42pc-with-nine-countries-to-9bn,Other,,,,,,429,19.991,2026-08-20T12:14:45.675653,failed,HTTP 429
https://www.dawn.com/news/1975336/us-threat-fails-to-deter-iraqs-maliki-from-vying-for-premiership,Other,,,,,,429,4.887,2026-08-20T12:14:46.350609,failed,HTTP 429
https://www.dawn.com/news/1975342/ajk-to-launch-5g-from-march-10-pm-rathore-says,Other,,,,,,429,1.73,2026-08-20T12:14:47.316086,failed,HTTP 429
https://www.dawn.com/news/1975341/balochistan-lawmakers-raise-alarm-over-low-gas-power-issues,Other,,,,,,429,2.787,2026-08-20T12:14:47.875900,failed,HTTP 429
https://www.dawn.com/news/1975314/south-africa-announce-eight-home-tests-for-2026-27,Other,,,,,,429,3.021,2026-08-20T12:14:50.834394,failed,HTTP 429
https://www.dawn.com/news/1975318/sahibzada-hopes-pakistan-players-will-feature-in-the-hundred,Other,,,,,,429,3.119,2026-08-20T12:14:50.996396,failed,HTTP 429
https://www.dawn.com/news/1975270/lyari-resident-bitten-by-stray-dog-becomes-years-fifth-rabies-victim,Other,,,,,,403,24.152,2026-08-20T12:14:53.867705,failed,HTTP 403
https://www.dawn.com/news/1975350/imran-receives-follow-up-eye-treatment-at-pims,Other,,,,,,429,10.307,2026-08-20T12:14:57.623904,failed,HTTP 429
https://www.dawn.com/news/1975312/court-orders-to-unfreeze-youtuber-ducky-bhais-bank-accounts,Other,,,,,,429,7.265,2026-08-20T12:15:08.420630,failed,HTTP 429
https://www.dawn.com/news/1975354/govt-seeks-opposition-buy-in-for-fresh-democracy-pact,Other,,,,,,403,39.977,2026-08-20T12:15:15.005117,failed,HTTP 403
https://www.dawn.com/news/1975252/repatriation-of-afghans-from-haripur-witnesses-90pc-increase,Other,,,,,,429,13.429,2026-08-20T12:15:24.671490,failed,HTTP 429
https://www.dawn.com/news/1976198/lahore-court-dismisses-post-arrest-bail-plea-of-canadian-national-in-cybercrime-case,Other,,,,,,429,4.334,2026-08-20T12:15:28.363580,failed,HTTP 429
https://www.dawn.com/news/1975266/over-190000-undergo-free-eye-treatment-on-sehat-card-plus-in-kp,Other,,,,,,429,18.744,2026-08-20T12:15:31.815228,failed,HTTP 429
https://www.dawn.com/news/1976209/unmanned-aerial-vehicles-banned-countrywide-amid-escalating-tensions-with-afghanistan,Other,,,,,,429,12.645,2026-08-20T12:15:31.852121,failed,HTTP 429
https://www.dawn.com/news/1976173/petrol-diesel-prices-likely-to-rise-by-rs7-for-next-fortnight,Other,,,,,,429,2.654,2026-08-20T12:15:32.505592,failed,HTTP 429
https://www.dawn.com/news/1975301/nz-can-ride-wave-of-support-as-indias-second-favourite-team,Other,,,,,,,45.848,2026-08-20T12:15:33.372392,failed,Timeout
https://images.dawn.com/news/1194952/blackpink-just-released-their-comeback-album-deadline-and-some-blinks-arent-too-sure-about-this-one,Other,,,,,,429,2.274,2026-08-20T12:15:43.726780,failed,HTTP 429
https://www.dawn.com/news/1976111/pakistan-embassy-in-us-hosts-interfaith-iftar-guests-express-concern-about-regional-tensions,Other,,,,,,403,11.146,2026-08-20T12:15:44.668775,failed,HTTP 403
https://www.dawn.com/news/1975232/pakistan-cannot-tolerate-this-anymore-says-minister-as-he-outlines-terrorist-attacks-preceding-afghanistan-strikes,Other,,,,,,429,31.864,2026-08-20T12:15:50.986787,failed,HTTP 429
https://www.dawn.com/news/1976122/israels-expansionist-mindset-bereft-of-any-regard-for-international-law-dar-tells-oic-moot,Other,,,,,,429,11.291,2026-08-20T12:16:00.713447,failed,HTTP 429
https://www.dawn.com/news/1976128/where-do-pakistan-afghanistan-go-from-here,Other,,,,,,429,17.362,2026-08-20T12:16:01.090959,failed,HTTP 429
https://images.dawn.com/news/1194949/netflix-backs-out-paramount-skydance-wins-warner-bros-discovery-bid,Other,,,,,,429,1.491,2026-08-20T12:16:01.878790,failed,HTTP 429
https://www.dawn.com/news/1976149/fact-check-viral-visuals-of-pakistani-f-16-jet-allegedly-shot-down-by-afghan-forces-are-doctored,Other,,,,,,403,24.297,2026-08-20T12:16:05.643999,failed,HTTP 403
https://www.dawn.com/news/1976081,Other,,,,,,429,1.592,2026-08-20T12:16:05.692369,failed,HTTP 429
https://www.dawn.com/news/1976085,Other,,,,,,429,10.475,2026-08-20T12:16:11.508287,failed,HTTP 429
https://www.dawn.com/news/1976179/t20-world-cup-india-aim-for-fearless-cricket-ahead-of-west-indies-showdown,Other,,,,,,,60.736,2026-08-20T12:16:30.522513,failed,Timeout
https://www.dawn.com/news/1976015,Other,,,,,,,26.687,2026-08-20T12:16:31.495435,failed,"('Connection aborted.', ConnectionResetError(10054, 'An existing connection was forcibly closed by the remote host', None, 10054, None))"
https://www.dawn.com/news/1976137/iran-urges-us-to-drop-excessive-demands-to-reach-deal,Other,,,,,,,62.148,2026-08-20T12:16:45.528846,failed,Timeout
https://www.dawn.com/news/1976042/8000-died-or-vanished-on-migrant-routes-in-2025-un,Other,,,,,,403,2.944,2026-08-20T12:16:48.473065,failed,HTTP 403
https://www.dawn.com/news/1976059,Other,,,,,,403,43.316,2026-08-20T12:16:48.752746,failed,HTTP 403
https://www.dawn.com/news/1976109/bears-take-charge-as-kse-100-closes-over-800-points-lower,Other,,,,,,403,49.311,2026-08-20T12:16:49.601343,failed,HTTP 403
https://www.dawn.com/news/1976052/public-accounts-committee-has-settled-audit-paras-worth-rs225bn-ztbl,Other,,,,,,403,20.03,2026-08-20T12:16:52.125201,failed,HTTP 403
https://www.dawn.com/news/1976066/schumer-hammers-department-of-justice-over-massive-epstein-cover-up,Other,,,,,,,54.842,2026-08-20T12:17:00.536623,failed,Timeout
https://www.dawn.com/news/1975938/work-on-clean-drinking-water-project-for-chilas-residents-begins,Other,,,,,,403,5.871,2026-08-20T12:17:06.840486,failed,HTTP 403
https://www.dawn.com/news/1976013/ccp-clears-acquisition-of-attock-cement,Other,,,,,,403,17.678,2026-08-20T12:17:07.520645,failed,HTTP 403
https://www.dawn.com/news/1975945/new-report-reveals-262-million-children-still-out-of-school,Other,,,,,,403,1.663,2026-08-20T12:17:09.463053,failed,HTTP 403
https://www.dawn.com/news/1975978/kp-cabinet-approves-bill-to-control-beggary,Other,,,,,,403,5.757,2026-08-20T12:17:14.135404,failed,HTTP 403
https://www.dawn.com/news/1975962/husband-cant-dictate-terms-of-dowry-return-rules-court,Other,,,,,,403,17.616,2026-08-20T12:17:17.242730,failed,HTTP 403
https://www.dawn.com/news/1977486/pakistan-making-full-diplomatic-efforts-to-de-escalate-situation-in-middle-east-says-dar,Other,,,,,,429,3.968,2026-08-20T12:17:21.212746,failed,HTTP 429
https://www.dawn.com/news/1977536/pcb-fines-green-shirts-rs5-million-each-for-lacklustre-t20-world-cup-campaign-report,Other,,,,,,429,6.475,2026-08-20T12:17:22.768490,failed,HTTP 429
https://www.dawn.com/news/1977376/rupee-holds-steady-against-dollar-in-interbank-open-market,Other,,,,,,429,2.059,2026-08-20T12:17:25.866436,failed,HTTP 429
https://www.dawn.com/news/1976006/long-live-pakistan-politicians-united-in-response-to-unprovoked-afghan-taliban-aggression,Other,,,,,,403,23.443,2026-08-20T12:17:32.908590,failed,HTTP 403
https://www.dawn.com/news/1977465/will-not-allow-any-entity-to-use-neighbouring-territory-to-destabilise-our-peace-president-says-in-joint-sitting,Other,,,,,,429,1.463,2026-08-20T12:17:34.604897,failed,HTTP 429
https://www.dawn.com/news/1977472/inflation-update-power-bills-and-produce-push-inflation-to-698pc,Other,,,,,,429,9.254,2026-08-20T12:17:35.066694,failed,HTTP 429
https://www.dawn.com/news/1975961/two-deportees-from-baku-held-for-using-fake-greece-residence-cards,Other,,,,,,429,36.418,2026-08-20T12:17:36.011968,failed,HTTP 429
https://www.dawn.com/news/1977475/ihc-restores-journalist-sohrab-barkats-bail-in-cybercrime-case,Other,,,,,,429,3.803,2026-08-20T12:17:36.350321,failed,HTTP 429
https://www.dawn.com/news/1977374/gold-climbs-as-us-israel-strikes-on-iran-spark-safe-haven-demand,Other,,,,,,429,4.299,2026-08-20T12:17:37.472167,failed,HTTP 429
https://www.dawn.com/news/1977467/pti-moves-ihc-seeking-transfer-of-imran-to-hospital-amid-health-concerns,Other,,,,,,429,4.613,2026-08-20T12:17:37.523274,failed,HTTP 429
https://www.dawn.com/news/1976820/containing-the-price-spike-of-ramazan,Other,,,,,,429,5.307,2026-08-20T12:17:42.566806,failed,HTTP 429
https://www.dawn.com/news/1977463/controversial-social-media-posts-case-ihc-dissolves-bench-hearing-imaan-and-hadis-appeals,Other,,,,,,429,9.098,2026-08-20T12:17:43.704391,failed,HTTP 429
https://www.dawn.com/news/1977466/canada-and-india-strike-agreements-on-rare-earth-uranium,Other,,,,,,429,8.353,2026-08-20T12:17:45.142134,failed,HTTP 429
https://www.dawn.com/news/1977341/three-die-after-consuming-illicit-liquor-in-karachis-nazimabad,Other,,,,,,429,2.459,2026-08-20T12:17:46.561798,failed,HTTP 429
https://www.dawn.com/news/1977395/pentagon-tells-congress-no-sign-that-iran-was-going-to-attack-us-first-sources-say,Other,,,,,,429,3.135,2026-08-20T12:17:46.712610,failed,HTTP 429
https://www.dawn.com/news/1977456/pakistan-embassy-sets-up-facilitation-desks-in-uae-launches-outreach-initiative-for-nationals,Other,,,,,,429,9.765,2026-08-20T12:17:46.825158,failed,HTTP 429
https://images.dawn.com/news/1194958/aima-baig-questions-timing-of-badshah-hania-aamir-buzz-amid-iran-tragedy,Other,,,,,,403,10.013,2026-08-20T12:17:57.355128,failed,HTTP 403
https://www.dawn.com/news/1977314,Other,,,,,,429,4.511,2026-08-20T12:17:57.535225,failed,HTTP 429
https://www.dawn.com/news/1977511/talks-between-pakistan-imf-mission-go-virtual-amid-regional-volatility,Other,,,,,,,38.776,2026-08-20T12:17:59.990917,failed,"HTTPSConnectionPool(host='www.dawn.com', port=443): Read timed out."
https://www.dawn.com/news/1977366/multiple-roads-closed-in-karachis-west-south-districts-over-prevailing-security-situation,Other,,,,,,403,20.008,2026-08-20T12:18:06.834017,failed,HTTP 403
https://www.dawn.com/news/1977402/israel-us-bomb-iran-a-timeline-of-how-threats-escalated-into-war,Other,,,,,,,45.026,2026-08-20T12:18:08.648643,failed,Timeout
https://www.dawn.com/news/1977225/govt-to-act-against-illegal-afghan-nationals-under-foreigners-act-to-enforce-single-visa-regime,Other,,,,,,403,2.643,2026-08-20T12:18:12.626489,failed,HTTP 403
https://www.dawn.com/news/1976944,Other,,,,,,429,16.415,2026-08-20T12:18:14.767701,failed,HTTP 429
https://www.dawn.com/news/1977231/protest-erupts-in-islamabad-after-khameneis-assassination,Other,,,,,,429,3.262,2026-08-20T12:18:15.888176,failed,HTTP 429
https://www.dawn.com/news/1977356/kse-100-plunges-16089-points-in-record-one-day-drop,Other,,,,,,429,32.411,2026-08-20T12:18:19.913145,failed,HTTP 429
https://www.dawn.com/news/1977189/inquiry-uncovers-financial-irregularities-in-matiari-court-building-construction,Other,,,,,,429,3.077,2026-08-20T12:18:20.857158,failed,HTTP 429
https://www.dawn.com/news/1977299/blast-at-india-explosives-factory-kills-17,Other,,,,,,429,2.758,2026-08-20T12:18:25.143247,failed,HTTP 429
https://www.dawn.com/news/1977300/belgium-seizes-oil-tanker-sailing-under-false-flag,Other,,,,,,403,1.591,2026-08-20T12:18:26.427350,failed,HTTP 403
https://www.dawn.com/news/1977168/milan-consolidate-top-four-credentials-with-win-at-cremonese,Other,,,,,,429,1.536,2026-08-20T12:18:26.679906,failed,HTTP 429
https://images.dawn.com/news/1194960/horror-thriller-sinners-triumphs-at-the-actor-awards-in-the-lead-up-to-the-oscars,Other,,,,,,,45.067,2026-08-20T12:18:29.138891,failed,Timeout
https://www.dawn.com/news/1977298/iran-israeli-hackers-trade-blows-as-war-enters-cyberspace,Other,,,,,,429,7.203,2026-08-20T12:18:29.456824,failed,HTTP 429
https://www.dawn.com/news/1977310,Other,,,,,,429,32.222,2026-08-20T12:18:29.758058,failed,HTTP 429
https://www.dawn.com/news/1976942/a-misaligned-legal-framework,Other,,,,,,429,1.443,2026-08-20T12:18:30.581881,failed,HTTP 429
https://www.dawn.com/news/1977176/united-climb-to-third-fulham-sink-sorry-spurs,Other,,,,,,403,11.181,2026-08-20T12:18:40.075268,failed,HTTP 403
https://www.dawn.com/news/1976954/a-rare-policy-alignment-for-exports,Other,,,,,,403,8.637,2026-08-20T12:18:40.303117,failed,HTTP 403
https://www.dawn.com/news/1977289/mwm-demo-against-us-israel-attack-on-iran,Other,,,,,,429,10.106,2026-08-20T12:18:42.042088,failed,HTTP 429
https://www.dawn.com/news/1977235/traffic-signals-on-major-roads-non-functional-for-three-months-in-rawalpindi,Other,,,,,,429,40.196,2026-08-20T12:18:45.492197,failed,HTTP 429
https://www.dawn.com/news/1976948/ai-in-the-corporate-sector,Other,,,,,,429,18.096,2026-08-20T12:18:47.246870,failed,HTTP 429
https://www.dawn.com/news/1977216/all-pti-wings-told-to-hold-sit-ins-outside-courts-adiala,Other,,,,,,,45.029,2026-08-20T12:19:00.915537,failed,Timeout
https://www.dawn.com/news/1977194/thousands-attend-funeral-of-seven-killed-near-us-consulate-in-karachi,Other,,,,,,,45.028,2026-08-20T12:19:06.999272,failed,Timeout
https://www.dawn.com/news/1978754/govt-decides-in-principle-to-implement-work-from-home-distance-learning-for-fuel-conservation,Other,,,,,,429,17.379,2026-08-20T12:19:10.242499,failed,HTTP 429
https://www.dawn.com/news/1978690/pakistan-orders-petrol-station-inspections,Other,,,,,,429,1.424,2026-08-20T12:19:10.790146,failed,HTTP 429
https://www.dawn.com/news/1978669/77pc-of-10-year-olds-unable-to-read-and-understand-simple-text-reveals-report,Other,,,,,,429,1.453,2026-08-20T12:19:15.346098,failed,HTTP 429
https://www.dawn.com/news/1978709/uk-mps-husband-accused-of-spying-for-china-released-by-police,Other,,,,,,429,10.125,2026-08-20T12:19:16.226381,failed,HTTP 429
https://images.dawn.com/news/1194979/ramazan-dramas-are-proof-pakistani-tv-can-do-joy-so-why-only-one-month-a-year,Other,,,,,,429,3.893,2026-08-20T12:19:17.589108,failed,HTTP 429
https://www.dawn.com/news/1978691/sbp-seen-holding-rates-steady-as-oil-surge-threatens-inflation-trajectory,Other,,,,,,429,8.422,2026-08-20T12:19:17.880616,failed,HTTP 429
https://www.dawn.com/news/1977294/joint-sitting-of-parliament-rescheduled,Other,,,,,,,45.019,2026-08-20T12:19:26.717367,failed,Timeout
https://www.dawn.com/news/1978475,Other,,,,,,403,20.02,2026-08-20T12:19:29.267787,failed,HTTP 403
https://images.dawn.com/news/1194976/yashma-gill-says-her-dad-didnt-talk-to-her-for-a-whole-year-when-she-started-acting,Other,,,,,,403,11.199,2026-08-20T12:19:36.023989,failed,HTTP 403
https://www.dawn.com/news/1978635/trying-three-iftar-buffets-in-islamabad-to-see-what-all-the-fuss-is-about,Other,,,,,,429,8.151,2026-08-20T12:19:41.707016,failed,HTTP 429
https://images.dawn.com/news/1194975/centuries-old-marble-bust-re-attributed-to-michelangelo-after-almost-200-years,Other,,,,,,429,3.186,2026-08-20T12:19:42.582668,failed,HTTP 429
https://www.dawn.com/news/1978614/bulls-regain-control-kse-100-rebounds-over-5400-points,Other,,,,,,429,3.067,2026-08-20T12:19:44.074252,failed,HTTP 429
https://www.dawn.com/news/1978629/south-korea-warns-irans-crisis-could-disrupt-supply-of-key-chipmaking-materials,Other,,,,,,429,16.479,2026-08-20T12:19:45.748865,failed,HTTP 429
https://www.dawn.com/news/1978615/gold-gains-on-safe-haven-demand-as-middle-east-conflict-widens,Other,,,,,,429,17.419,2026-08-20T12:19:52.901138,failed,HTTP 429
https://www.dawn.com/news/1978643/govt-refutes-ordering-temporary-suspension-of-port-entries-in-pakistan,Other,,,,,,,45.023,2026-08-20T12:20:13.679905,failed,Timeout
https://www.dawn.com/news/1978506/left-right-and-faithful-unite-to-demand-human-control-over-ai,Other,,,,,,429,2.435,2026-08-20T12:20:20.629415,failed,HTTP 429
https://www.dawn.com/news/1978551/england-have-belief-to-take-down-india-in-semi-final-says-brook,Other,,,,,,429,18.771,2026-08-20T12:20:21.721218,failed,HTTP 429
https://www.dawn.com/news/1978513,Other,,,,,,429,33.841,2026-08-20T12:20:24.978407,failed,HTTP 429
https://images.dawn.com/news/1194974/harry-styles-says-grieving-liam-payne-felt-strange-with-the-world-watching,Other,,,,,,,45.039,2026-08-20T12:20:25.141444,failed,Timeout
https://www.dawn.com/news/1978495/lawmakers-to-join-secp-policy-board,Other,,,,,,429,1.471,2026-08-20T12:20:26.612189,failed,HTTP 429
https://www.dawn.com/news/1978498/govt-again-raises-t-bill-rates,Other,,,,,,429,4.022,2026-08-20T12:20:26.838731,failed,HTTP 429
https://www.dawn.com/news/1978490/curfew-lifted-in-gilgit-continues-in-skardu,Other,,,,,,429,2.529,2026-08-20T12:20:27.671085,failed,HTTP 429
https://www.dawn.com/news/1978500,Other,,,,,,429,32.845,2026-08-20T12:20:27.892140,failed,HTTP 429
https://www.dawn.com/news/1978419/court-sentences-woman-to-death-for-killing-husband-in-kp,Other,,,,,,429,1.403,2026-08-20T12:20:36.728809,failed,HTTP 429
https://www.dawn.com/news/1978486/nine-killed-in-different-areas-of-balochistan,Other,,,,,,429,9.196,2026-08-20T12:20:37.090143,failed,HTTP 429
https://www.dawn.com/news/1978496/ship-agents-push-for-rule-change,Other,,,,,,429,32.838,2026-08-20T12:20:57.817677,failed,HTTP 429
https://www.dawn.com/news/1978476/us-kurds-explore-potential-military-operation-in-iran,Other,,,,,,429,4.171,2026-08-20T12:20:59.288009,failed,HTTP 429
https://www.dawn.com/news/1979859/explainer-what-to-know-about-dimona-israels-nuclear-site,Other,,,,,,429,2.396,2026-08-20T12:21:00.215560,failed,HTTP 429
https://www.dawn.com/news/1979830/explainer-who-might-succeed-in-irans-theocratic-system-of-power,Other,,,,,,429,2.427,2026-08-20T12:21:07.590310,failed,HTTP 429
https://www.dawn.com/news/1978487/uk-court-rejects-adil-rajas-pleas-to-challenge-ruling,Other,,,,,,,45.028,2026-08-20T12:21:12.700868,failed,Timeout
https://www.dawn.com/news/1978485/battered-by-us-israeli-strikes-iran-claims-control-of-hormuz-strait,Other,,,,,,,45.027,2026-08-20T12:21:13.346150,failed,Timeout
https://www.dawn.com/news/1978428/700-ponds-dry-up-in-punjabs-cholistan,Other,,,,,,,45.027,2026-08-20T12:21:22.118891,failed,Timeout
https://www.dawn.com/news/1979624,Other,,,,,,429,13.057,2026-08-20T12:21:35.175610,failed,HTTP 429
https://www.dawn.com/news/1979732/second-pakistani-killed-in-uae-due-to-falling-debris-from-aerial-interception-amid-ongoing-iran-us-israel-war,Other,,,,,,429,3.852,2026-08-20T12:21:36.042333,failed,HTTP 429
https://www.dawn.com/news/1979840/whole-country-will-stop-as-india-dreams-of-home-world-cup-glory,Other,,,,,,429,33.594,2026-08-20T12:21:37.056018,failed,HTTP 429
https://www.dawn.com/news/1979672,Other,,,,,,429,2.818,2026-08-20T12:21:39.035919,failed,HTTP 429
https://www.dawn.com/news/1979648/sindh-govt-makes-third-party-vehicle-insurance-mandatory,Other,,,,,,429,2.478,2026-08-20T12:21:40.174998,failed,HTTP 429
https://www.dawn.com/news/1979640/carney-supports-removing-andrew-from-succession,Other,,,,,,429,8.422,2026-08-20T12:21:41.055307,failed,HTTP 429
https://www.dawn.com/news/1979807/three-petrol-shipments-expected-on-monday-petroleum-minister,Other,,,,,,429,31.462,2026-08-20T12:21:43.349918,failed,HTTP 429
https://www.dawn.com/news/1979578/man-stabbed-during-robbery-as-gangs-loot-citizens-at-five-places-in-capital,Other,,,,,,,817.3,2026-08-20T12:35:20.340523,failed,"('Connection aborted.', ConnectionResetError(10054, 'An existing connection was forcibly closed by the remote host', None, 10054, None))"
https://www.dawn.com/news/1979786/chinese-fm-urges-us-to-manage-differences-in-face-of-trade-woes,Other,,,,,,,847.631,2026-08-20T12:35:21.811701,failed,"('Connection aborted.', ConnectionResetError(10054, 'An existing connection was forcibly closed by the remote host', None, 10054, None))"
https://www.dawn.com/news/1979579/kutchery-chowk-flyovers-underpasses-in-rawalpindi-set-to-open-for-traffic-before-eid,Other,,,,,,,814.956,2026-08-20T12:35:21.818809,failed,"('Connection aborted.', ConnectionResetError(10054, 'An existing connection was forcibly closed by the remote host', None, 10054, None))"
https://www.dawn.com/news/1979647,Other,,,,,,,853.638,2026-08-20T12:35:49.794674,failed,Timeout
https://www.bbc.co.uk/news/topics/cxrlk204xj2t,BBC,,,,,,,14.996,2026-08-20T12:36:09.649577,failed,Timeout
https://www.dawn.com/news/1979676/balochistan-govts-plan-for-new-districts-rejected,Other,,,,,,429,32.924,2026-08-20T12:36:18.157632,failed,HTTP 429
https://www.dawn.com/news/1981008/three-brothers-of-iraqi-origin-arrested-over-us-embassy-blast-in-oslo,Other,,,,,,,45.026,2026-08-20T12:36:35.448235,failed,Timeout
https://www.dawn.com/news/1980913/irans-new-supreme-leader-injured-but-safe-says-presidents-son,Other,,,,,,429,18.843,2026-08-20T12:36:36.844213,failed,HTTP 429
https://www.dawn.com/news/1980943/finance-minister-stresses-more-balanced-system-where-capital-markets-complement-banking-sector,Other,,,,,,429,32.548,2026-08-20T12:36:42.262237,failed,HTTP 429
https://www.dawn.com/news/1980894/no-matter-what-no-matter-when-pms-spokesperson-reiterates-support-for-saudi-arabia-before-it-is-needed,Other,,,,,,429,24.975,2026-08-20T12:36:43.133781,failed,HTTP 429
https://www.dawn.com/news/1980850/gold-edges-higher-on-safe-haven-demand-ahead-of-us-cpi-data,Other,,,,,,429,1.541,2026-08-20T12:36:44.674918,failed,HTTP 429
https://images.dawn.com/news/1194999/indonesia-moves-to-ban-social-media-apps-roblox-for-children-under-16,Other,,,,,,429,2.832,2026-08-20T12:36:46.265923,failed,HTTP 429
https://www.dawn.com/news/1980857/oil-falls-on-report-of-iea-proposing-biggest-oil-release-ever,Other,,,,,,429,4.463,2026-08-20T12:36:46.659741,failed,HTTP 429
https://www.dawn.com/news/1980875/ihc-fines-nab-rs100000-for-employing-delaying-tactics-in-ps190m-graft-case-against-imran-bushra,Other,,,,,,429,17.513,2026-08-20T12:36:48.050470,failed,HTTP 429
https://www.dawn.com/news/1980856/us-tariff-reprieve-sparks-scramble-and-scepticism-in-chinas-export-hubs,Other,,,,,,429,4.929,2026-08-20T12:36:48.064376,failed,HTTP 429
https://www.dawn.com/news/1980847/trump-touts-us-oil-refinery-deal-with-indias-energy-giant-reliance-industries,Other,,,,,,429,6.344,2026-08-20T12:36:53.806542,failed,HTTP 429
https://images.dawn.com/news/1195002/meet-10-year-old-max-alexander-the-youngest-designer-to-showcase-at-paris-fashion-week,Other,,,,,,429,24.649,2026-08-20T12:36:54.855845,failed,HTTP 429
https://www.dawn.com/news/1980789,Other,,,,,,429,1.426,2026-08-20T12:36:55.624704,failed,HTTP 429
https://www.dawn.com/news/1980796,Other,,,,,,429,2.511,2026-08-20T12:36:56.248797,failed,HTTP 429
https://www.dawn.com/news/1980851/iftar-sehri-timings-for-ramazan-2122,Other,,,,,,429,9.221,2026-08-20T12:36:56.638104,failed,HTTP 429
https://www.dawn.com/news/1980809/trio-set-for-debuts-as-pakistan-commence-2027-preparations-with-bangladesh-odis,Other,,,,,,429,2.045,2026-08-20T12:36:57.671666,failed,HTTP 429
https://www.dawn.com/news/1980891/what-international-media-had-to-say-about-the-appointment-of-irans-new-supreme-leader,Other,,,,,,429,32.468,2026-08-20T12:36:59.900275,failed,HTTP 429
https://www.dawn.com/news/1980806/icc-books-separate-flights-for-stranded-west-indies-south-africa-cricketers,Other,,,,,,403,5.027,2026-08-20T12:37:01.782238,failed,HTTP 403
https://www.dawn.com/news/1980784/troops-guard-bangladesh-depots-after-oil-riots,Other,,,,,,429,4.998,2026-08-20T12:37:02.671005,failed,HTTP 429
https://www.dawn.com/news/1980775/back-to-the-1970s-investors-brace-for-return-of-stagflation,Other,,,,,,429,4.84,2026-08-20T12:37:03.991151,failed,HTTP 429
https://www.dawn.com/news/1980849/kse-100-ends-lower-after-early-rally-loses-steam,Other,,,,,,429,21.626,2026-08-20T12:37:05.232880,failed,HTTP 429
https://www.dawn.com/news/1980653/na-passes-bill-for-compulsory-premarital-thalassaemia-screening-of-couples-in-capital,Other,,,,,,403,4.056,2026-08-20T12:37:12.618869,failed,HTTP 403
https://www.dawn.com/news/1980785/greenpeace-activists-storm-stage-at-frances-nuclear-summit,Other,,,,,,429,16.669,2026-08-20T12:37:13.952638,failed,HTTP 429
https://www.dawn.com/news/1980703/strengthening-tax-and-infrastructure-financing-systems-punjab-assembly-body-on-finance-recommends-two-amendment-bills,Other,,,,,,429,9.627,2026-08-20T12:37:22.248653,failed,HTTP 429
https://www.dawn.com/news/1980866/us-lawmakers-warn-of-trumps-incoherent-iran-war-strategy-after-classified-briefing,Other,,,,,,,45.034,2026-08-20T12:37:22.419543,failed,Timeout
https://www.dawn.com/news/1980720/board-of-revenue-told-to-file-original-record-of-gul-plaza-land,Other,,,,,,429,2.306,2026-08-20T12:37:24.191895,failed,HTTP 429
https://www.dawn.com/news/1980860/icc-rejects-bias-claims-over-travel-delays-after-west-indies-south-africa-teams-stranded-in-india,Other,,,,,,,45.023,2026-08-20T12:37:28.513027,failed,Timeout
https://www.dawn.com/news/1980699/20000-schoolteachers-without-pay-for-three-months-in-punjab,Other,,,,,,403,20.192,2026-08-20T12:37:32.564576,failed,HTTP 403
https://www.dawn.com/news/1980763/chinese-firms-plan-to-invest-26bn-in-balochistan,Other,,,,,,403,2.989,2026-08-20T12:37:35.556119,failed,HTTP 403
https://www.dawn.com/news/1980676/health-dept-issues-alert-as-kp-records-26-mpox-cases,Other,,,,,,429,34.909,2026-08-20T12:37:38.858962,failed,HTTP 429
https://www.dawn.com/news/1980724/auto-sales-rise-43pc-in-july-february,Other,,,,,,429,16.498,2026-08-20T12:37:39.950252,failed,HTTP 429
https://www.dawn.com/news/1980727/oil-plunges-15pc-amid-hopes-of-de-escalation,Other,,,,,,429,19.243,2026-08-20T12:37:43.437381,failed,HTTP 429
https://www.dawn.com/news/1980770/law-minister-nab-chief-fail-to-turn-up-for-senate-briefing,Other,,,,,,403,5.292,2026-08-20T12:37:45.725917,failed,HTTP 403
https://www.dawn.com/news/1980767/islamabad-advocate-general-asked-to-facilitate-aitzaz-ahsans-power-of-attorney-for-imran,Other,,,,,,429,8.603,2026-08-20T12:37:47.461312,failed,HTTP 429
https://www.dawn.com/news/1980769/imrans-sisters-protest-after-being-stopped-outside-adiala-jail,Other,,,,,,429,7.56,2026-08-20T12:37:47.949864,failed,HTTP 429
https://www.dawn.com/news/1980753/2000-pakistani-students-evacuated-from-iran-na-told,Other,,,,,,429,2.822,2026-08-20T12:37:49.687907,failed,HTTP 429
https://www.dawn.com/news/1980765/sc-commutes-death-sentence-of-father-to-life-imprisonment,Other,,,,,,429,19.785,2026-08-20T12:37:55.342445,failed,HTTP 429
https://www.dawn.com/news/1980722/govt-to-table-soe-bills-for-imf-compliance,Other,,,,,,429,34.846,2026-08-20T12:37:56.956858,failed,HTTP 429
https://www.dawn.com/news/1982036/how-the-middle-east-crisis-has-affected-sporting-events-and-athletes,Other,,,,,,429,2.448,2026-08-20T12:37:57.791735,failed,HTTP 429
https://www.dawn.com/news/1980726/remittances-steady-but-war-risks-loom,Other,,,,,,,45.015,2026-08-20T12:38:08.906406,failed,Timeout
https://www.dawn.com/news/1981999/icc-reprimands-salman-ali-agha-for-breaching-code-of-conduct-in-bangladesh-odi,Other,,,,,,429,1.474,2026-08-20T12:38:14.336339,failed,HTTP 429
https://www.dawn.com/news/1982034/info-ministry-rubbishes-afghan-claims-of-military-post-being-captured,Other,,,,,,429,17.436,2026-08-20T12:38:15.881577,failed,HTTP 429
https://www.dawn.com/news/1981986/iftar-sehri-timings-for-ramazan-2425,Other,,,,,,429,9.354,2026-08-20T12:38:25.659095,failed,HTTP 429
https://www.dawn.com/news/1980752/mideast-war-displaces-100000-in-lebanon-in-single-day-un,Other,,,,,,,45.014,2026-08-20T12:38:28.452483,failed,Timeout
https://www.dawn.com/news/1981939,Other,,,,,,429,8.557,2026-08-20T12:38:31.844804,failed,HTTP 429
https://www.dawn.com/news/1981979/china-urges-pakistan-afghanistan-to-resolve-tensions-via-talks-not-force,Other,,,,,,429,18.314,2026-08-20T12:38:34.702439,failed,HTTP 429
https://www.dawn.com/news/1981886,Other,,,,,,429,3.537,2026-08-20T12:38:34.798608,failed,HTTP 429
https://www.dawn.com/news/1981964/marines-missiles-and-messaging-is-washington-launching-a-ground-invasion,Other,,,,,,,11.53,2026-08-20T12:38:37.083554,failed,"('Connection aborted.', ConnectionResetError(10054, 'An existing connection was forcibly closed by the remote host', None, 10054, None))"
https://www.dawn.com/news/1982016/employees-of-soes-other-govt-supervised-bodies-to-face-5-30pc-salary-cut-as-part-of-austerity-measures-pmo,Other,,,,,,,45.029,2026-08-20T12:38:43.735390,failed,Timeout
https://www.dawn.com/news/1981810/two-youth-killed-in-swabi-car-motorcycle-collision,Other,,,,,,,45.054,2026-08-20T12:39:18.484381,failed,Timeout
https://www.dawn.com/news/1981818/fire-chief-blames-management-of-gul-plaza-for-loss-of-life,Other,,,,,,,54.664,2026-08-20T12:39:51.264685,failed,"HTTPSConnectionPool(host='www.dawn.com', port=443): Max retries exceeded with url: /news/1981818/fire-chief-blames-management-of-gul-plaza-for-loss-of-life (Caused by NewConnectionError(""HTTPSConnection(host='www.dawn.com', port=443): Failed to establish a new connection: [WinError 10051] A socket operation was attempted to an unreachable network""))"
https://www.dawn.com/news/1981851/anti-terrorism-court-extends-pre-arrest-bail-of-fawad-chaudhry-others,Other,,,,,,,63.428,2026-08-20T12:39:51.292486,failed,"HTTPSConnectionPool(host='www.dawn.com', port=443): Max retries exceeded with url: /news/1981851/anti-terrorism-court-extends-pre-arrest-bail-of-fawad-chaudhry-others (Caused by NewConnectionError(""HTTPSConnection(host='www.dawn.com', port=443): Failed to establish a new connection: [WinError 10053] An established connection was aborted by the software in your host machine""))"
https://www.dawn.com/news/1981892/fuel-dealers-warn-of-post-eid-strike-if-margins-not-raised,Other,,,,,,,0.03,2026-08-20T12:39:51.295102,failed,"HTTPSConnectionPool(host='www.dawn.com', port=443): Max retries exceeded with url: /news/1981892/fuel-dealers-warn-of-post-eid-strike-if-margins-not-raised (Caused by NameResolutionError(""HTTPSConnection(host='www.dawn.com', port=443): Failed to resolve 'www.dawn.com' ([Errno 11001] getaddrinfo failed)""))"
https://www.dawn.com/news/1981811/courts-have-no-jurisdiction-to-decide-issues-related-to-power-outages-peshawar-high-court,Other,,,,,,,77.149,2026-08-20T12:39:51.310623,failed,Timeout
https://www.dawn.com/news/1981895/lhc-stays-recovery-of-electricity-duty,Other,,,,,,,0.022,2026-08-20T12:39:51.317061,failed,"HTTPSConnectionPool(host='www.dawn.com', port=443): Max retries exceeded with url: /news/1981895/lhc-stays-recovery-of-electricity-duty (Caused by NameResolutionError(""HTTPSConnection(host='www.dawn.com', port=443): Failed to resolve 'www.dawn.com' ([Errno 11001] getaddrinfo failed)""))"
https://www.bbc.co.uk/news/topics/cn1mzwglx7rt,BBC,,,,,,,33.871,2026-08-20T12:39:51.320458,failed,"('Connection aborted.', ConnectionResetError(10054, 'An existing connection was forcibly closed by the remote host', None, 10054, None))"
https://www.dawn.com/news/1981876/forest-stunned-by-midtjylland-villa-beat-lille-in-europa-league,Other,,,,,,,32.842,2026-08-20T12:39:51.327009,failed,"HTTPSConnectionPool(host='www.dawn.com', port=443): Max retries exceeded with url: /news/1981876/forest-stunned-by-midtjylland-villa-beat-lille-in-europa-league (Caused by NewConnectionError(""HTTPSConnection(host='www.dawn.com', port=443): Failed to establish a new connection: [WinError 10051] A socket operation was attempted to an unreachable network""))"
https://www.dawn.com/news/1981815/crackdown-on-sale-of-adulterated-milk-planned-in-karachi,Other,,,,,,,56.533,2026-08-20T12:39:51.328030,failed,"HTTPSConnectionPool(host='www.dawn.com', port=443): Max retries exceeded with url: /news/1981815/crackdown-on-sale-of-adulterated-milk-planned-in-karachi (Caused by NewConnectionError(""HTTPSConnection(host='www.dawn.com', port=443): Failed to establish a new connection: [WinError 10051] A socket operation was attempted to an unreachable network""))"
https://www.dawn.com/news/1981894/oil-crosses-100-as-tanker-path-corrected,Other,,,,,,,0.037,2026-08-20T12:39:51.329897,failed,"HTTPSConnectionPool(host='www.dawn.com', port=443): Max retries exceeded with url: /news/1981894/oil-crosses-100-as-tanker-path-corrected (Caused by NameResolutionError(""HTTPSConnection(host='www.dawn.com', port=443): Failed to resolve 'www.dawn.com' ([Errno 11001] getaddrinfo failed)""))"
https://www.bbc.co.uk/news/topics/c7yjne18l72t,BBC,,,,,,,0.025,2026-08-20T12:39:51.336064,failed,"HTTPSConnectionPool(host='www.bbc.co.uk', port=443): Max retries exceeded with url: /news/topics/c7yjne18l72t (Caused by NameResolutionError(""HTTPSConnection(host='www.bbc.co.uk', port=443): Failed to resolve 'www.bbc.co.uk' ([Errno 11001] getaddrinfo failed)""))"
https://www.bbc.co.uk/news/topics/ck7rdz4ny19t,BBC,,,,,,,0.027,2026-08-20T12:39:51.343839,failed,"HTTPSConnectionPool(host='www.bbc.co.uk', port=443): Max retries exceeded with url: /news/topics/ck7rdz4ny19t (Caused by NameResolutionError(""HTTPSConnection(host='www.bbc.co.uk', port=443): Failed to resolve 'www.bbc.co.uk' ([Errno 11001] getaddrinfo failed)""))"
https://www.dawn.com/news/1981897/solar-wind-boost-energy-security-power-minister,Other,,,,,,,0.011,2026-08-20T12:39:51.347510,failed,"HTTPSConnectionPool(host='www.dawn.com', port=443): Max retries exceeded with url: /news/1981897/solar-wind-boost-energy-security-power-minister (Caused by NameResolutionError(""HTTPSConnection(host='www.dawn.com', port=443): Failed to resolve 'www.dawn.com' ([Errno 11001] getaddrinfo failed)""))"
https://www.dawn.com/news/1981896/foreign-inflows-into-t-bills-stall-amid-gulf-crisis,Other,,,,,,,0.02,2026-08-20T12:39:51.349737,failed,"HTTPSConnectionPool(host='www.dawn.com', port=443): Max retries exceeded with url: /news/1981896/foreign-inflows-into-t-bills-stall-amid-gulf-crisis (Caused by NameResolutionError(""HTTPSConnection(host='www.dawn.com', port=443): Failed to resolve 'www.dawn.com' ([Errno 11001] getaddrinfo failed)""))"
https://www.bbc.co.uk/news/topics/cmgm2jl7xwrt,BBC,,,,,,,0.037,2026-08-20T12:39:51.364302,failed,"HTTPSConnectionPool(host='www.bbc.co.uk', port=443): Max retries exceeded with url: /news/topics/cmgm2jl7xwrt (Caused by NameResolutionError(""HTTPSConnection(host='www.bbc.co.uk', port=443): Failed to resolve 'www.bbc.co.uk' ([Errno 11001] getaddrinfo failed)""))"
https://www.bbc.co.uk/news/topics/c680ywlp7j8t,BBC,,,,,,,0.046,2026-08-20T12:39:51.366346,failed,"HTTPSConnectionPool(host='www.bbc.co.uk', port=443): Max retries exceeded with url: /news/topics/c680ywlp7j8t (Caused by NameResolutionError(""HTTPSConnection(host='www.bbc.co.uk', port=443): Failed to resolve 'www.bbc.co.uk' ([Errno 11001] getaddrinfo failed)""))"
https://www.bbc.co.uk/news/topics/c4y260l8n1nt,BBC,,,,,,,0.058,2026-08-20T12:39:51.386468,failed,"HTTPSConnectionPool(host='www.bbc.co.uk', port=443): Max retries exceeded with url: /news/topics/c4y260l8n1nt (Caused by NameResolutionError(""HTTPSConnection(host='www.bbc.co.uk', port=443): Failed to resolve 'www.bbc.co.uk' ([Errno 11001] getaddrinfo failed)""))"
https://www.dawn.com/news/1981901/parents-highlight-plight-of-students-returning-from-iran,Other,,,,,,,0.052,2026-08-20T12:39:51.402032,failed,"HTTPSConnectionPool(host='www.dawn.com', port=443): Max retries exceeded with url: /news/1981901/parents-highlight-plight-of-students-returning-from-iran (Caused by NameResolutionError(""HTTPSConnection(host='www.dawn.com', port=443): Failed to resolve 'www.dawn.com' ([Errno 11001] getaddrinfo failed)""))"
https://www.dawn.com/news/1981899/marriage-halls-told-to-register-with-tax-authority-in-quetta,Other,,,,,,,0.06,2026-08-20T12:39:51.407599,failed,"HTTPSConnectionPool(host='www.dawn.com', port=443): Max retries exceeded with url: /news/1981899/marriage-halls-told-to-register-with-tax-authority-in-quetta (Caused by NameResolutionError(""HTTPSConnection(host='www.dawn.com', port=443): Failed to resolve 'www.dawn.com' ([Errno 11001] getaddrinfo failed)""))"
https://www.bbc.co.uk/news/topics/cr0meyljxgjt,BBC,,,,,,,0.044,2026-08-20T12:39:51.408428,failed,"HTTPSConnectionPool(host='www.bbc.co.uk', port=443): Max retries exceeded with url: /news/topics/cr0meyljxgjt (Caused by NameResolutionError(""HTTPSConnection(host='www.bbc.co.uk', port=443): Failed to resolve 'www.bbc.co.uk' ([Errno 11001] getaddrinfo failed)""))"
https://www.bbc.co.uk/news/topics/cdd52rye4npt,BBC,,,,,,,0.056,2026-08-20T12:39:51.421974,failed,"HTTPSConnectionPool(host='www.bbc.co.uk', port=443): Max retries exceeded with url: /news/topics/cdd52rye4npt (Caused by NameResolutionError(""HTTPSConnection(host='www.bbc.co.uk', port=443): Failed to resolve 'www.bbc.co.uk' ([Errno 11001] getaddrinfo failed)""))"
https://www.bbc.co.uk/news/topics/cwdnmkzrxlwt,BBC,,,,,,,0.038,2026-08-20T12:39:51.424791,failed,"HTTPSConnectionPool(host='www.bbc.co.uk', port=443): Max retries exceeded with url: /news/topics/cwdnmkzrxlwt (Caused by NameResolutionError(""HTTPSConnection(host='www.bbc.co.uk', port=443): Failed to resolve 'www.bbc.co.uk' ([Errno 11001] getaddrinfo failed)""))"
https://www.bbc.co.uk/news/topics/c51z9jlyknjt,BBC,,,,,,,0.025,2026-08-20T12:39:51.427245,failed,"HTTPSConnectionPool(host='www.bbc.co.uk', port=443): Max retries exceeded with url: /news/topics/c51z9jlyknjt (Caused by NameResolutionError(""HTTPSConnection(host='www.bbc.co.uk', port=443): Failed to resolve 'www.bbc.co.uk' ([Errno 11001] getaddrinfo failed)""))"
https://www.dawn.com/news/1981898/textile-exports-fall-on-sluggish-demand,Other,,,,,,,0.084,2026-08-20T12:39:51.427861,failed,"HTTPSConnectionPool(host='www.dawn.com', port=443): Max retries exceeded with url: /news/1981898/textile-exports-fall-on-sluggish-demand (Caused by NameResolutionError(""HTTPSConnection(host='www.dawn.com', port=443): Failed to resolve 'www.dawn.com' ([Errno 11001] getaddrinfo failed)""))"
https://www.bbc.co.uk/news/topics/czm9gyw6x4gt,BBC,,,,,,,0.022,2026-08-20T12:39:51.429764,failed,"HTTPSConnectionPool(host='www.bbc.co.uk', port=443): Max retries exceeded with url: /news/topics/czm9gyw6x4gt (Caused by NameResolutionError(""HTTPSConnection(host='www.bbc.co.uk', port=443): Failed to resolve 'www.bbc.co.uk' ([Errno 11001] getaddrinfo failed)""))"
https://www.dawn.com/news/1981902/four-killed-in-kech-khuzdar-firing-incidents,Other,,,,,,,0.037,2026-08-20T12:39:51.445755,failed,"HTTPSConnectionPool(host='www.dawn.com', port=443): Max retries exceeded with url: /news/1981902/four-killed-in-kech-khuzdar-firing-incidents (Caused by NameResolutionError(""HTTPSConnection(host='www.dawn.com', port=443): Failed to resolve 'www.dawn.com' ([Errno 11001] getaddrinfo failed)""))"
https://www.bbc.co.uk/news/topics/cjkm52r6l18t,BBC,,,,,,,0.031,2026-08-20T12:39:51.460583,failed,"HTTPSConnectionPool(host='www.bbc.co.uk', port=443): Max retries exceeded with url: /news/topics/cjkm52r6l18t (Caused by NameResolutionError(""HTTPSConnection(host='www.bbc.co.uk', port=443): Failed to resolve 'www.bbc.co.uk' ([Errno 11001] getaddrinfo failed)""))"
https://www.dawn.com/news/1981906/pmd-forecasts-another-rain-spell-in-northern-areas,Other,,,,,,,0.043,2026-08-20T12:39:51.465394,failed,"HTTPSConnectionPool(host='www.dawn.com', port=443): Max retries exceeded with url: /news/1981906/pmd-forecasts-another-rain-spell-in-northern-areas (Caused by NameResolutionError(""HTTPSConnection(host='www.dawn.com', port=443): Failed to resolve 'www.dawn.com' ([Errno 11001] getaddrinfo failed)""))"
https://www.dawn.com/news/1981870/sri-lanka-repatriates-remains-of-84-iranian-sailors,Other,,,,,,,0.042,2026-08-20T12:39:51.470140,failed,"HTTPSConnectionPool(host='www.dawn.com', port=443): Max retries exceeded with url: /news/1981870/sri-lanka-repatriates-remains-of-84-iranian-sailors (Caused by NameResolutionError(""HTTPSConnection(host='www.dawn.com', port=443): Failed to resolve 'www.dawn.com' ([Errno 11001] getaddrinfo failed)""))"
https://www.dawn.com/news/1981908/federal-constitutional-court-sets-aside-class-iv-appointments-at-karak-dhq-hospital,Other,,,,,,,0.051,2026-08-20T12:39:51.476150,failed,"HTTPSConnectionPool(host='www.dawn.com', port=443): Max retries exceeded with url: /news/1981908/federal-constitutional-court-sets-aside-class-iv-appointments-at-karak-dhq-hospital (Caused by NameResolutionError(""HTTPSConnection(host='www.dawn.com', port=443): Failed to resolve 'www.dawn.com' ([Errno 11001] getaddrinfo failed)""))"
https://www.dawn.com/news/1981867/war-displaces-up-to-32m-iranians-internally-unhcr,Other,,,,,,,0.058,2026-08-20T12:39:51.485599,failed,"HTTPSConnectionPool(host='www.dawn.com', port=443): Max retries exceeded with url: /news/1981867/war-displaces-up-to-32m-iranians-internally-unhcr (Caused by NameResolutionError(""HTTPSConnection(host='www.dawn.com', port=443): Failed to resolve 'www.dawn.com' ([Errno 11001] getaddrinfo failed)""))"
https://www.bbc.co.uk/news/topics/cerlz4j5mxyt,BBC,,,,,,,0.057,2026-08-20T12:39:51.502412,failed,"HTTPSConnectionPool(host='www.bbc.co.uk', port=443): Max retries exceeded with url: /news/topics/cerlz4j5mxyt (Caused by NameResolutionError(""HTTPSConnection(host='www.bbc.co.uk', port=443): Failed to resolve 'www.bbc.co.uk' ([Errno 11001] getaddrinfo failed)""))"
https://www.bbc.co.uk/news/topics/c0n16pl8ydlt,BBC,,,,,,,0.05,2026-08-20T12:39:51.510882,failed,"HTTPSConnectionPool(host='www.bbc.co.uk', port=443): Max retries exceeded with url: /news/topics/c0n16pl8ydlt (Caused by NameResolutionError(""HTTPSConnection(host='www.bbc.co.uk', port=443): Failed to resolve 'www.bbc.co.uk' ([Errno 11001] getaddrinfo failed)""))"
https://www.bbc.co.uk/news/topics/c27962l8m4kt,BBC,,,,,,,0.079,2026-08-20T12:39:51.544507,failed,"HTTPSConnectionPool(host='www.bbc.co.uk', port=443): Max retries exceeded with url: /news/topics/c27962l8m4kt (Caused by NameResolutionError(""HTTPSConnection(host='www.bbc.co.uk', port=443): Failed to resolve 'www.bbc.co.uk' ([Errno 11001] getaddrinfo failed)""))"
https://www.bbc.co.uk/news/topics/cgmxj6eynw1t,BBC,,,,,,,33.992,2026-08-20T12:39:51.775805,failed,"('Connection aborted.', ConnectionResetError(10054, 'An existing connection was forcibly closed by the remote host', None, 10054, None))"
https://www.dawn.com/news/1981922/nato-trains-in-arctic-sending-signal-to-russia,Other,,,,,,,51.266,2026-08-20T12:39:53.190434,failed,"('Connection aborted.', ConnectionResetError(10054, 'An existing connection was forcibly closed by the remote host', None, 10054, None))"
https://www.dawn.com/news/1981931/new-nepal-govt-faces-same-old-challenges,Other,,,,,,,50.301,2026-08-20T12:39:53.242222,failed,"('Connection aborted.', ConnectionResetError(10054, 'An existing connection was forcibly closed by the remote host', None, 10054, None))"
https://www.dawn.com/news/1981890/fertiliser-companies-earnings-rise-in-2025,Other,,,,,,,34.988,2026-08-20T12:39:53.490531,failed,"('Connection aborted.', ConnectionResetError(10054, 'An existing connection was forcibly closed by the remote host', None, 10054, None))"
https://www.dawn.com/news/1982984/pakistans-solar-boom-shielding-country-from-hormuz-disruptions-study,Other,,,,,,403,11.133,2026-08-20T12:40:24.215047,failed,HTTP 403
https://www.dawn.com/news/1982997/jailed-pti-leaders-criticise-lack-of-economic-restructuring-measures-amid-gulf-conflict,Other,,,,,,403,26.532,2026-08-20T12:40:34.858675,failed,HTTP 403
https://images.dawn.com/news/1195032/were-making-fake-films-nawazuddin-siddiqui-thinks-bollywood-has-a-responsibility-to-tell-the-truth,Other,,,,,,429,17.111,2026-08-20T12:40:35.320007,failed,HTTP 429
https://www.dawn.com/news/1983070/gamers-recoil-as-nvidia-touts-new-graphics-boost,Other,,,,,,429,44.98,2026-08-20T12:40:39.650572,failed,HTTP 429
https://www.dawn.com/news/1982920,Other,,,,,,429,22.083,2026-08-20T12:40:41.578633,failed,HTTP 429
https://www.dawn.com/news/1982933/us-iran-officials-make-first-direct-contact-since-war-say-us-media,Other,,,,,,429,18.803,2026-08-20T12:40:43.488388,failed,HTTP 429
https://www.dawn.com/news/1982884,Other,,,,,,429,4.877,2026-08-20T12:40:44.529201,failed,HTTP 429
https://www.dawn.com/news/1982916,Other,,,,,,429,20.764,2026-08-20T12:40:45.214427,failed,HTTP 429
https://www.dawn.com/news/1982906,Other,,,,,,429,19.837,2026-08-20T12:40:47.170126,failed,HTTP 429
https://www.dawn.com/news/1982896/3000-federal-personnel-to-be-deployed-in-balochistan,Other,,,,,,429,3.33,2026-08-20T12:40:48.545470,failed,HTTP 429
https://www.dawn.com/news/1982912/fdi-inflows-drop-33pc-in-july-february,Other,,,,,,429,23.926,2026-08-20T12:40:59.953300,failed,HTTP 429
https://www.dawn.com/news/1982801/english-sides-seek-redemption-from-cl-reality-check,Other,,,,,,429,2.916,2026-08-20T12:40:59.956344,failed,HTTP 429
https://www.dawn.com/news/1982893/balochistan-to-upgrade-1000-schools,Other,,,,,,429,18.906,2026-08-20T12:41:08.025093,failed,HTTP 429
https://www.dawn.com/news/1982901/punjab-to-buy-10-vehicles-for-superior-court-judges,Other,,,,,,429,24.265,2026-08-20T12:41:08.898137,failed,HTTP 429
https://www.dawn.com/news/1982885/attack-on-diamer-check-post-foiled,Other,,,,,,429,20.08,2026-08-20T12:41:09.563987,failed,HTTP 429
https://www.dawn.com/news/1982910/high-gst-proposal-worries-hybrid-manufacturers,Other,,,,,,429,31.553,2026-08-20T12:41:09.955336,failed,HTTP 429
https://www.dawn.com/news/1982832/new-claimant-seeks-pti-registration-in-ajk-before-poll-body-hearing,Other,,,,,,429,3.562,2026-08-20T12:41:11.162555,failed,HTTP 429
https://www.dawn.com/news/1982794/bilawal-asks-govt-to-convene-meeting-of-provincial-finance-commission,Other,,,,,,429,1.424,2026-08-20T12:41:11.381478,failed,HTTP 429
https://www.dawn.com/news/1982887/pm-orders-salaries-for-govt-employees-before-eid,Other,,,,,,429,22.668,2026-08-20T12:41:11.895807,failed,HTTP 429
https://www.dawn.com/news/1982835/commuters-continue-to-face-gridlock-amid-kutchery-chowk-work,Other,,,,,,429,2.925,2026-08-20T12:41:12.201578,failed,HTTP 429
https://www.dawn.com/news/1982851/landslide-blocks-road-in-chitral,Other,,,,,,,6.425,2026-08-20T12:41:13.485172,failed,"('Connection aborted.', ConnectionResetError(10054, 'An existing connection was forcibly closed by the remote host', None, 10054, None))"
https://www.dawn.com/news/1982842/islamabad-high-court-lifts-stay-order-on-recruitment-clears-path-for-hirings-in-islamabad,Other,,,,,,429,4.872,2026-08-20T12:41:14.436954,failed,HTTP 429
https://www.dawn.com/news/1982869/gb-lawyers-go-on-strike-over-colleagues-arrest,Other,,,,,,403,9.919,2026-08-20T12:41:25.947112,failed,HTTP 403
https://www.dawn.com/news/1982867/war-shuts-classroom-door-on-52-million-children-aid-group-says,Other,,,,,,429,4.73,2026-08-20T12:41:26.410081,failed,HTTP 429
https://www.dawn.com/news/1982796/ali-wazir-released-from-sukkur-prison-after-bail-in-sedition-case,Other,,,,,,429,20.709,2026-08-20T12:41:32.877917,failed,HTTP 429
https://www.dawn.com/news/1982772/punjab-authorities-take-action-against-1500-profiteers-in-three-days,Other,,,,,,429,23.596,2026-08-20T12:41:33.544441,failed,HTTP 429
https://images.dawn.com/news/1195049/action-film-legend-chuck-norris-passes-away,Other,,,,,,429,3.974,2026-08-20T12:41:37.519396,failed,HTTP 429
https://www.dawn.com/news/1984122/pm-shehbaz-rejects-recommendations-for-further-hike-in-petrol-diesel-prices,Other,,,,,,429,20.078,2026-08-20T12:41:46.027263,failed,HTTP 429
https://www.dawn.com/news/1982868/minab-school-strike-violated-humanitarian-law-amnesty,Other,,,,,,429,32.34,2026-08-20T12:41:47.978582,failed,HTTP 429
https://www.dawn.com/news/1984057/running-on-sunshine-pakistans-solar-boom-to-tide-over-middle-east-energy-crisis,Other,,,,,,403,6.558,2026-08-20T12:41:50.053012,failed,HTTP 403
https://www.dawn.com/news/1982870/pti-files-disqualification-plea-against-abro-again,Other,,,,,,429,34.343,2026-08-20T12:41:51.048468,failed,HTTP 429
https://www.dawn.com/news/1984035/rain-likely-in-karachi-other-sindh-cities-on-1st-day-of-eid-pmd,Other,,,,,,429,4.622,2026-08-20T12:41:52.338939,failed,HTTP 429
https://www.dawn.com/news/1984065/5-arrested-terrorist-plot-targeting-railway-tracks-in-karachi-foiled-sindh-ctd,Other,,,,,,429,17.518,2026-08-20T12:41:55.039036,failed,HTTP 429
https://www.dawn.com/news/1984021/pm-albanese-heckled-booed-during-visit-to-australias-largest-mosque-over-stance-on-israel,Other,,,,,,429,3.278,2026-08-20T12:41:57.395098,failed,HTTP 429
https://images.dawn.com/news/1195047,Other,,,,,,429,16.521,2026-08-20T12:42:00.252157,failed,HTTP 429
https://images.dawn.com/news/1195043/indian-release-of-the-voice-of-hind-rajab-reportedly-blocked-in-effort-to-preserve-india-israel-ties,Other,,,,,,429,2.032,2026-08-20T12:42:02.000050,failed,HTTP 429
https://www.dawn.com/news/1984005/govt-rubbishes-afghan-talibans-frivolous-claim-of-pakistan-violating-truce,Other,,,,,,429,5.622,2026-08-20T12:42:05.320619,failed,HTTP 429
https://www.dawn.com/news/1984033/trump-appointed-arts-panel-approves-gold-coin-featuring-his-image,Other,,,,,,429,18.154,2026-08-20T12:42:06.302766,failed,HTTP 429
https://www.dawn.com/news/1983976/mutton-beef-prices-in-rawalpindi-go-out-of-reach-ahead-of-eid,Other,,,,,,429,3.442,2026-08-20T12:42:09.161799,failed,HTTP 429
https://www.dawn.com/news/1983968/pmdc-calls-for-narrowing-gap-between-graduates-and-available-pg-training-opportunities,Other,,,,,,429,2.918,2026-08-20T12:42:09.222004,failed,HTTP 429
https://www.dawn.com/news/1983978/islamabad-high-court-bars-home-demolitions-in-ghauri-town,Other,,,,,,429,4.734,2026-08-20T12:42:10.055326,failed,HTTP 429
https://images.dawn.com/news/1195044/as-war-rages-on-and-fuel-prices-rise-pakistani-fashion-is-dented-but-not-dead,Other,,,,,,403,19.513,2026-08-20T12:42:14.553862,failed,HTTP 403
https://www.dawn.com/news/1983961/murad-orders-faster-pace-on-k-iv-warns-against-damage-to-utilities,Other,,,,,,429,2.448,2026-08-20T12:42:15.420812,failed,HTTP 429
https://www.dawn.com/news/1983959/access-routes-cleared-promptly-during-gul-plaza-fire-south-dc-tells-commission,Other,,,,,,429,1.397,2026-08-20T12:42:15.953112,failed,HTTP 429
https://www.dawn.com/news/1983932/thailands-new-parliament-elects-anutin-charnvirakul-as-prime-minister,Other,,,,,,429,2.529,2026-08-20T12:42:18.894711,failed,HTTP 429
https://www.dawn.com/news/1983937,Other,,,,,,429,17.907,2026-08-20T12:42:19.908173,failed,HTTP 429
https://www.dawn.com/news/1983810/police-finalise-security-plan-for-eid-in-peshawar,Other,,,,,,429,3.844,2026-08-20T12:42:20.299812,failed,HTTP 429
https://www.dawn.com/news/1984069/no-shortage-of-fertiliser-anticipated-for-rabi-kharif-crops,Other,,,,,,,45.055,2026-08-20T12:42:20.476613,failed,Timeout
https://www.dawn.com/news/1983815/youth-a-strategic-asset-for-country-says-cm-afridi,Other,,,,,,429,2.923,2026-08-20T12:42:20.950695,failed,HTTP 429
https://www.dawn.com/news/1983868/30-planes-prevented-from-entering-iranian-war-zone-pakistan-airport-authority,Other,,,,,,429,1.881,2026-08-20T12:42:23.023565,failed,HTTP 429
https://www.dawn.com/news/1984026/norway-crown-princess-says-manipulated-by-epstein,Other,,,,,,,45.037,2026-08-20T12:42:39.074506,failed,Timeout
https://www.dawn.com/news/1983872/rain-strong-winds-lash-various-districts-in-lahore,Other,,,,,,,18.59,2026-08-20T12:42:42.919225,failed,Timeout
https://www.dawn.com/news/1983916/fbr-revises-transhipment-rules-amid-gulf-crisis,Other,,,,,,403,3.962,2026-08-20T12:42:54.250946,failed,HTTP 403
https://www.dawn.com/news/1983847/boycotting-us-not-world-cup-irans-football-chief,Other,,,,,,403,19.806,2026-08-20T12:43:02.725160,failed,HTTP 403
https://www.dawn.com/news/1983900/govt-urges-conservation-amid-risks-to-fuel-supply,Other,,,,,,429,2.036,2026-08-20T12:43:03.025867,failed,HTTP 429
https://www.dawn.com/news/1983830/counter-terrorism-department-kills-wanted-militant-in-dera-ismail-khan,Other,,,,,,,45.002,2026-08-20T12:43:05.634910,failed,Timeout
https://www.dawn.com/news/1983869/price-hikes-in-multan-market-due-to-iran-war-dampen-eid-in-pakistan,Other,,,,,,,45.011,2026-08-20T12:43:06.195432,failed,Timeout
https://www.dawn.com/news/1983901/us-rushes-16bn-arms-to-gulf-after-iran-warns-of-zero-restraint,Other,,,,,,429,5.027,2026-08-20T12:43:10.170980,failed,HTTP 429
https://www.dawn.com/news/1984628/president-zardari-approves-military-awards-for-1989-armed-forces-personnel,Other,,,,,,429,4.319,2026-08-20T12:43:10.174095,failed,HTTP 429
https://www.dawn.com/news/1984632/war-diary-day-24-trumps-tactical-pause-buys-time-not-resolution,Other,,,,,,429,5.749,2026-08-20T12:43:11.809376,failed,HTTP 429
https://www.dawn.com/news/1984621/met-office-predicts-rain-thunderstorms-across-country-from-march-24-30,Other,,,,,,429,3.779,2026-08-20T12:43:15.591729,failed,HTTP 429
https://www.dawn.com/news/1984607/trump-backs-down-on-strikes-on-irans-power-network-claims-us-and-tehran-holding-talks,Other,,,,,,429,3.884,2026-08-20T12:43:16.102081,failed,HTTP 429
https://www.dawn.com/news/1983845/ipl-lags-hundred-south-africa-20-in-player-welfare-global-players-body,Other,,,,,,,374.175,2026-08-20T12:48:55.723821,failed,"HTTPSConnectionPool(host='www.dawn.com', port=443): Max retries exceeded with url: /news/1983845/ipl-lags-hundred-south-africa-20-in-player-welfare-global-players-body (Caused by NewConnectionError(""HTTPSConnection(host='www.dawn.com', port=443): Failed to establish a new connection: [WinError 10053] An established connection was aborted by the software in your host machine""))"
https://www.dawn.com/news/1984599/president-zardari-directs-ministers-to-prioritise-public-relief-curb-fuel-price-burden,Other,,,,,,,343.345,2026-08-20T12:48:55.732219,failed,"HTTPSConnectionPool(host='www.dawn.com', port=443): Max retries exceeded with url: /news/1984599/president-zardari-directs-ministers-to-prioritise-public-relief-curb-fuel-price-burden (Caused by NewConnectionError(""HTTPSConnection(host='www.dawn.com', port=443): Failed to establish a new connection: [WinError 10051] A socket operation was attempted to an unreachable network""))"
https://images.dawn.com/news/1195054/tv-channels-earn-so-much-money-while-junior-artists-technicians-get-left-behind-says-mahira-khan,Other,,,,,,,338.074,2026-08-20T12:48:55.747780,failed,"HTTPSConnectionPool(host='images.dawn.com', port=443): Max retries exceeded with url: /news/1195054/tv-channels-earn-so-much-money-while-junior-artists-technicians-get-left-behind-says-mahira-khan (Caused by NewConnectionError(""HTTPSConnection(host='images.dawn.com', port=443): Failed to establish a new connection: [WinError 10051] A socket operation was attempted to an unreachable network""))"
https://www.bbc.co.uk/news/topics/c27962l88j0t,BBC,,,,,,,0.019,2026-08-20T12:48:55.751685,failed,"HTTPSConnectionPool(host='www.bbc.co.uk', port=443): Max retries exceeded with url: /news/topics/c27962l88j0t (Caused by NameResolutionError(""HTTPSConnection(host='www.bbc.co.uk', port=443): Failed to resolve 'www.bbc.co.uk' ([Errno 11001] getaddrinfo failed)""))"
https://www.bbc.co.uk/news/topics/czm9gyw66j6t,BBC,,,,,,,0.029,2026-08-20T12:48:55.752463,failed,"HTTPSConnectionPool(host='www.bbc.co.uk', port=443): Max retries exceeded with url: /news/topics/czm9gyw66j6t (Caused by NameResolutionError(""HTTPSConnection(host='www.bbc.co.uk', port=443): Failed to resolve 'www.bbc.co.uk' ([Errno 11001] getaddrinfo failed)""))"
https://www.dawn.com/news/1983890/tories-face-backlash-over-anti-muslim-rhetoric,Other,,,,,,,356.558,2026-08-20T12:48:55.757050,failed,"HTTPSConnectionPool(host='www.dawn.com', port=443): Max retries exceeded with url: /news/1983890/tories-face-backlash-over-anti-muslim-rhetoric (Caused by NewConnectionError(""HTTPSConnection(host='www.dawn.com', port=443): Failed to establish a new connection: [WinError 10051] A socket operation was attempted to an unreachable network""))"
https://www.bbc.co.uk/news/topics/cy4ngzjmm0zt,BBC,,,,,,,0.01,2026-08-20T12:48:55.762656,failed,"HTTPSConnectionPool(host='www.bbc.co.uk', port=443): Max retries exceeded with url: /news/topics/cy4ngzjmm0zt (Caused by NameResolutionError(""HTTPSConnection(host='www.bbc.co.uk', port=443): Failed to resolve 'www.bbc.co.uk' ([Errno 11001] getaddrinfo failed)""))"
https://www.bbc.co.uk/news/topics/c90ekd988mpt,BBC,,,,,,,0.014,2026-08-20T12:48:55.766270,failed,"HTTPSConnectionPool(host='www.bbc.co.uk', port=443): Max retries exceeded with url: /news/topics/c90ekd988mpt (Caused by NameResolutionError(""HTTPSConnection(host='www.bbc.co.uk', port=443): Failed to resolve 'www.bbc.co.uk' ([Errno 11001] getaddrinfo failed)""))"
https://www.bbc.co.uk/news/topics/cxrlk2044zmt,BBC,,,,,,,0.021,2026-08-20T12:48:55.768613,failed,"HTTPSConnectionPool(host='www.bbc.co.uk', port=443): Max retries exceeded with url: /news/topics/cxrlk2044zmt (Caused by NameResolutionError(""HTTPSConnection(host='www.bbc.co.uk', port=443): Failed to resolve 'www.bbc.co.uk' ([Errno 11001] getaddrinfo failed)""))"
https://www.dawn.com/news/1984591/gold-falls-over-rs43000-to-rs447762-per-tola,Other,,,,,,,0.021,2026-08-20T12:48:55.777705,failed,"HTTPSConnectionPool(host='www.dawn.com', port=443): Max retries exceeded with url: /news/1984591/gold-falls-over-rs43000-to-rs447762-per-tola (Caused by NameResolutionError(""HTTPSConnection(host='www.dawn.com', port=443): Failed to resolve 'www.dawn.com' ([Errno 11001] getaddrinfo failed)""))"
https://www.dawn.com/news/1984580/russias-max-the-unencrypted-super-app-being-forced-on-citizens,Other,,,,,,,0.013,2026-08-20T12:48:55.781830,failed,"HTTPSConnectionPool(host='www.dawn.com', port=443): Max retries exceeded with url: /news/1984580/russias-max-the-unencrypted-super-app-being-forced-on-citizens (Caused by NameResolutionError(""HTTPSConnection(host='www.dawn.com', port=443): Failed to resolve 'www.dawn.com' ([Errno 11001] getaddrinfo failed)""))"
https://www.dawn.com/news/1984586/new-yorks-laguardia-airport-shut-down-as-pilot-co-pilot-killed-in-runway-collision,Other,,,,,,,0.021,2026-08-20T12:48:55.787097,failed,"HTTPSConnectionPool(host='www.dawn.com', port=443): Max retries exceeded with url: /news/1984586/new-yorks-laguardia-airport-shut-down-as-pilot-co-pilot-killed-in-runway-collision (Caused by NameResolutionError(""HTTPSConnection(host='www.dawn.com', port=443): Failed to resolve 'www.dawn.com' ([Errno 11001] getaddrinfo failed)""))"
https://www.dawn.com/news/1984589/london-jewish-community-ambulances-set-ablaze-in-antisemitic-attack-uk-pm-starmer,Other,,,,,,,0.025,2026-08-20T12:48:55.787842,failed,"HTTPSConnectionPool(host='www.dawn.com', port=443): Max retries exceeded with url: /news/1984589/london-jewish-community-ambulances-set-ablaze-in-antisemitic-attack-uk-pm-starmer (Caused by NameResolutionError(""HTTPSConnection(host='www.dawn.com', port=443): Failed to resolve 'www.dawn.com' ([Errno 11001] getaddrinfo failed)""))"
https://www.dawn.com/news/1984575/pm-shehbaz-bans-use-of-high-octane-fuel-in-govt-vehicles,Other,,,,,,,0.023,2026-08-20T12:48:55.800403,failed,"HTTPSConnectionPool(host='www.dawn.com', port=443): Max retries exceeded with url: /news/1984575/pm-shehbaz-bans-use-of-high-octane-fuel-in-govt-vehicles (Caused by NameResolutionError(""HTTPSConnection(host='www.dawn.com', port=443): Failed to resolve 'www.dawn.com' ([Errno 11001] getaddrinfo failed)""))"
https://www.bbc.co.uk/news/topics/c1kr6pl8806t,BBC,,,,,,,0.015,2026-08-20T12:48:55.803264,failed,"HTTPSConnectionPool(host='www.bbc.co.uk', port=443): Max retries exceeded with url: /news/topics/c1kr6pl8806t (Caused by NameResolutionError(""HTTPSConnection(host='www.bbc.co.uk', port=443): Failed to resolve 'www.bbc.co.uk' ([Errno 11001] getaddrinfo failed)""))"
https://www.bbc.co.uk/news/topics/c8zwn5l884lt,BBC,,,,,,,0.022,2026-08-20T12:48:55.804337,failed,"HTTPSConnectionPool(host='www.bbc.co.uk', port=443): Max retries exceeded with url: /news/topics/c8zwn5l884lt (Caused by NameResolutionError(""HTTPSConnection(host='www.bbc.co.uk', port=443): Failed to resolve 'www.bbc.co.uk' ([Errno 11001] getaddrinfo failed)""))"
https://www.bbc.co.uk/news/topics/cp29j5lzz6pt,BBC,,,,,,,0.019,2026-08-20T12:48:55.806332,failed,"HTTPSConnectionPool(host='www.bbc.co.uk', port=443): Max retries exceeded with url: /news/topics/cp29j5lzz6pt (Caused by NameResolutionError(""HTTPSConnection(host='www.bbc.co.uk', port=443): Failed to resolve 'www.bbc.co.uk' ([Errno 11001] getaddrinfo failed)""))"
https://www.dawn.com/news/1984570/planet-trapped-record-heat-in-2025-un,Other,,,,,,,0.01,2026-08-20T12:48:55.816066,failed,"HTTPSConnectionPool(host='www.dawn.com', port=443): Max retries exceeded with url: /news/1984570/planet-trapped-record-heat-in-2025-un (Caused by NameResolutionError(""HTTPSConnection(host='www.dawn.com', port=443): Failed to resolve 'www.dawn.com' ([Errno 11001] getaddrinfo failed)""))"
https://images.dawn.com/news/1195053/for-the-hosts-whove-done-sheer-khurma-to-death-here-are-two-special-cakes-for-your-eid-table,Other,,,,,,,0.013,2026-08-20T12:48:55.817146,failed,"HTTPSConnectionPool(host='images.dawn.com', port=443): Max retries exceeded with url: /news/1195053/for-the-hosts-whove-done-sheer-khurma-to-death-here-are-two-special-cakes-for-your-eid-table (Caused by NameResolutionError(""HTTPSConnection(host='images.dawn.com', port=443): Failed to resolve 'images.dawn.com' ([Errno 11001] getaddrinfo failed)""))"
https://www.bbc.co.uk/news/topics/cgmxj6eyy07t,BBC,,,,,,,0.014,2026-08-20T12:48:55.817806,failed,"HTTPSConnectionPool(host='www.bbc.co.uk', port=443): Max retries exceeded with url: /news/topics/cgmxj6eyy07t (Caused by NameResolutionError(""HTTPSConnection(host='www.bbc.co.uk', port=443): Failed to resolve 'www.bbc.co.uk' ([Errno 11001] getaddrinfo failed)""))"
https://www.bbc.co.uk/news/topics/cq23pdgvrvyt,BBC,,,,,,,0.018,2026-08-20T12:48:55.818560,failed,"HTTPSConnectionPool(host='www.bbc.co.uk', port=443): Max retries exceeded with url: /news/topics/cq23pdgvrvyt (Caused by NameResolutionError(""HTTPSConnection(host='www.bbc.co.uk', port=443): Failed to resolve 'www.bbc.co.uk' ([Errno 11001] getaddrinfo failed)""))"
https://www.dawn.com/news/1984609/in-phone-call-with-pezeshkian-pm-stresses-urgent-need-for-collective-efforts-for-de-escalation-in-mideast,Other,,,,,,,343.838,2026-08-20T12:48:55.824624,failed,"HTTPSConnectionPool(host='www.dawn.com', port=443): Max retries exceeded with url: /news/1984609/in-phone-call-with-pezeshkian-pm-stresses-urgent-need-for-collective-efforts-for-de-escalation-in-mideast (Caused by NewConnectionError(""HTTPSConnection(host='www.dawn.com', port=443): Failed to establish a new connection: [WinError 10051] A socket operation was attempted to an unreachable network""))"
https://www.dawn.com/news/1984560/what-does-trumps-weekend-pivot-to-domestic-politics-mean-for-the-iran-war,Other,,,,,,,0.016,2026-08-20T12:48:55.831835,failed,"HTTPSConnectionPool(host='www.dawn.com', port=443): Max retries exceeded with url: /news/1984560/what-does-trumps-weekend-pivot-to-domestic-politics-mean-for-the-iran-war (Caused by NameResolutionError(""HTTPSConnection(host='www.dawn.com', port=443): Failed to resolve 'www.dawn.com' ([Errno 11001] getaddrinfo failed)""))"
https://www.dawn.com/news/1984594/mideast-war-threatens-energy-crisis-worse-than-1970s-oil-shocks-warns-iea-chief,Other,,,,,,,338.724,2026-08-20T12:48:55.843549,failed,"('Connection aborted.', ConnectionResetError(10054, 'An existing connection was forcibly closed by the remote host', None, 10054, None))"
https://www.dawn.com/news/1984522,Other,,,,,,,0.028,2026-08-20T12:48:55.845208,failed,"HTTPSConnectionPool(host='www.dawn.com', port=443): Max retries exceeded with url: /news/1984522 (Caused by NameResolutionError(""HTTPSConnection(host='www.dawn.com', port=443): Failed to resolve 'www.dawn.com' ([Errno 11001] getaddrinfo failed)""))"
https://www.dawn.com/news/1984561/imran-undergoes-third-eye-procedure-at-pims,Other,,,,,,,0.03,2026-08-20T12:48:55.847525,failed,"HTTPSConnectionPool(host='www.dawn.com', port=443): Max retries exceeded with url: /news/1984561/imran-undergoes-third-eye-procedure-at-pims (Caused by NameResolutionError(""HTTPSConnection(host='www.dawn.com', port=443): Failed to resolve 'www.dawn.com' ([Errno 11001] getaddrinfo failed)""))"
https://www.dawn.com/news/1984598/chinas-xi-looks-to-build-an-even-closer-pak-china-community-with-shared-future,Other,,,,,,,339.562,2026-08-20T12:48:55.848154,failed,"('Connection aborted.', ConnectionResetError(10054, 'An existing connection was forcibly closed by the remote host', None, 10054, None))"
https://www.bbc.co.uk/news/topics/cllmr0pkkdmt,BBC,,,,,,,0.03,2026-08-20T12:48:55.848948,failed,"HTTPSConnectionPool(host='www.bbc.co.uk', port=443): Max retries exceeded with url: /news/topics/cllmr0pkkdmt (Caused by NameResolutionError(""HTTPSConnection(host='www.bbc.co.uk', port=443): Failed to resolve 'www.bbc.co.uk' ([Errno 11001] getaddrinfo failed)""))"
https://www.bbc.co.uk/news/topics/ck7rdz4nn5kt,BBC,,,,,,,0.039,2026-08-20T12:48:55.863838,failed,"HTTPSConnectionPool(host='www.bbc.co.uk', port=443): Max retries exceeded with url: /news/topics/ck7rdz4nn5kt (Caused by NameResolutionError(""HTTPSConnection(host='www.bbc.co.uk', port=443): Failed to resolve 'www.bbc.co.uk' ([Errno 11001] getaddrinfo failed)""))"
https://www.bbc.co.uk/news/topics/c7yjne188rgt,BBC,,,,,,,0.033,2026-08-20T12:48:55.864576,failed,"HTTPSConnectionPool(host='www.bbc.co.uk', port=443): Max retries exceeded with url: /news/topics/c7yjne188rgt (Caused by NameResolutionError(""HTTPSConnection(host='www.bbc.co.uk', port=443): Failed to resolve 'www.bbc.co.uk' ([Errno 11001] getaddrinfo failed)""))"
https://images.dawn.com/news/1195052/k-pop-supergroup-bts-shuts-down-central-seoul-for-comeback-concert,Other,,,,,,,0.037,2026-08-20T12:48:55.884951,failed,"HTTPSConnectionPool(host='images.dawn.com', port=443): Max retries exceeded with url: /news/1195052/k-pop-supergroup-bts-shuts-down-central-seoul-for-comeback-concert (Caused by NameResolutionError(""HTTPSConnection(host='images.dawn.com', port=443): Failed to resolve 'images.dawn.com' ([Errno 11001] getaddrinfo failed)""))"
https://www.dawn.com/news/1984553/as-inr-hits-record-low-modi-optimistic-about-economic-fundamentals-reserves,Other,,,,,,,0.037,2026-08-20T12:48:55.886468,failed,"HTTPSConnectionPool(host='www.dawn.com', port=443): Max retries exceeded with url: /news/1984553/as-inr-hits-record-low-modi-optimistic-about-economic-fundamentals-reserves (Caused by NameResolutionError(""HTTPSConnection(host='www.dawn.com', port=443): Failed to resolve 'www.dawn.com' ([Errno 11001] getaddrinfo failed)""))"
https://www.bbc.co.uk/news/topics/cn1mzwgll4kt,BBC,,,,,,,0.044,2026-08-20T12:48:55.887285,failed,"HTTPSConnectionPool(host='www.bbc.co.uk', port=443): Max retries exceeded with url: /news/topics/cn1mzwgll4kt (Caused by NameResolutionError(""HTTPSConnection(host='www.bbc.co.uk', port=443): Failed to resolve 'www.bbc.co.uk' ([Errno 11001] getaddrinfo failed)""))"
https://www.bbc.co.uk/news/topics/cr0meyljjkdt,BBC,,,,,,,0.046,2026-08-20T12:48:55.890883,failed,"HTTPSConnectionPool(host='www.bbc.co.uk', port=443): Max retries exceeded with url: /news/topics/cr0meyljjkdt (Caused by NameResolutionError(""HTTPSConnection(host='www.bbc.co.uk', port=443): Failed to resolve 'www.bbc.co.uk' ([Errno 11001] getaddrinfo failed)""))"
https://www.dawn.com/news/1984517,Other,,,,,,,0.053,2026-08-20T12:48:55.901880,failed,"HTTPSConnectionPool(host='www.dawn.com', port=443): Max retries exceeded with url: /news/1984517 (Caused by NameResolutionError(""HTTPSConnection(host='www.dawn.com', port=443): Failed to resolve 'www.dawn.com' ([Errno 11001] getaddrinfo failed)""))"
https://www.dawn.com/news/1984510,Other,,,,,,,0.049,2026-08-20T12:48:55.913262,failed,"HTTPSConnectionPool(host='www.dawn.com', port=443): Max retries exceeded with url: /news/1984510 (Caused by NameResolutionError(""HTTPSConnection(host='www.dawn.com', port=443): Failed to resolve 'www.dawn.com' ([Errno 11001] getaddrinfo failed)""))"
https://www.dawn.com/news/1984551/pakistan-stands-firm-against-security-threats-president-zardari,Other,,,,,,,0.052,2026-08-20T12:48:55.916474,failed,"HTTPSConnectionPool(host='www.dawn.com', port=443): Max retries exceeded with url: /news/1984551/pakistan-stands-firm-against-security-threats-president-zardari (Caused by NameResolutionError(""HTTPSConnection(host='www.dawn.com', port=443): Failed to resolve 'www.dawn.com' ([Errno 11001] getaddrinfo failed)""))"
https://www.bbc.co.uk/news/topics/cmgm2jl77rwt,BBC,,,,,,,0.03,2026-08-20T12:48:55.917200,failed,"HTTPSConnectionPool(host='www.bbc.co.uk', port=443): Max retries exceeded with url: /news/topics/cmgm2jl77rwt (Caused by NameResolutionError(""HTTPSConnection(host='www.bbc.co.uk', port=443): Failed to resolve 'www.bbc.co.uk' ([Errno 11001] getaddrinfo failed)""))"
https://www.bbc.co.uk/news/topics/c4y260l88e9t,BBC,,,,,,,0.034,2026-08-20T12:48:55.920697,failed,"HTTPSConnectionPool(host='www.bbc.co.uk', port=443): Max retries exceeded with url: /news/topics/c4y260l88e9t (Caused by NameResolutionError(""HTTPSConnection(host='www.bbc.co.uk', port=443): Failed to resolve 'www.bbc.co.uk' ([Errno 11001] getaddrinfo failed)""))"
https://www.bbc.co.uk/news/topics/cdd52ryee40t,BBC,,,,,,,0.032,2026-08-20T12:48:55.934116,failed,"HTTPSConnectionPool(host='www.bbc.co.uk', port=443): Max retries exceeded with url: /news/topics/cdd52ryee40t (Caused by NameResolutionError(""HTTPSConnection(host='www.bbc.co.uk', port=443): Failed to resolve 'www.bbc.co.uk' ([Errno 11001] getaddrinfo failed)""))"
https://www.bbc.co.uk/news/topics/c680ywlppd1t,BBC,,,,,,,0.061,2026-08-20T12:48:55.946617,failed,"HTTPSConnectionPool(host='www.bbc.co.uk', port=443): Max retries exceeded with url: /news/topics/c680ywlppd1t (Caused by NameResolutionError(""HTTPSConnection(host='www.bbc.co.uk', port=443): Failed to resolve 'www.bbc.co.uk' ([Errno 11001] getaddrinfo failed)""))"
https://www.dawn.com/news/1984532/saving-freshwater-via-re-lining,Other,,,,,,,0.03,2026-08-20T12:48:55.947603,failed,"HTTPSConnectionPool(host='www.dawn.com', port=443): Max retries exceeded with url: /news/1984532/saving-freshwater-via-re-lining (Caused by NameResolutionError(""HTTPSConnection(host='www.dawn.com', port=443): Failed to resolve 'www.dawn.com' ([Errno 11001] getaddrinfo failed)""))"
https://www.dawn.com/news/1984485,Other,,,,,,,0.028,2026-08-20T12:48:55.949111,failed,"HTTPSConnectionPool(host='www.dawn.com', port=443): Max retries exceeded with url: /news/1984485 (Caused by NameResolutionError(""HTTPSConnection(host='www.dawn.com', port=443): Failed to resolve 'www.dawn.com' ([Errno 11001] getaddrinfo failed)""))"
https://www.dawn.com/news/1984533,Other,,,,,,,0.038,2026-08-20T12:48:55.951102,failed,"HTTPSConnectionPool(host='www.dawn.com', port=443): Max retries exceeded with url: /news/1984533 (Caused by NameResolutionError(""HTTPSConnection(host='www.dawn.com', port=443): Failed to resolve 'www.dawn.com' ([Errno 11001] getaddrinfo failed)""))"
https://www.bbc.co.uk/news/topics/cerlz4j55mpt,BBC,,,,,,,0.019,2026-08-20T12:48:55.965254,failed,"HTTPSConnectionPool(host='www.bbc.co.uk', port=443): Max retries exceeded with url: /news/topics/cerlz4j55mpt (Caused by NameResolutionError(""HTTPSConnection(host='www.bbc.co.uk', port=443): Failed to resolve 'www.bbc.co.uk' ([Errno 11001] getaddrinfo failed)""))"
https://www.bbc.co.uk/news/topics/cjkm52r66let,BBC,,,,,,,0.02,2026-08-20T12:48:55.969176,failed,"HTTPSConnectionPool(host='www.bbc.co.uk', port=443): Max retries exceeded with url: /news/topics/cjkm52r66let (Caused by NameResolutionError(""HTTPSConnection(host='www.bbc.co.uk', port=443): Failed to resolve 'www.bbc.co.uk' ([Errno 11001] getaddrinfo failed)""))"
http://dawn.com/news/1984501,Other,,,,,,,0.036,2026-08-20T12:48:55.970349,failed,"HTTPConnectionPool(host='dawn.com', port=80): Max retries exceeded with url: /news/1984501 (Caused by NameResolutionError(""HTTPConnection(host='dawn.com', port=80): Failed to resolve 'dawn.com' ([Errno 11001] getaddrinfo failed)""))"
https://www.dawn.com/news/1984539,Other,,,,,,,0.054,2026-08-20T12:48:55.971009,failed,"HTTPSConnectionPool(host='www.dawn.com', port=443): Max retries exceeded with url: /news/1984539 (Caused by NameResolutionError(""HTTPSConnection(host='www.dawn.com', port=443): Failed to resolve 'www.dawn.com' ([Errno 11001] getaddrinfo failed)""))"
https://www.bbc.co.uk/news/topics/c0n16pl88yyt,BBC,,,,,,,0.023,2026-08-20T12:48:55.974050,failed,"HTTPSConnectionPool(host='www.bbc.co.uk', port=443): Max retries exceeded with url: /news/topics/c0n16pl88yyt (Caused by NameResolutionError(""HTTPSConnection(host='www.bbc.co.uk', port=443): Failed to resolve 'www.bbc.co.uk' ([Errno 11001] getaddrinfo failed)""))"
https://www.bbc.co.uk/news/topics/cy4ngzjmmxzt,BBC,,,,,,,0.026,2026-08-20T12:48:55.991296,failed,"HTTPSConnectionPool(host='www.bbc.co.uk', port=443): Max retries exceeded with url: /news/topics/cy4ngzjmmxzt (Caused by NameResolutionError(""HTTPSConnection(host='www.bbc.co.uk', port=443): Failed to resolve 'www.bbc.co.uk' ([Errno 11001] getaddrinfo failed)""))"
https://www.dawn.com/news/1984491,Other,,,,,,,0.117,2026-08-20T12:48:56.085779,failed,"HTTPSConnectionPool(host='www.dawn.com', port=443): Max retries exceeded with url: /news/1984491 (Caused by NameResolutionError(""HTTPSConnection(host='www.dawn.com', port=443): Failed to resolve 'www.dawn.com' ([Errno 11001] getaddrinfo failed)""))"
https://www.bbc.co.uk/news/topics/c51z9jlyykrt,BBC,,,,,,,0.196,2026-08-20T12:48:56.086691,failed,"HTTPSConnectionPool(host='www.bbc.co.uk', port=443): Max retries exceeded with url: /news/topics/c51z9jlyykrt (Caused by NameResolutionError(""HTTPSConnection(host='www.bbc.co.uk', port=443): Failed to resolve 'www.bbc.co.uk' ([Errno 11001] getaddrinfo failed)""))"
https://www.bbc.co.uk/news/topics/cwdnmkzrrxdt,BBC,,,,,,,0.14,2026-08-20T12:48:56.087758,failed,"HTTPSConnectionPool(host='www.bbc.co.uk', port=443): Max retries exceeded with url: /news/topics/cwdnmkzrrxdt (Caused by NameResolutionError(""HTTPSConnection(host='www.bbc.co.uk', port=443): Failed to resolve 'www.bbc.co.uk' ([Errno 11001] getaddrinfo failed)""))"
https://www.dawn.com/news/1984499/pti-leaders-unhappy-with-delay-in-movement-for-imrans-release,Other,,,,,,,0.101,2026-08-20T12:48:56.092210,failed,"HTTPSConnectionPool(host='www.dawn.com', port=443): Max retries exceeded with url: /news/1984499/pti-leaders-unhappy-with-delay-in-movement-for-imrans-release (Caused by NameResolutionError(""HTTPSConnection(host='www.dawn.com', port=443): Failed to resolve 'www.dawn.com' ([Errno 11001] getaddrinfo failed)""))"
https://www.bbc.co.uk/news/topics/c27962l88m0t,BBC,,,,,,,0.007,2026-08-20T12:48:56.099341,failed,"HTTPSConnectionPool(host='www.bbc.co.uk', port=443): Max retries exceeded with url: /news/topics/c27962l88m0t (Caused by NameResolutionError(""HTTPSConnection(host='www.bbc.co.uk', port=443): Failed to resolve 'www.bbc.co.uk' ([Errno 11001] getaddrinfo failed)""))"
https://www.dawn.com/news/1984498/cash-rs210m-worth-gold-stolen-in-peshawar-bank-heist,Other,,,,,,,0.126,2026-08-20T12:48:56.100058,failed,"HTTPSConnectionPool(host='www.dawn.com', port=443): Max retries exceeded with url: /news/1984498/cash-rs210m-worth-gold-stolen-in-peshawar-bank-heist (Caused by NameResolutionError(""HTTPSConnection(host='www.dawn.com', port=443): Failed to resolve 'www.dawn.com' ([Errno 11001] getaddrinfo failed)""))"
https://www.bbc.co.uk/news/topics/c90ekd9882pt,BBC,,,,,,,0.016,2026-08-20T12:48:56.102625,failed,"HTTPSConnectionPool(host='www.bbc.co.uk', port=443): Max retries exceeded with url: /news/topics/c90ekd9882pt (Caused by NameResolutionError(""HTTPSConnection(host='www.bbc.co.uk', port=443): Failed to resolve 'www.bbc.co.uk' ([Errno 11001] getaddrinfo failed)""))"
https://www.bbc.co.uk/news/topics/czm9gyw66x6t,BBC,,,,,,,0.018,2026-08-20T12:48:56.103461,failed,"HTTPSConnectionPool(host='www.bbc.co.uk', port=443): Max retries exceeded with url: /news/topics/czm9gyw66x6t (Caused by NameResolutionError(""HTTPSConnection(host='www.bbc.co.uk', port=443): Failed to resolve 'www.bbc.co.uk' ([Errno 11001] getaddrinfo failed)""))"
https://www.bbc.co.uk/news/topics/cxrlk2044xmt,BBC,,,,,,,0.024,2026-08-20T12:48:56.112303,failed,"HTTPSConnectionPool(host='www.bbc.co.uk', port=443): Max retries exceeded with url: /news/topics/cxrlk2044xmt (Caused by NameResolutionError(""HTTPSConnection(host='www.bbc.co.uk', port=443): Failed to resolve 'www.bbc.co.uk' ([Errno 11001] getaddrinfo failed)""))"
https://www.dawn.com/news/1984415/shrinking-space-for-dissent-rights-activists-speak-out-on-repression,Other,,,,,,,0.017,2026-08-20T12:48:56.119589,failed,"HTTPSConnectionPool(host='www.dawn.com', port=443): Max retries exceeded with url: /news/1984415/shrinking-space-for-dissent-rights-activists-speak-out-on-repression (Caused by NameResolutionError(""HTTPSConnection(host='www.dawn.com', port=443): Failed to resolve 'www.dawn.com' ([Errno 11001] getaddrinfo failed)""))"
https://www.dawn.com/news/1984412/fia-reclaims-government-properties-from-illegal-occupants-in-rawalpindi,Other,,,,,,,0.02,2026-08-20T12:48:56.120298,failed,"HTTPSConnectionPool(host='www.dawn.com', port=443): Max retries exceeded with url: /news/1984412/fia-reclaims-government-properties-from-illegal-occupants-in-rawalpindi (Caused by NameResolutionError(""HTTPSConnection(host='www.dawn.com', port=443): Failed to resolve 'www.dawn.com' ([Errno 11001] getaddrinfo failed)""))"
https://www.dawn.com/news/1984505/fresh-push-in-congress-to-curb-trumps-war-powers,Other,,,,,,,0.222,2026-08-20T12:48:56.192562,failed,"HTTPSConnectionPool(host='www.dawn.com', port=443): Max retries exceeded with url: /news/1984505/fresh-push-in-congress-to-curb-trumps-war-powers (Caused by NameResolutionError(""HTTPSConnection(host='www.dawn.com', port=443): Failed to resolve 'www.dawn.com' ([Errno 11001] getaddrinfo failed)""))"
https://www.bbc.co.uk/news/topics/cp29j5lzzxpt,BBC,,,,,,,0.097,2026-08-20T12:48:56.196892,failed,"HTTPSConnectionPool(host='www.bbc.co.uk', port=443): Max retries exceeded with url: /news/topics/cp29j5lzzxpt (Caused by NameResolutionError(""HTTPSConnection(host='www.bbc.co.uk', port=443): Failed to resolve 'www.bbc.co.uk' ([Errno 11001] getaddrinfo failed)""))"
https://www.dawn.com/news/1984506/saddest-day-for-muslims-al-aqsa-held-kashmirs-jama-masjid-stay-closed-over-eid,Other,,,,,,,0.227,2026-08-20T12:48:56.197690,failed,"HTTPSConnectionPool(host='www.dawn.com', port=443): Max retries exceeded with url: /news/1984506/saddest-day-for-muslims-al-aqsa-held-kashmirs-jama-masjid-stay-closed-over-eid (Caused by NameResolutionError(""HTTPSConnection(host='www.dawn.com', port=443): Failed to resolve 'www.dawn.com' ([Errno 11001] getaddrinfo failed)""))"
https://www.dawn.com/news/1984416/multibillion-housing-project-faces-delay-as-govt-yet-to-decide-its-revival-in-islamabad,Other,,,,,,,0.282,2026-08-20T12:48:56.385506,failed,"HTTPSConnectionPool(host='www.dawn.com', port=443): Max retries exceeded with url: /news/1984416/multibillion-housing-project-faces-delay-as-govt-yet-to-decide-its-revival-in-islamabad (Caused by NameResolutionError(""HTTPSConnection(host='www.dawn.com', port=443): Failed to resolve 'www.dawn.com' ([Errno 11001] getaddrinfo failed)""))"
https://www.dawn.com/news/1984422/1008-emergency-medical-officers-rendered-jobless-in-punjab,Other,,,,,,,0.284,2026-08-20T12:48:56.396481,failed,"HTTPSConnectionPool(host='www.dawn.com', port=443): Max retries exceeded with url: /news/1984422/1008-emergency-medical-officers-rendered-jobless-in-punjab (Caused by NameResolutionError(""HTTPSConnection(host='www.dawn.com', port=443): Failed to resolve 'www.dawn.com' ([Errno 11001] getaddrinfo failed)""))"
https://www.dawn.com/news/1984592/mustafa-amir-murder-cop-shot-in-2025-raid-on-armaghans-house-succumbs-to-injuries,Other,,,,,,,339.806,2026-08-20T12:48:57.275590,failed,"('Connection aborted.', ConnectionResetError(10054, 'An existing connection was forcibly closed by the remote host', None, 10054, None))"
https://www.dawn.com/news/1983893/israel-kills-four-in-gaza-as-rafah-reopens,Other,,,,,,,357.047,2026-08-20T12:48:57.552367,failed,"('Connection aborted.', ConnectionResetError(10054, 'An existing connection was forcibly closed by the remote host', None, 10054, None))"
https://images.dawn.com/news/1195055/from-saris-to-shalwars-these-eid-looks-understood-the-assignment,Other,,,,,,,341.847,2026-08-20T12:48:57.952715,failed,"('Connection aborted.', ConnectionResetError(10054, 'An existing connection was forcibly closed by the remote host', None, 10054, None))"
https://www.dawn.com/news/1985578/high-level-meeting-chaired-by-president-stresses-national-consensus-institutional-coordination-amid-regional-volatility,Other,,,,,,403,11.36,2026-08-20T12:49:30.412235,failed,HTTP 403
https://www.dawn.com/news/1985544/govt-working-on-developing-mortgage-finance-ecosystem-for-housing-pm-told,Other,,,,,,403,2.83,2026-08-20T12:49:31.302395,failed,HTTP 403
https://images.dawn.com/news/1195067/this-years-ary-entertainment-awards-in-dubai-have-been-postponed-due-to-security-concerns,Other,,,,,,403,4.617,2026-08-20T12:49:33.048495,failed,HTTP 403
https://www.dawn.com/news/1985574/fact-check-imrans-son-kasim-did-not-demand-the-suspension-of-pakistans-gsp-status-at-unhrc,Other,,,,,,403,9.784,2026-08-20T12:49:33.310743,failed,HTTP 403
https://www.dawn.com/news/1985638/ecc-approves-rs100bn-supplementary-grant-for-pms-austerity-fund,Other,,,,,,,34.94,2026-08-20T12:49:36.910896,failed,"('Connection aborted.', ConnectionResetError(10054, 'An existing connection was forcibly closed by the remote host', None, 10054, None))"
https://www.dawn.com/news/1985496/pm-shehbaz-highlights-pakistans-role-in-middle-east-de-escalation-in-meeting-with-chinese-envoy,Other,,,,,,429,2.534,2026-08-20T12:49:46.301394,failed,HTTP 429
https://images.dawn.com/news/1195066/arooj-aftabs-urdu-version-of-sweet-dreams-are-made-of-this-is-the-best-thing-weve-heard-today,Other,,,,,,429,16.649,2026-08-20T12:49:49.699134,failed,HTTP 429
https://www.dawn.com/news/1985545/uk-authorises-military-to-board-russian-shadow-fleet-tankers,Other,,,,,,429,18.577,2026-08-20T12:49:50.496564,failed,HTTP 429
https://www.dawn.com/news/1985602/4th-pakistani-national-killed-in-uae-due-to-falling-debris-from-missile-interception,Other,,,,,,,45.039,2026-08-20T12:49:51.799159,failed,Timeout
https://www.dawn.com/news/1985490/israel-strikes-iran-as-trump-says-tehran-wants-deal-to-end-war,Other,,,,,,429,1.929,2026-08-20T12:49:52.426469,failed,HTTP 429
https://www.dawn.com/news/1985481/pakistan-navigates-shifting-us-iran-dynamics-amid-ongoing-war,Other,,,,,,429,3.176,2026-08-20T12:49:53.806321,failed,HTTP 429
https://www.dawn.com/news/1985454,Other,,,,,,429,2.556,2026-08-20T12:49:54.983928,failed,HTTP 429
https://www.dawn.com/news/1985566/is-pakistan-hosting-us-iran-talks-heres-what-we-know-so-far,Other,,,,,,,45.022,2026-08-20T12:49:58.324923,failed,Timeout
https://www.dawn.com/news/1985451,Other,,,,,,429,2.519,2026-08-20T12:49:59.007886,failed,HTTP 429
https://www.dawn.com/news/1985557/pmd-forecasts-isolated-rain-thunderstorms-in-karachi-over-next-three-days,Other,,,,,,429,34.932,2026-08-20T12:49:59.012325,failed,HTTP 429
https://www.dawn.com/news/1985434,Other,,,,,,429,2.601,2026-08-20T12:50:00.926092,failed,HTTP 429
https://www.dawn.com/news/1985501/trump-plans-may-visit-to-china-for-talks-with-xi-after-iran-war-delay,Other,,,,,,429,19.641,2026-08-20T12:50:03.182964,failed,HTTP 429
https://www.dawn.com/news/1985526/social-media-platform-x-back-up-after-brief-international-outage,Other,,,,,,,45.016,2026-08-20T12:50:23.299966,failed,Timeout
https://www.dawn.com/news/1985325/search-continues-for-girl-drowned-in-water-main-in-karachi,Other,,,,,,429,2.11,2026-08-20T12:50:28.618870,failed,HTTP 429
https://images.dawn.com/news/1195065/meesha-shafis-lawyer-asks-court-to-dismiss-ali-zafars-defamation-suit-against-her,Other,,,,,,,45.031,2026-08-20T12:50:35.526191,failed,Timeout
https://www.dawn.com/news/1985364/rail-traffic-restored-20-hours-after-derailment-in-bahawalpur,Other,,,,,,403,16.781,2026-08-20T12:50:38.001414,failed,HTTP 403
https://www.dawn.com/news/1985396/un-terms-african-slave-trade-gravest-crime-against-humanity,Other,,,,,,403,3.259,2026-08-20T12:50:38.111191,failed,HTTP 403
https://www.dawn.com/news/1985425,Other,,,,,,429,46.571,2026-08-20T12:50:38.369819,failed,HTTP 429
https://www.dawn.com/news/1985397/israel-evicts-11-palestinian-families-in-east-jerusalem,Other,,,,,,429,3.842,2026-08-20T12:50:39.368489,failed,HTTP 429
https://www.dawn.com/news/1985390/pm-urged-to-postpone-unconstitutional-phf-congress-meeting,Other,,,,,,429,5.36,2026-08-20T12:50:44.729160,failed,HTTP 429
https://www.dawn.com/news/1985432/pakistan-institute-of-legislative-development-for-regular-civil-military-consultations-at-national-security-committee-level,Other,,,,,,429,2.946,2026-08-20T12:50:55.830522,failed,HTTP 429
https://www.dawn.com/news/1985385/sinner-powers-past-michelsen-to-reach-miami-quarter-finals,Other,,,,,,429,18.981,2026-08-20T12:50:58.122733,failed,HTTP 429
https://www.dawn.com/news/1985392/psl-11-set-to-start-with-lahore-hyderabad-clash,Other,,,,,,429,20.881,2026-08-20T12:51:00.739710,failed,HTTP 429
https://www.dawn.com/news/1985361/33000-illegal-foreigners-deported-from-punjab-punjab-police,Other,,,,,,,45.027,2026-08-20T12:51:05.947283,failed,Timeout
https://www.dawn.com/news/1985416/international-organisation-for-migration-records-surge-in-crossings-from-iran-to-pakistan,Other,,,,,,,23.956,2026-08-20T12:51:21.456270,failed,"HTTPSConnectionPool(host='www.dawn.com', port=443): Read timed out."
https://www.dawn.com/news/1985426/one-killed-six-injured-in-gas-cylinder-blast-in-quetta,Other,,,,,,,45.034,2026-08-20T12:51:24.932566,failed,Timeout
https://www.dawn.com/news/1987576/war-diary-day-33-trump-keeps-everyone-guessing-ahead-of-address-to-nation,Other,,,,,,429,2.134,2026-08-20T12:51:27.066764,failed,HTTP 429
https://www.dawn.com/news/2022581/mariab-honours-pakistans-unsung-heroes-this-independence-day,Other,,,,,,429,4.763,2026-08-20T12:51:27.481676,failed,HTTP 429
https://www.dawn.com/news/1987540/sbp-says-teenagers-can-now-independently-own-operate-bank-accounts,Other,,,,,,429,1.448,2026-08-20T12:51:31.347289,failed,HTTP 429
https://www.dawn.com/news/1987564/swiss-government-eyes-dropping-purchase-of-us-patriot-air-defence-system,Other,,,,,,429,3.941,2026-08-20T12:51:31.368645,failed,HTTP 429
https://www.dawn.com/news/1985419/heritage-sites-at-risk-of-landing-on-unesco-danger-list,Other,,,,,,,45.025,2026-08-20T12:51:45.763557,failed,Timeout
https://images.dawn.com/news/1195093/pakistan-idol-finale-postponed-amid-regional-tensions-rising-and-calls-for-national-austerity,Other,,,,,,429,4.523,2026-08-20T12:51:56.130432,failed,HTTP 429
https://www.dawn.com/news/1987562/devoid-of-facts-info-ministry-rubbishes-claims-of-barbed-wire-being-removed-along-pak-afghan-border,Other,,,,,,429,31.921,2026-08-20T12:51:59.402541,failed,HTTP 429
https://www.dawn.com/news/1987575/us-supreme-court-justices-skeptical-of-trumps-order-to-restrict-birthright-citizenship,Other,,,,,,,188.505,2026-08-20T12:54:35.622828,failed,Timeout
https://www.bbc.co.uk/news/topics/czm9gyw66det,BBC,,,,,,,149.366,2026-08-20T12:54:35.625382,failed,"('Connection aborted.', ConnectionResetError(10054, 'An existing connection was forcibly closed by the remote host', None, 10054, None))"
https://www.dawn.com/news/1987457/trump-to-address-nation-at-9pm-est-outline-iran-war-endgame-as-washington-debates-next-phase,Other,,,,,,,156.72,2026-08-20T12:54:35.634158,failed,"HTTPSConnectionPool(host='www.dawn.com', port=443): Max retries exceeded with url: /news/1987457/trump-to-address-nation-at-9pm-est-outline-iran-war-endgame-as-washington-debates-next-phase (Caused by NewConnectionError(""HTTPSConnection(host='www.dawn.com', port=443): Failed to establish a new connection: [WinError 10051] A socket operation was attempted to an unreachable network""))"
https://www.dawn.com/news/1987473/psx-gains-over-6700-points-on-hopes-of-middle-east-de-escalation,Other,,,,,,,156.235,2026-08-20T12:54:35.638451,failed,"HTTPSConnectionPool(host='www.dawn.com', port=443): Max retries exceeded with url: /news/1987473/psx-gains-over-6700-points-on-hopes-of-middle-east-de-escalation (Caused by NewConnectionError(""HTTPSConnection(host='www.dawn.com', port=443): Failed to establish a new connection: [WinError 10051] A socket operation was attempted to an unreachable network""))"
https://www.dawn.com/news/1987494/anne-hathaway-rocked-a-bag-from-pakistani-brand-warp-during-her-devil-wears-prada-2-promotions,Other,,,,,,,163.415,2026-08-20T12:54:35.682927,failed,"('Connection aborted.', ConnectionResetError(10054, 'An existing connection was forcibly closed by the remote host', None, 10054, None))"
https://www.bbc.co.uk/news/topics/cdd52ryee9gt,BBC,,,,,,,0.067,2026-08-20T12:54:35.690154,failed,"HTTPSConnectionPool(host='www.bbc.co.uk', port=443): Max retries exceeded with url: /news/topics/cdd52ryee9gt (Caused by NameResolutionError(""HTTPSConnection(host='www.bbc.co.uk', port=443): Failed to resolve 'www.bbc.co.uk' ([Errno 11001] getaddrinfo failed)""))"
https://www.dawn.com/news/1987454/chinas-fm-wang-yi-appreciates-pakistans-active-diplomatic-efforts-in-promoting-middle-east-peace-fo,Other,,,,,,,0.059,2026-08-20T12:54:35.697413,failed,"HTTPSConnectionPool(host='www.dawn.com', port=443): Max retries exceeded with url: /news/1987454/chinas-fm-wang-yi-appreciates-pakistans-active-diplomatic-efforts-in-promoting-middle-east-peace-fo (Caused by NameResolutionError(""HTTPSConnection(host='www.dawn.com', port=443): Failed to resolve 'www.dawn.com' ([Errno 11001] getaddrinfo failed)""))"
https://www.bbc.co.uk/news/topics/c27962l88d9t,BBC,,,,,,,0.073,2026-08-20T12:54:35.699623,failed,"HTTPSConnectionPool(host='www.bbc.co.uk', port=443): Max retries exceeded with url: /news/topics/c27962l88d9t (Caused by NameResolutionError(""HTTPSConnection(host='www.bbc.co.uk', port=443): Failed to resolve 'www.bbc.co.uk' ([Errno 11001] getaddrinfo failed)""))"
https://www.dawn.com/news/1987453/renowned-peshawar-doctor-seriously-injured-in-gun-attack,Other,,,,,,,0.012,2026-08-20T12:54:35.702117,failed,"HTTPSConnectionPool(host='www.dawn.com', port=443): Max retries exceeded with url: /news/1987453/renowned-peshawar-doctor-seriously-injured-in-gun-attack (Caused by NameResolutionError(""HTTPSConnection(host='www.dawn.com', port=443): Failed to resolve 'www.dawn.com' ([Errno 11001] getaddrinfo failed)""))"
https://www.dawn.com/news/1987464/russian-military-transport-plane-crashes-in-crimea-killing-29-defence-ministry-says,Other,,,,,,,0.095,2026-08-20T12:54:35.729426,failed,"HTTPSConnectionPool(host='www.dawn.com', port=443): Max retries exceeded with url: /news/1987464/russian-military-transport-plane-crashes-in-crimea-killing-29-defence-ministry-says (Caused by NameResolutionError(""HTTPSConnection(host='www.dawn.com', port=443): Failed to resolve 'www.dawn.com' ([Errno 11001] getaddrinfo failed)""))"
https://www.dawn.com/news/1987451/six-killed-in-dera-ismail-khan-firing-key-suspect-shot-dead-in-police-encounter,Other,,,,,,,0.053,2026-08-20T12:54:35.736020,failed,"HTTPSConnectionPool(host='www.dawn.com', port=443): Max retries exceeded with url: /news/1987451/six-killed-in-dera-ismail-khan-firing-key-suspect-shot-dead-in-police-encounter (Caused by NameResolutionError(""HTTPSConnection(host='www.dawn.com', port=443): Failed to resolve 'www.dawn.com' ([Errno 11001] getaddrinfo failed)""))"
https://www.bbc.co.uk/news/topics/cwdnmkzrrwet,BBC,,,,,,,0.011,2026-08-20T12:54:35.740567,failed,"HTTPSConnectionPool(host='www.bbc.co.uk', port=443): Max retries exceeded with url: /news/topics/cwdnmkzrrwet (Caused by NameResolutionError(""HTTPSConnection(host='www.bbc.co.uk', port=443): Failed to resolve 'www.bbc.co.uk' ([Errno 11001] getaddrinfo failed)""))"
https://www.dawn.com/news/1987579/in-senate-panel-meeting-banks-and-telcos-trade-blame-for-overcharging-for-messaging-services,Other,,,,,,,192.102,2026-08-20T12:54:35.742383,failed,Timeout
https://www.bbc.co.uk/news/topics/cerlz4j551nt,BBC,,,,,,,0.048,2026-08-20T12:54:35.750313,failed,"HTTPSConnectionPool(host='www.bbc.co.uk', port=443): Max retries exceeded with url: /news/topics/cerlz4j551nt (Caused by NameResolutionError(""HTTPSConnection(host='www.bbc.co.uk', port=443): Failed to resolve 'www.bbc.co.uk' ([Errno 11001] getaddrinfo failed)""))"
https://www.bbc.co.uk/news/topics/cjkm52r66j1t,BBC,,,,,,,0.019,2026-08-20T12:54:35.755265,failed,"HTTPSConnectionPool(host='www.bbc.co.uk', port=443): Max retries exceeded with url: /news/topics/cjkm52r66j1t (Caused by NameResolutionError(""HTTPSConnection(host='www.bbc.co.uk', port=443): Failed to resolve 'www.bbc.co.uk' ([Errno 11001] getaddrinfo failed)""))"
https://www.bbc.co.uk/news/topics/c0n16pl88ewt,BBC,,,,,,,0.064,2026-08-20T12:54:35.763441,failed,"HTTPSConnectionPool(host='www.bbc.co.uk', port=443): Max retries exceeded with url: /news/topics/c0n16pl88ewt (Caused by NameResolutionError(""HTTPSConnection(host='www.bbc.co.uk', port=443): Failed to resolve 'www.bbc.co.uk' ([Errno 11001] getaddrinfo failed)""))"
https://www.bbc.co.uk/news/topics/czm9gyw66dzt,BBC,,,,,,,0.032,2026-08-20T12:54:35.772286,failed,"HTTPSConnectionPool(host='www.bbc.co.uk', port=443): Max retries exceeded with url: /news/topics/czm9gyw66dzt (Caused by NameResolutionError(""HTTPSConnection(host='www.bbc.co.uk', port=443): Failed to resolve 'www.bbc.co.uk' ([Errno 11001] getaddrinfo failed)""))"
https://www.dawn.com/news/1987366,Other,,,,,,,0.018,2026-08-20T12:54:35.773039,failed,"HTTPSConnectionPool(host='www.dawn.com', port=443): Max retries exceeded with url: /news/1987366 (Caused by NameResolutionError(""HTTPSConnection(host='www.dawn.com', port=443): Failed to resolve 'www.dawn.com' ([Errno 11001] getaddrinfo failed)""))"
https://www.dawn.com/news/1987449/security-forces-kill-13-terrorists-in-2-separate-intelligence-based-operations-in-kp-ispr,Other,,,,,,,0.077,2026-08-20T12:54:35.774888,failed,"HTTPSConnectionPool(host='www.dawn.com', port=443): Max retries exceeded with url: /news/1987449/security-forces-kill-13-terrorists-in-2-separate-intelligence-based-operations-in-kp-ispr (Caused by NameResolutionError(""HTTPSConnection(host='www.dawn.com', port=443): Failed to resolve 'www.dawn.com' ([Errno 11001] getaddrinfo failed)""))"
https://www.dawn.com/news/1987370,Other,,,,,,,0.061,2026-08-20T12:54:35.811211,failed,"HTTPSConnectionPool(host='www.dawn.com', port=443): Max retries exceeded with url: /news/1987370 (Caused by NameResolutionError(""HTTPSConnection(host='www.dawn.com', port=443): Failed to resolve 'www.dawn.com' ([Errno 11001] getaddrinfo failed)""))"
https://www.dawn.com/news/1987358,Other,,,,,,,0.048,2026-08-20T12:54:35.811970,failed,"HTTPSConnectionPool(host='www.dawn.com', port=443): Max retries exceeded with url: /news/1987358 (Caused by NameResolutionError(""HTTPSConnection(host='www.dawn.com', port=443): Failed to resolve 'www.dawn.com' ([Errno 11001] getaddrinfo failed)""))"
https://www.dawn.com/news/1987485/pm-shehbaz-discusses-investment-opportunities-digital-economy-with-veon-group-chief,Other,,,,,,,162.03,2026-08-20T12:54:35.823482,failed,"HTTPSConnectionPool(host='www.dawn.com', port=443): Max retries exceeded with url: /news/1987485/pm-shehbaz-discusses-investment-opportunities-digital-economy-with-veon-group-chief (Caused by NewConnectionError(""HTTPSConnection(host='www.dawn.com', port=443): Failed to establish a new connection: [WinError 10051] A socket operation was attempted to an unreachable network""))"
https://www.dawn.com/news/1987471/iraq-seal-fifa-world-cup-return-after-40-years-turkiye-end-24-year-drought,Other,,,,,,,151.687,2026-08-20T12:54:36.159186,failed,"('Connection aborted.', ConnectionResetError(10054, 'An existing connection was forcibly closed by the remote host', None, 10054, None))"
https://www.bbc.co.uk/news/topics/c51z9jlyym4t,BBC,,,,,,,150.663,2026-08-20T12:54:37.676524,failed,"('Connection aborted.', ConnectionResetError(10054, 'An existing connection was forcibly closed by the remote host', None, 10054, None))"
https://www.dawn.com/news/1987498/its-happening-historic-moon-mission-set-for-launch,Other,,,,,,,167.316,2026-08-20T12:54:38.233935,failed,"('Connection aborted.', ConnectionResetError(10054, 'An existing connection was forcibly closed by the remote host', None, 10054, None))"
https://www.dawn.com/news/1987413/capital-development-authority-launches-another-road-project-as-10th-avenue-remains-stalled,Other,,,,,,,7.076,2026-08-20T12:54:46.924687,failed,"('Connection aborted.', ConnectionResetError(10054, 'An existing connection was forcibly closed by the remote host', None, 10054, None))"
https://www.dawn.com/news/1987314/sindh-cabinet-okays-rs139bn-for-k-iv-power-component,Other,,,,,,403,4.414,2026-08-20T12:55:11.304692,failed,HTTP 403
https://www.dawn.com/news/1987326/wolf-bites-woman-in-germany-in-first-attack-for-decades,Other,,,,,,403,2.52,2026-08-20T12:55:14.742610,failed,HTTP 403
https://www.dawn.com/news/1987316/ex-sho-among-six-get-bail-in-naqeebullah-murder-case,Other,,,,,,403,4.044,2026-08-20T12:55:15.349994,failed,HTTP 403
https://www.dawn.com/news/1987345/repair-work-on-damaged-gas-pipeline-fails-to-start-in-quetta,Other,,,,,,403,17.44,2026-08-20T12:55:17.881423,failed,HTTP 403
https://www.dawn.com/news/1987359/oil-slides-on-ceasefire-reports,Other,,,,,,403,3.135,2026-08-20T12:55:19.408098,failed,HTTP 403
https://www.dawn.com/news/1987329/japan-deploys-long-range-missiles-near-china,Other,,,,,,403,4.171,2026-08-20T12:55:19.522115,failed,HTTP 403
https://www.dawn.com/news/1987360/speculation-pushes-iranian-rial-fourfold-against-rupee,Other,,,,,,429,2.674,2026-08-20T12:55:23.296191,failed,HTTP 429
https://www.dawn.com/news/1987362/fbr-misses-collection-target-by-rs612bn,Other,,,,,,429,2.627,2026-08-20T12:55:23.301320,failed,HTTP 429
https://www.dawn.com/news/1987412/educational-institutions-set-to-reopen-today-in-islamabad,Other,,,,,,,45.055,2026-08-20T12:55:25.481672,failed,Timeout
https://www.dawn.com/news/1987334/pentagon-denies-hegseths-broker-wanted-to-invest-in-arms-before-war,Other,,,,,,429,1.433,2026-08-20T12:55:28.095791,failed,HTTP 429
https://www.dawn.com/news/1987330/defamation-cases-must-be-decided-in-six-months-supreme-court-judge,Other,,,,,,429,8.725,2026-08-20T12:55:31.712018,failed,HTTP 429
https://www.dawn.com/news/1987355/petrol-diesel-prices-to-go-up-further-within-days,Other,,,,,,429,2.468,2026-08-20T12:55:32.513527,failed,HTTP 429
https://www.dawn.com/news/1987328/london-mayor-wants-pushback-against-trumps-lies,Other,,,,,,429,19.149,2026-08-20T12:55:33.003265,failed,HTTP 429
https://www.dawn.com/news/1988594/pm-says-disbursement-of-funds-for-public-transport-freight-operators-has-begun-through-digital-wallets,Other,,,,,,429,3.973,2026-08-20T12:55:38.742479,failed,HTTP 429
https://www.dawn.com/news/1987340/dawnmedia-cvf-v20-partner-to-accelerate-climate-investment,Other,,,,,,,45.033,2026-08-20T12:55:38.979549,failed,Timeout
https://www.dawn.com/news/1988572/bilawal-stresses-political-unity-amid-economic-crisis-triggered-by-us-israeli-war-on-iran,Other,,,,,,429,3.709,2026-08-20T12:55:40.647288,failed,HTTP 429
https://www.dawn.com/news/1988595/uae-condemns-acts-of-vandalism-at-its-embassy-in-damascus,Other,,,,,,429,6.574,2026-08-20T12:55:40.698754,failed,HTTP 429
https://www.dawn.com/news/1988560/pmd-forecasts-countrywide-spell-of-heavy-rains-from-april-5-9,Other,,,,,,429,1.611,2026-08-20T12:55:44.319062,failed,HTTP 429
https://www.dawn.com/news/1988580/fo-rejects-misleading-unfounded-commentary-regarding-financial-deposits-from-uae,Other,,,,,,429,7.516,2026-08-20T12:55:48.215971,failed,HTTP 429
https://www.dawn.com/news/1985832/mercantile-launches-macbook-neo-in-pakistan-at-an-amazing-price,Other,,,,,,429,5.904,2026-08-20T12:55:50.221748,failed,HTTP 429
https://www.dawn.com/news/1987291/family-members-allowed-to-meet-sikandar-raza-in-hotel,Other,,,,,,429,34.885,2026-08-20T12:55:50.667379,failed,HTTP 429
https://www.dawn.com/news/1988533/pakistan-navy-inducts-second-milgem-class-corvette-into-fleet,Other,,,,,,429,2.82,2026-08-20T12:55:53.489430,failed,HTTP 429
https://www.dawn.com/news/1988549/like-falling-out-of-the-sky-canadian-astronaut-describes-phenomenal-artemis-journey,Other,,,,,,429,6.707,2026-08-20T12:55:54.923483,failed,HTTP 429
https://www.dawn.com/news/1988514/ppp-demands-election-schedule-for-gilgit-baltistan-assembly-amid-months-long-delay-in-polls,Other,,,,,,429,1.531,2026-08-20T12:55:56.457437,failed,HTTP 429
https://images.dawn.com/news/1195110/mark-of-k-pop-band-nct-to-leave-group-and-sm,Other,,,,,,429,5.65,2026-08-20T12:56:00.215395,failed,HTTP 429
https://www.dawn.com/news/1988511/rs20-million-fine-for-a-deleted-tweet-the-cost-of-irreverence,Other,,,,,,429,4.004,2026-08-20T12:56:00.463042,failed,HTTP 429
https://www.dawn.com/news/1987288/iran-will-be-at-fifa-world-cup-and-play-in-us-says-infantino,Other,,,,,,,45.023,2026-08-20T12:56:00.748279,failed,Timeout
https://www.dawn.com/news/1987331/eu-condemns-israels-death-penalty-law-close-to-apartheid,Other,,,,,,,45.056,2026-08-20T12:56:08.353044,failed,Timeout
https://www.dawn.com/news/1988532/shahid-khaqan-urges-govt-to-deregulate-fuel-prices-promote-electric-vehicles,Other,,,,,,429,34.881,2026-08-20T12:56:23.327780,failed,HTTP 429
https://www.dawn.com/news/1988389,Other,,,,,,429,6.274,2026-08-20T12:56:27.766249,failed,HTTP 429
https://www.dawn.com/news/1988322/training-on-wildlife-poaching-held-in-chitral,Other,,,,,,429,8.781,2026-08-20T12:56:31.686752,failed,HTTP 429
https://www.dawn.com/news/1988480/shooting-down-of-us-jets-marks-a-potential-turning-point-in-the-war,Other,,,,,,429,16.689,2026-08-20T12:56:31.689040,failed,HTTP 429
https://www.dawn.com/news/1988495/58-tortillas-five-hot-sauces-and-one-toilet-life-aboard-spacecraft-orion,Other,,,,,,429,26.412,2026-08-20T12:56:32.055026,failed,HTTP 429
https://www.dawn.com/news/1988428/three-suspended-for-aiding-cheating-during-matric-exams-in-punjab,Other,,,,,,429,1.495,2026-08-20T12:56:36.434364,failed,HTTP 429
https://www.dawn.com/news/1988411/police-teams-deployed-at-pumps-as-people-take-to-the-streets-in-sindh,Other,,,,,,429,2.566,2026-08-20T12:56:43.655142,failed,HTTP 429
https://www.dawn.com/news/1988440/rain-hailstorm-damage-mature-wheat-crop-across-punjab,Other,,,,,,429,2.654,2026-08-20T12:56:43.707158,failed,HTTP 429
https://www.dawn.com/news/1988419/matric-exam-centres-declared-restricted-areas-for-public-in-karachi,Other,,,,,,429,3.869,2026-08-20T12:56:47.525998,failed,HTTP 429
https://www.dawn.com/news/1988405,Other,,,,,,429,38.743,2026-08-20T12:56:53.187556,failed,HTTP 429
https://www.dawn.com/news/1988393/fuel-shock-threatens-industrial-activity,Other,,,,,,429,1.49,2026-08-20T12:57:00.682149,failed,HTTP 429
https://www.dawn.com/news/1988344/mohammad-naeem-parvez-hossain-emon-star-as-qalandars-thrash-sultans-in-rain-hit-psl-encounter,Other,,,,,,429,6.165,2026-08-20T12:57:01.978707,failed,HTTP 429
https://www.dawn.com/news/1988332/khyber-pakhtunkhwa-to-formulate-own-crisis-management-policy,Other,,,,,,429,34.936,2026-08-20T12:57:03.908002,failed,HTTP 429
https://www.dawn.com/news/1988420/three-men-linked-to-lyari-gangs-acquitted-in-explosives-case,Other,,,,,,,2603.649,2026-08-20T13:40:07.358262,failed,"HTTPSConnectionPool(host='www.dawn.com', port=443): Max retries exceeded with url: /news/1988420/three-men-linked-to-lyari-gangs-acquitted-in-explosives-case (Caused by NewConnectionError(""HTTPSConnection(host='www.dawn.com', port=443): Failed to establish a new connection: [WinError 10065] A socket operation was attempted to an unreachable host""))"
https://www.dawn.com/news/1988360/gilgit-baltistan-committee-urges-unified-media-strategy-to-fight-extremism,Other,,,,,,,2587.144,2026-08-20T13:40:07.359557,failed,"HTTPSConnectionPool(host='www.dawn.com', port=443): Max retries exceeded with url: /news/1988360/gilgit-baltistan-committee-urges-unified-media-strategy-to-fight-extremism (Caused by NewConnectionError(""HTTPSConnection(host='www.dawn.com', port=443): Failed to establish a new connection: [WinError 10065] A socket operation was attempted to an unreachable host""))"
https://www.dawn.com/news/1988391/govt-faces-adb-loan-deadline-crunch,Other,,,,,,,2589.145,2026-08-20T13:40:07.362754,failed,"HTTPSConnectionPool(host='www.dawn.com', port=443): Max retries exceeded with url: /news/1988391/govt-faces-adb-loan-deadline-crunch (Caused by NewConnectionError(""HTTPSConnection(host='www.dawn.com', port=443): Failed to establish a new connection: [WinError 10065] A socket operation was attempted to an unreachable host""))"
https://www.dawn.com/news/1988330/two-women-killed-in-dera-ismail-khan-incidents,Other,,,,,,,2618.432,2026-08-20T13:40:07.364144,failed,Timeout
https://www.dawn.com/news/1988382/transporters-raise-fares-by-30pc-as-subsidy-falls-short,Other,,,,,,,0.024,2026-08-20T13:40:07.382160,failed,"HTTPSConnectionPool(host='www.dawn.com', port=443): Max retries exceeded with url: /news/1988382/transporters-raise-fares-by-30pc-as-subsidy-falls-short (Caused by NameResolutionError(""HTTPSConnection(host='www.dawn.com', port=443): Failed to resolve 'www.dawn.com' ([Errno 11001] getaddrinfo failed)""))"
https://www.bbc.co.uk/news/topics/ck7rdz4nnrlt,BBC,,,,,,,0.023,2026-08-20T13:40:07.382872,failed,"HTTPSConnectionPool(host='www.bbc.co.uk', port=443): Max retries exceeded with url: /news/topics/ck7rdz4nnrlt (Caused by NameResolutionError(""HTTPSConnection(host='www.bbc.co.uk', port=443): Failed to resolve 'www.bbc.co.uk' ([Errno 11001] getaddrinfo failed)""))"
https://www.bbc.co.uk/news/topics/cn1mzwgllmnt,BBC,,,,,,,0.021,2026-08-20T13:40:07.383809,failed,"HTTPSConnectionPool(host='www.bbc.co.uk', port=443): Max retries exceeded with url: /news/topics/cn1mzwgllmnt (Caused by NameResolutionError(""HTTPSConnection(host='www.bbc.co.uk', port=443): Failed to resolve 'www.bbc.co.uk' ([Errno 11001] getaddrinfo failed)""))"
https://www.bbc.co.uk/news/topics/cmgm2jl77m6t,BBC,,,,,,,0.024,2026-08-20T13:40:07.388066,failed,"HTTPSConnectionPool(host='www.bbc.co.uk', port=443): Max retries exceeded with url: /news/topics/cmgm2jl77m6t (Caused by NameResolutionError(""HTTPSConnection(host='www.bbc.co.uk', port=443): Failed to resolve 'www.bbc.co.uk' ([Errno 11001] getaddrinfo failed)""))"
https://www.bbc.co.uk/news/topics/c680ywlpp0jt,BBC,,,,,,,0.007,2026-08-20T13:40:07.389220,failed,"HTTPSConnectionPool(host='www.bbc.co.uk', port=443): Max retries exceeded with url: /news/topics/c680ywlpp0jt (Caused by NameResolutionError(""HTTPSConnection(host='www.bbc.co.uk', port=443): Failed to resolve 'www.bbc.co.uk' ([Errno 11001] getaddrinfo failed)""))"
https://www.bbc.co.uk/news/topics/c4y260l882jt,BBC,,,,,,,0.008,2026-08-20T13:40:07.390882,failed,"HTTPSConnectionPool(host='www.bbc.co.uk', port=443): Max retries exceeded with url: /news/topics/c4y260l882jt (Caused by NameResolutionError(""HTTPSConnection(host='www.bbc.co.uk', port=443): Failed to resolve 'www.bbc.co.uk' ([Errno 11001] getaddrinfo failed)""))"
https://www.dawn.com/news/1988383/putin-erdogan-call-for-immediate-ceasefire-in-middle-east-war,Other,,,,,,,0.01,2026-08-20T13:40:07.393465,failed,"HTTPSConnectionPool(host='www.dawn.com', port=443): Max retries exceeded with url: /news/1988383/putin-erdogan-call-for-immediate-ceasefire-in-middle-east-war (Caused by NameResolutionError(""HTTPSConnection(host='www.dawn.com', port=443): Failed to resolve 'www.dawn.com' ([Errno 11001] getaddrinfo failed)""))"
https://www.dawn.com/news/1988384/unsc-divided-as-gulf-pushes-to-reopen-hormuz,Other,,,,,,,0.007,2026-08-20T13:40:07.395100,failed,"HTTPSConnectionPool(host='www.dawn.com', port=443): Max retries exceeded with url: /news/1988384/unsc-divided-as-gulf-pushes-to-reopen-hormuz (Caused by NameResolutionError(""HTTPSConnection(host='www.dawn.com', port=443): Failed to resolve 'www.dawn.com' ([Errno 11001] getaddrinfo failed)""))"
https://www.dawn.com/news/1988386/sharp-hike-in-fuel-prices-challenged-in-lahore-high-court,Other,,,,,,,0.012,2026-08-20T13:40:07.401683,failed,"HTTPSConnectionPool(host='www.dawn.com', port=443): Max retries exceeded with url: /news/1988386/sharp-hike-in-fuel-prices-challenged-in-lahore-high-court (Caused by NameResolutionError(""HTTPSConnection(host='www.dawn.com', port=443): Failed to resolve 'www.dawn.com' ([Errno 11001] getaddrinfo failed)""))"
https://www.dawn.com/news/1988387/four-ships-cross-hormuz-as-iran-says-it-is-drafting-protocol,Other,,,,,,,0.015,2026-08-20T13:40:07.406014,failed,"HTTPSConnectionPool(host='www.dawn.com', port=443): Max retries exceeded with url: /news/1988387/four-ships-cross-hormuz-as-iran-says-it-is-drafting-protocol (Caused by NameResolutionError(""HTTPSConnection(host='www.dawn.com', port=443): Failed to resolve 'www.dawn.com' ([Errno 11001] getaddrinfo failed)""))"
https://www.bbc.co.uk/news/topics/cerlz4j55drt,BBC,,,,,,,0.013,2026-08-20T13:40:07.408482,failed,"HTTPSConnectionPool(host='www.bbc.co.uk', port=443): Max retries exceeded with url: /news/topics/cerlz4j55drt (Caused by NameResolutionError(""HTTPSConnection(host='www.bbc.co.uk', port=443): Failed to resolve 'www.bbc.co.uk' ([Errno 11001] getaddrinfo failed)""))"
https://www.dawn.com/news/1988380/petrol-price-drops-to-rs378-as-pm-cuts-levy-amid-backlash,Other,,,,,,,0.017,2026-08-20T13:40:07.410790,failed,"HTTPSConnectionPool(host='www.dawn.com', port=443): Max retries exceeded with url: /news/1988380/petrol-price-drops-to-rs378-as-pm-cuts-levy-amid-backlash (Caused by NameResolutionError(""HTTPSConnection(host='www.dawn.com', port=443): Failed to resolve 'www.dawn.com' ([Errno 11001] getaddrinfo failed)""))"
https://www.bbc.co.uk/news/topics/cr0meyljjzrt,BBC,,,,,,,0.015,2026-08-20T13:40:07.416386,failed,"HTTPSConnectionPool(host='www.bbc.co.uk', port=443): Max retries exceeded with url: /news/topics/cr0meyljjzrt (Caused by NameResolutionError(""HTTPSConnection(host='www.bbc.co.uk', port=443): Failed to resolve 'www.bbc.co.uk' ([Errno 11001] getaddrinfo failed)""))"
https://www.bbc.co.uk/news/topics/cdd52ryeegkt,BBC,,,,,,,0.014,2026-08-20T13:40:07.419862,failed,"HTTPSConnectionPool(host='www.bbc.co.uk', port=443): Max retries exceeded with url: /news/topics/cdd52ryeegkt (Caused by NameResolutionError(""HTTPSConnection(host='www.bbc.co.uk', port=443): Failed to resolve 'www.bbc.co.uk' ([Errno 11001] getaddrinfo failed)""))"
https://www.bbc.co.uk/news/topics/c51z9jlyyp6t,BBC,,,,,,,0.016,2026-08-20T13:40:07.424171,failed,"HTTPSConnectionPool(host='www.bbc.co.uk', port=443): Max retries exceeded with url: /news/topics/c51z9jlyyp6t (Caused by NameResolutionError(""HTTPSConnection(host='www.bbc.co.uk', port=443): Failed to resolve 'www.bbc.co.uk' ([Errno 11001] getaddrinfo failed)""))"
https://www.bbc.co.uk/news/topics/cwdnmkzrry2t,BBC,,,,,,,0.016,2026-08-20T13:40:07.426514,failed,"HTTPSConnectionPool(host='www.bbc.co.uk', port=443): Max retries exceeded with url: /news/topics/cwdnmkzrry2t (Caused by NameResolutionError(""HTTPSConnection(host='www.bbc.co.uk', port=443): Failed to resolve 'www.bbc.co.uk' ([Errno 11001] getaddrinfo failed)""))"
https://www.dawn.com/news/1988321/pakistan-to-return-35bn-uae-debt-before-month-end-official,Other,,,,,,,0.012,2026-08-20T13:40:07.428628,failed,"HTTPSConnectionPool(host='www.dawn.com', port=443): Max retries exceeded with url: /news/1988321/pakistan-to-return-35bn-uae-debt-before-month-end-official (Caused by NameResolutionError(""HTTPSConnection(host='www.dawn.com', port=443): Failed to resolve 'www.dawn.com' ([Errno 11001] getaddrinfo failed)""))"
https://www.dawn.com/news/1988294/silence-stonewalls-pakistan-led-us-iran-talks-initiative,Other,,,,,,,0.013,2026-08-20T13:40:07.432647,failed,"HTTPSConnectionPool(host='www.dawn.com', port=443): Max retries exceeded with url: /news/1988294/silence-stonewalls-pakistan-led-us-iran-talks-initiative (Caused by NameResolutionError(""HTTPSConnection(host='www.dawn.com', port=443): Failed to resolve 'www.dawn.com' ([Errno 11001] getaddrinfo failed)""))"
https://www.dawn.com/news/1989557/indian-billionaire-gautam-adani-will-seek-to-dismiss-fraud-case-in-us,Other,,,,,,,0.011,2026-08-20T13:40:07.434963,failed,"HTTPSConnectionPool(host='www.dawn.com', port=443): Max retries exceeded with url: /news/1989557/indian-billionaire-gautam-adani-will-seek-to-dismiss-fraud-case-in-us (Caused by NameResolutionError(""HTTPSConnection(host='www.dawn.com', port=443): Failed to resolve 'www.dawn.com' ([Errno 11001] getaddrinfo failed)""))"
https://www.dawn.com/news/1989566/dar-says-israeli-attack-on-iran-set-off-dangerous-developments-that-severely-damaged-peace-process,Other,,,,,,,0.01,2026-08-20T13:40:07.437074,failed,"HTTPSConnectionPool(host='www.dawn.com', port=443): Max retries exceeded with url: /news/1989566/dar-says-israeli-attack-on-iran-set-off-dangerous-developments-that-severely-damaged-peace-process (Caused by NameResolutionError(""HTTPSConnection(host='www.dawn.com', port=443): Failed to resolve 'www.dawn.com' ([Errno 11001] getaddrinfo failed)""))"
https://www.dawn.com/news/1989554/bill-gates-to-testify-in-front-of-us-house-panel-on-jeffrey-epstein,Other,,,,,,,0.01,2026-08-20T13:40:07.439082,failed,"HTTPSConnectionPool(host='www.dawn.com', port=443): Max retries exceeded with url: /news/1989554/bill-gates-to-testify-in-front-of-us-house-panel-on-jeffrey-epstein (Caused by NameResolutionError(""HTTPSConnection(host='www.dawn.com', port=443): Failed to resolve 'www.dawn.com' ([Errno 11001] getaddrinfo failed)""))"
https://www.bbc.co.uk/news/topics/cjkm52r66dlt,BBC,,,,,,,0.008,2026-08-20T13:40:07.440879,failed,"HTTPSConnectionPool(host='www.bbc.co.uk', port=443): Max retries exceeded with url: /news/topics/cjkm52r66dlt (Caused by NameResolutionError(""HTTPSConnection(host='www.bbc.co.uk', port=443): Failed to resolve 'www.bbc.co.uk' ([Errno 11001] getaddrinfo failed)""))"
https://www.bbc.co.uk/news/topics/c0n16pl88g8t,BBC,,,,,,,0.008,2026-08-20T13:40:07.443039,failed,"HTTPSConnectionPool(host='www.bbc.co.uk', port=443): Max retries exceeded with url: /news/topics/c0n16pl88g8t (Caused by NameResolutionError(""HTTPSConnection(host='www.bbc.co.uk', port=443): Failed to resolve 'www.bbc.co.uk' ([Errno 11001] getaddrinfo failed)""))"
https://www.bbc.co.uk/news/topics/cp29j5lzzelt,BBC,,,,,,,0.007,2026-08-20T13:40:07.444404,failed,"HTTPSConnectionPool(host='www.bbc.co.uk', port=443): Max retries exceeded with url: /news/topics/cp29j5lzzelt (Caused by NameResolutionError(""HTTPSConnection(host='www.bbc.co.uk', port=443): Failed to resolve 'www.bbc.co.uk' ([Errno 11001] getaddrinfo failed)""))"
https://www.bbc.co.uk/news/topics/czm9gyw6681t,BBC,,,,,,,0.007,2026-08-20T13:40:07.446547,failed,"HTTPSConnectionPool(host='www.bbc.co.uk', port=443): Max retries exceeded with url: /news/topics/czm9gyw6681t (Caused by NameResolutionError(""HTTPSConnection(host='www.bbc.co.uk', port=443): Failed to resolve 'www.bbc.co.uk' ([Errno 11001] getaddrinfo failed)""))"
https://www.bbc.co.uk/news/topics/c90ekd988r1t,BBC,,,,,,,0.007,2026-08-20T13:40:07.447808,failed,"HTTPSConnectionPool(host='www.bbc.co.uk', port=443): Max retries exceeded with url: /news/topics/c90ekd988r1t (Caused by NameResolutionError(""HTTPSConnection(host='www.bbc.co.uk', port=443): Failed to resolve 'www.bbc.co.uk' ([Errno 11001] getaddrinfo failed)""))"
https://www.dawn.com/news/1989530/pakistan-issues-visas-to-2800-sikh-pilgrims-from-india-for-baisakhi-festival,Other,,,,,,,0.007,2026-08-20T13:40:07.451287,failed,"HTTPSConnectionPool(host='www.dawn.com', port=443): Max retries exceeded with url: /news/1989530/pakistan-issues-visas-to-2800-sikh-pilgrims-from-india-for-baisakhi-festival (Caused by NameResolutionError(""HTTPSConnection(host='www.dawn.com', port=443): Failed to resolve 'www.dawn.com' ([Errno 11001] getaddrinfo failed)""))"
https://www.dawn.com/news/1989540/pm-shehbaz-calls-on-nation-to-contribute-to-fuel-conservation-austerity-drive,Other,,,,,,,0.01,2026-08-20T13:40:07.453536,failed,"HTTPSConnectionPool(host='www.dawn.com', port=443): Max retries exceeded with url: /news/1989540/pm-shehbaz-calls-on-nation-to-contribute-to-fuel-conservation-austerity-drive (Caused by NameResolutionError(""HTTPSConnection(host='www.dawn.com', port=443): Failed to resolve 'www.dawn.com' ([Errno 11001] getaddrinfo failed)""))"
https://www.dawn.com/news/1989536/artemis-ii-crew-snaps-historic-earthset-photo-on-way-home,Other,,,,,,,0.011,2026-08-20T13:40:07.457129,failed,"HTTPSConnectionPool(host='www.dawn.com', port=443): Max retries exceeded with url: /news/1989536/artemis-ii-crew-snaps-historic-earthset-photo-on-way-home (Caused by NameResolutionError(""HTTPSConnection(host='www.dawn.com', port=443): Failed to resolve 'www.dawn.com' ([Errno 11001] getaddrinfo failed)""))"
https://www.dawn.com/news/1989533/china-russia-veto-un-resolution-to-reopen-strait-of-hormuz,Other,,,,,,,0.012,2026-08-20T13:40:07.459437,failed,"HTTPSConnectionPool(host='www.dawn.com', port=443): Max retries exceeded with url: /news/1989533/china-russia-veto-un-resolution-to-reopen-strait-of-hormuz (Caused by NameResolutionError(""HTTPSConnection(host='www.dawn.com', port=443): Failed to resolve 'www.dawn.com' ([Errno 11001] getaddrinfo failed)""))"
https://www.dawn.com/news/1989510/pmdc-to-hold-exam-for-medical-students-seeking-transfer-to-pakistani-institutions-on-may-16,Other,,,,,,,0.01,2026-08-20T13:40:07.461539,failed,"HTTPSConnectionPool(host='www.dawn.com', port=443): Max retries exceeded with url: /news/1989510/pmdc-to-hold-exam-for-medical-students-seeking-transfer-to-pakistani-institutions-on-may-16 (Caused by NameResolutionError(""HTTPSConnection(host='www.dawn.com', port=443): Failed to resolve 'www.dawn.com' ([Errno 11001] getaddrinfo failed)""))"
https://www.bbc.co.uk/news/topics/cxrlk2044yet,BBC,,,,,,,0.01,2026-08-20T13:40:07.463485,failed,"HTTPSConnectionPool(host='www.bbc.co.uk', port=443): Max retries exceeded with url: /news/topics/cxrlk2044yet (Caused by NameResolutionError(""HTTPSConnection(host='www.bbc.co.uk', port=443): Failed to resolve 'www.bbc.co.uk' ([Errno 11001] getaddrinfo failed)""))"
https://www.bbc.co.uk/news/topics/c8zwn5l88knt,BBC,,,,,,,0.008,2026-08-20T13:40:07.465292,failed,"HTTPSConnectionPool(host='www.bbc.co.uk', port=443): Max retries exceeded with url: /news/topics/c8zwn5l88knt (Caused by NameResolutionError(""HTTPSConnection(host='www.bbc.co.uk', port=443): Failed to resolve 'www.bbc.co.uk' ([Errno 11001] getaddrinfo failed)""))"
https://www.bbc.co.uk/news/topics/cy4ngzjmm86t,BBC,,,,,,,0.008,2026-08-20T13:40:07.467416,failed,"HTTPSConnectionPool(host='www.bbc.co.uk', port=443): Max retries exceeded with url: /news/topics/cy4ngzjmm86t (Caused by NameResolutionError(""HTTPSConnection(host='www.bbc.co.uk', port=443): Failed to resolve 'www.bbc.co.uk' ([Errno 11001] getaddrinfo failed)""))"
https://www.bbc.co.uk/news/topics/c1kr6pl88g7t,BBC,,,,,,,0.009,2026-08-20T13:40:07.470145,failed,"HTTPSConnectionPool(host='www.bbc.co.uk', port=443): Max retries exceeded with url: /news/topics/c1kr6pl88g7t (Caused by NameResolutionError(""HTTPSConnection(host='www.bbc.co.uk', port=443): Failed to resolve 'www.bbc.co.uk' ([Errno 11001] getaddrinfo failed)""))"
https://www.bbc.co.uk/news/topics/c27962l88g2t,BBC,,,,,,,0.009,2026-08-20T13:40:07.472355,failed,"HTTPSConnectionPool(host='www.bbc.co.uk', port=443): Max retries exceeded with url: /news/topics/c27962l88g2t (Caused by NameResolutionError(""HTTPSConnection(host='www.bbc.co.uk', port=443): Failed to resolve 'www.bbc.co.uk' ([Errno 11001] getaddrinfo failed)""))"
https://www.dawn.com/news/1989519/pre-admission-of-genocide-politicos-blast-trump-over-threat-to-destroy-a-whole-civilisation-in-iran,Other,,,,,,,0.007,2026-08-20T13:40:07.472748,failed,"HTTPSConnectionPool(host='www.dawn.com', port=443): Max retries exceeded with url: /news/1989519/pre-admission-of-genocide-politicos-blast-trump-over-threat-to-destroy-a-whole-civilisation-in-iran (Caused by NameResolutionError(""HTTPSConnection(host='www.dawn.com', port=443): Failed to resolve 'www.dawn.com' ([Errno 11001] getaddrinfo failed)""))"
https://www.dawn.com/news/1989515/google-announces-updates-to-geminis-mental-health-safeguards-amid-lawsuit-over-users-suicide,Other,,,,,,,0.008,2026-08-20T13:40:07.475662,failed,"HTTPSConnectionPool(host='www.dawn.com', port=443): Max retries exceeded with url: /news/1989515/google-announces-updates-to-geminis-mental-health-safeguards-amid-lawsuit-over-users-suicide (Caused by NameResolutionError(""HTTPSConnection(host='www.dawn.com', port=443): Failed to resolve 'www.dawn.com' ([Errno 11001] getaddrinfo failed)""))"
https://www.dawn.com/news/1989511/efforts-to-facilitate-talks-between-us-and-iran-ongoing-pakistani-sources-say,Other,,,,,,,0.006,2026-08-20T13:40:07.476169,failed,"HTTPSConnectionPool(host='www.dawn.com', port=443): Max retries exceeded with url: /news/1989511/efforts-to-facilitate-talks-between-us-and-iran-ongoing-pakistani-sources-say (Caused by NameResolutionError(""HTTPSConnection(host='www.dawn.com', port=443): Failed to resolve 'www.dawn.com' ([Errno 11001] getaddrinfo failed)""))"
https://www.dawn.com/news/1989513/several-people-evacuated-as-rain-causes-flooding-in-parts-of-peshawar,Other,,,,,,,0.007,2026-08-20T13:40:07.479002,failed,"HTTPSConnectionPool(host='www.dawn.com', port=443): Max retries exceeded with url: /news/1989513/several-people-evacuated-as-rain-causes-flooding-in-parts-of-peshawar (Caused by NameResolutionError(""HTTPSConnection(host='www.dawn.com', port=443): Failed to resolve 'www.dawn.com' ([Errno 11001] getaddrinfo failed)""))"
https://www.dawn.com/news/1989505/pakistan-has-repaid-143-billion-in-debt-including-eurobond-due-april-8-adviser-says,Other,,,,,,,0.008,2026-08-20T13:40:07.481067,failed,"HTTPSConnectionPool(host='www.dawn.com', port=443): Max retries exceeded with url: /news/1989505/pakistan-has-repaid-143-billion-in-debt-including-eurobond-due-april-8-adviser-says (Caused by NameResolutionError(""HTTPSConnection(host='www.dawn.com', port=443): Failed to resolve 'www.dawn.com' ([Errno 11001] getaddrinfo failed)""))"
https://www.bbc.co.uk/news/topics/cllmr0pkkzzt,BBC,,,,,,,0.01,2026-08-20T13:40:07.486144,failed,"HTTPSConnectionPool(host='www.bbc.co.uk', port=443): Max retries exceeded with url: /news/topics/cllmr0pkkzzt (Caused by NameResolutionError(""HTTPSConnection(host='www.bbc.co.uk', port=443): Failed to resolve 'www.bbc.co.uk' ([Errno 11001] getaddrinfo failed)""))"
https://www.bbc.co.uk/news/topics/cgmxj6eyydxt,BBC,,,,,,,0.014,2026-08-20T13:40:07.489635,failed,"HTTPSConnectionPool(host='www.bbc.co.uk', port=443): Max retries exceeded with url: /news/topics/cgmxj6eyydxt (Caused by NameResolutionError(""HTTPSConnection(host='www.bbc.co.uk', port=443): Failed to resolve 'www.bbc.co.uk' ([Errno 11001] getaddrinfo failed)""))"
https://www.bbc.co.uk/news/topics/ck7rdz4nn2lt,BBC,,,,,,,0.013,2026-08-20T13:40:07.491868,failed,"HTTPSConnectionPool(host='www.bbc.co.uk', port=443): Max retries exceeded with url: /news/topics/ck7rdz4nn2lt (Caused by NameResolutionError(""HTTPSConnection(host='www.bbc.co.uk', port=443): Failed to resolve 'www.bbc.co.uk' ([Errno 11001] getaddrinfo failed)""))"
https://www.bbc.co.uk/news/topics/cn1mzwglljnt,BBC,,,,,,,0.012,2026-08-20T13:40:07.492845,failed,"HTTPSConnectionPool(host='www.bbc.co.uk', port=443): Max retries exceeded with url: /news/topics/cn1mzwglljnt (Caused by NameResolutionError(""HTTPSConnection(host='www.bbc.co.uk', port=443): Failed to resolve 'www.bbc.co.uk' ([Errno 11001] getaddrinfo failed)""))"
https://www.bbc.co.uk/news/topics/c7yjne188g9t,BBC,,,,,,,0.013,2026-08-20T13:40:07.499479,failed,"HTTPSConnectionPool(host='www.bbc.co.uk', port=443): Max retries exceeded with url: /news/topics/c7yjne188g9t (Caused by NameResolutionError(""HTTPSConnection(host='www.bbc.co.uk', port=443): Failed to resolve 'www.bbc.co.uk' ([Errno 11001] getaddrinfo failed)""))"
https://www.dawn.com/news/1989487/petrol-pump-owners-dealers-demand-increase-in-commission-proportionate-to-recent-price-hikes,Other,,,,,,,0.008,2026-08-20T13:40:07.501217,failed,"HTTPSConnectionPool(host='www.dawn.com', port=443): Max retries exceeded with url: /news/1989487/petrol-pump-owners-dealers-demand-increase-in-commission-proportionate-to-recent-price-hikes (Caused by NameResolutionError(""HTTPSConnection(host='www.dawn.com', port=443): Failed to resolve 'www.dawn.com' ([Errno 11001] getaddrinfo failed)""))"
https://www.dawn.com/news/1989418/rampi-electrical-appliances-celebrates-25-years-of-excellence-with-grand-event-in-karachi,Other,,,,,,,0.013,2026-08-20T13:40:07.502475,failed,"HTTPSConnectionPool(host='www.dawn.com', port=443): Max retries exceeded with url: /news/1989418/rampi-electrical-appliances-celebrates-25-years-of-excellence-with-grand-event-in-karachi (Caused by NameResolutionError(""HTTPSConnection(host='www.dawn.com', port=443): Failed to resolve 'www.dawn.com' ([Errno 11001] getaddrinfo failed)""))"
https://www.dawn.com/news/1989497/armys-top-brass-condemns-attacks-on-saudi-arabia-as-unnecessary-escalation-ispr,Other,,,,,,,0.017,2026-08-20T13:40:07.508717,failed,"HTTPSConnectionPool(host='www.dawn.com', port=443): Max retries exceeded with url: /news/1989497/armys-top-brass-condemns-attacks-on-saudi-arabia-as-unnecessary-escalation-ispr (Caused by NameResolutionError(""HTTPSConnection(host='www.dawn.com', port=443): Failed to resolve 'www.dawn.com' ([Errno 11001] getaddrinfo failed)""))"
https://images.dawn.com/news/1195119/faysal-quraishi-believes-he-isnt-getting-a-civil-award-anytime-soon-but-he-wouldnt-turn-one-down,Other,,,,,,,0.012,2026-08-20T13:40:07.511942,failed,"HTTPSConnectionPool(host='images.dawn.com', port=443): Max retries exceeded with url: /news/1195119/faysal-quraishi-believes-he-isnt-getting-a-civil-award-anytime-soon-but-he-wouldnt-turn-one-down (Caused by NameResolutionError(""HTTPSConnection(host='images.dawn.com', port=443): Failed to resolve 'images.dawn.com' ([Errno 11001] getaddrinfo failed)""))"
https://www.bbc.co.uk/news/topics/cr0meyljj9rt,BBC,,,,,,,0.011,2026-08-20T13:40:07.513420,failed,"HTTPSConnectionPool(host='www.bbc.co.uk', port=443): Max retries exceeded with url: /news/topics/cr0meyljj9rt (Caused by NameResolutionError(""HTTPSConnection(host='www.bbc.co.uk', port=443): Failed to resolve 'www.bbc.co.uk' ([Errno 11001] getaddrinfo failed)""))"
https://www.bbc.co.uk/news/topics/c4y260l88pjt,BBC,,,,,,,0.008,2026-08-20T13:40:07.516859,failed,"HTTPSConnectionPool(host='www.bbc.co.uk', port=443): Max retries exceeded with url: /news/topics/c4y260l88pjt (Caused by NameResolutionError(""HTTPSConnection(host='www.bbc.co.uk', port=443): Failed to resolve 'www.bbc.co.uk' ([Errno 11001] getaddrinfo failed)""))"
https://www.dawn.com/news/1989479/karachi-kings-captain-david-warner-charged-with-drink-driving-in-sydney-reports,Other,,,,,,,0.019,2026-08-20T13:40:07.520146,failed,"HTTPSConnectionPool(host='www.dawn.com', port=443): Max retries exceeded with url: /news/1989479/karachi-kings-captain-david-warner-charged-with-drink-driving-in-sydney-reports (Caused by NameResolutionError(""HTTPSConnection(host='www.dawn.com', port=443): Failed to resolve 'www.dawn.com' ([Errno 11001] getaddrinfo failed)""))"
https://www.bbc.co.uk/news/topics/cmgm2jl7706t,BBC,,,,,,,0.01,2026-08-20T13:40:07.523491,failed,"HTTPSConnectionPool(host='www.bbc.co.uk', port=443): Max retries exceeded with url: /news/topics/cmgm2jl7706t (Caused by NameResolutionError(""HTTPSConnection(host='www.bbc.co.uk', port=443): Failed to resolve 'www.bbc.co.uk' ([Errno 11001] getaddrinfo failed)""))"
https://www.bbc.co.uk/news/topics/c51z9jlyy46t,BBC,,,,,,,0.008,2026-08-20T13:40:07.525334,failed,"HTTPSConnectionPool(host='www.bbc.co.uk', port=443): Max retries exceeded with url: /news/topics/c51z9jlyy46t (Caused by NameResolutionError(""HTTPSConnection(host='www.bbc.co.uk', port=443): Failed to resolve 'www.bbc.co.uk' ([Errno 11001] getaddrinfo failed)""))"
https://www.bbc.co.uk/news/topics/c680ywlppkjt,BBC,,,,,,,0.015,2026-08-20T13:40:07.526929,failed,"HTTPSConnectionPool(host='www.bbc.co.uk', port=443): Max retries exceeded with url: /news/topics/c680ywlppkjt (Caused by NameResolutionError(""HTTPSConnection(host='www.bbc.co.uk', port=443): Failed to resolve 'www.bbc.co.uk' ([Errno 11001] getaddrinfo failed)""))"
https://www.dawn.com/news/1989473/dangerous-escalation-pakistan-condemns-iranian-strikes-on-saudi-arabias-energy-facilities,Other,,,,,,,0.008,2026-08-20T13:40:07.528633,failed,"HTTPSConnectionPool(host='www.dawn.com', port=443): Max retries exceeded with url: /news/1989473/dangerous-escalation-pakistan-condemns-iranian-strikes-on-saudi-arabias-energy-facilities (Caused by NameResolutionError(""HTTPSConnection(host='www.dawn.com', port=443): Failed to resolve 'www.dawn.com' ([Errno 11001] getaddrinfo failed)""))"
https://www.dawn.com/news/1989466/gunman-killed-2-wounded-in-shootout-outside-israels-istanbul-consulate,Other,,,,,,,0.01,2026-08-20T13:40:07.535047,failed,"HTTPSConnectionPool(host='www.dawn.com', port=443): Max retries exceeded with url: /news/1989466/gunman-killed-2-wounded-in-shootout-outside-israels-istanbul-consulate (Caused by NameResolutionError(""HTTPSConnection(host='www.dawn.com', port=443): Failed to resolve 'www.dawn.com' ([Errno 11001] getaddrinfo failed)""))"
https://images.dawn.com/news/1195118/islamabad-court-grants-dr-fazeela-abbasi-interim-pre-arrest-bail-directs-her-to-cooperate-with-investigators,Other,,,,,,,0.009,2026-08-20T13:40:07.537828,failed,"HTTPSConnectionPool(host='images.dawn.com', port=443): Max retries exceeded with url: /news/1195118/islamabad-court-grants-dr-fazeela-abbasi-interim-pre-arrest-bail-directs-her-to-cooperate-with-investigators (Caused by NameResolutionError(""HTTPSConnection(host='images.dawn.com', port=443): Failed to resolve 'images.dawn.com' ([Errno 11001] getaddrinfo failed)""))"
https://www.dawn.com/news/1989467/pakistan-condemns-storming-of-al-aqsa-mosque-by-israeli-occupation-forces,Other,,,,,,,0.015,2026-08-20T13:40:07.538275,failed,"HTTPSConnectionPool(host='www.dawn.com', port=443): Max retries exceeded with url: /news/1989467/pakistan-condemns-storming-of-al-aqsa-mosque-by-israeli-occupation-forces (Caused by NameResolutionError(""HTTPSConnection(host='www.dawn.com', port=443): Failed to resolve 'www.dawn.com' ([Errno 11001] getaddrinfo failed)""))"
https://www.bbc.co.uk/news/topics/cdd52ryeexkt,BBC,,,,,,,0.007,2026-08-20T13:40:07.542736,failed,"HTTPSConnectionPool(host='www.bbc.co.uk', port=443): Max retries exceeded with url: /news/topics/cdd52ryeexkt (Caused by NameResolutionError(""HTTPSConnection(host='www.bbc.co.uk', port=443): Failed to resolve 'www.bbc.co.uk' ([Errno 11001] getaddrinfo failed)""))"
https://www.dawn.com/news/1989454/asian-development-bank-to-support-pakistans-solar-transition-power-sector-reforms,Other,,,,,,,0.016,2026-08-20T13:40:07.543208,failed,"HTTPSConnectionPool(host='www.dawn.com', port=443): Max retries exceeded with url: /news/1989454/asian-development-bank-to-support-pakistans-solar-transition-power-sector-reforms (Caused by NameResolutionError(""HTTPSConnection(host='www.dawn.com', port=443): Failed to resolve 'www.dawn.com' ([Errno 11001] getaddrinfo failed)""))"
https://www.bbc.co.uk/news/topics/cwdnmkzrrg2t,BBC,,,,,,,0.011,2026-08-20T13:40:07.548442,failed,"HTTPSConnectionPool(host='www.bbc.co.uk', port=443): Max retries exceeded with url: /news/topics/cwdnmkzrrg2t (Caused by NameResolutionError(""HTTPSConnection(host='www.bbc.co.uk', port=443): Failed to resolve 'www.bbc.co.uk' ([Errno 11001] getaddrinfo failed)""))"
https://www.bbc.co.uk/news/topics/cerlz4j55krt,BBC,,,,,,,0.011,2026-08-20T13:40:07.548878,failed,"HTTPSConnectionPool(host='www.bbc.co.uk', port=443): Max retries exceeded with url: /news/topics/cerlz4j55krt (Caused by NameResolutionError(""HTTPSConnection(host='www.bbc.co.uk', port=443): Failed to resolve 'www.bbc.co.uk' ([Errno 11001] getaddrinfo failed)""))"
https://www.bbc.co.uk/news/topics/cjkm52r669lt,BBC,,,,,,,0.008,2026-08-20T13:40:07.550941,failed,"HTTPSConnectionPool(host='www.bbc.co.uk', port=443): Max retries exceeded with url: /news/topics/cjkm52r669lt (Caused by NameResolutionError(""HTTPSConnection(host='www.bbc.co.uk', port=443): Failed to resolve 'www.bbc.co.uk' ([Errno 11001] getaddrinfo failed)""))"
https://www.bbc.co.uk/news/topics/c0n16pl8898t,BBC,,,,,,,0.01,2026-08-20T13:40:07.553640,failed,"HTTPSConnectionPool(host='www.bbc.co.uk', port=443): Max retries exceeded with url: /news/topics/c0n16pl8898t (Caused by NameResolutionError(""HTTPSConnection(host='www.bbc.co.uk', port=443): Failed to resolve 'www.bbc.co.uk' ([Errno 11001] getaddrinfo failed)""))"
https://www.dawn.com/news/1989429/no-impact-of-middle-east-conflict-on-remittances-from-gulf-countries-so-far-finance-minister,Other,,,,,,,0.005,2026-08-20T13:40:07.554202,failed,"HTTPSConnectionPool(host='www.dawn.com', port=443): Max retries exceeded with url: /news/1989429/no-impact-of-middle-east-conflict-on-remittances-from-gulf-countries-so-far-finance-minister (Caused by NameResolutionError(""HTTPSConnection(host='www.dawn.com', port=443): Failed to resolve 'www.dawn.com' ([Errno 11001] getaddrinfo failed)""))"
https://www.dawn.com/news/1989435/190m-graft-case-ihc-chief-justice-directs-authorities-to-facilitate-imrans-meeting-with-lawyer,Other,,,,,,,0.007,2026-08-20T13:40:07.557793,failed,"HTTPSConnectionPool(host='www.dawn.com', port=443): Max retries exceeded with url: /news/1989435/190m-graft-case-ihc-chief-justice-directs-authorities-to-facilitate-imrans-meeting-with-lawyer (Caused by NameResolutionError(""HTTPSConnection(host='www.dawn.com', port=443): Failed to resolve 'www.dawn.com' ([Errno 11001] getaddrinfo failed)""))"
https://www.dawn.com/news/1989439/lhc-grants-post-arrest-bail-to-canadian-scholar-in-cybercrime-case,Other,,,,,,,0.014,2026-08-20T13:40:07.562016,failed,"HTTPSConnectionPool(host='www.dawn.com', port=443): Max retries exceeded with url: /news/1989439/lhc-grants-post-arrest-bail-to-canadian-scholar-in-cybercrime-case (Caused by NameResolutionError(""HTTPSConnection(host='www.dawn.com', port=443): Failed to resolve 'www.dawn.com' ([Errno 11001] getaddrinfo failed)""))"
https://www.dawn.com/news/1989433/ecp-dismisses-mqm-p-request-for-2-month-extension-in-intra-party-elections-case,Other,,,,,,,0.011,2026-08-20T13:40:07.565198,failed,"HTTPSConnectionPool(host='www.dawn.com', port=443): Max retries exceeded with url: /news/1989433/ecp-dismisses-mqm-p-request-for-2-month-extension-in-intra-party-elections-case (Caused by NameResolutionError(""HTTPSConnection(host='www.dawn.com', port=443): Failed to resolve 'www.dawn.com' ([Errno 11001] getaddrinfo failed)""))"
https://www.bbc.co.uk/news/topics/cy4ngzjmmr6t,BBC,,,,,,,0.011,2026-08-20T13:40:07.568567,failed,"HTTPSConnectionPool(host='www.bbc.co.uk', port=443): Max retries exceeded with url: /news/topics/cy4ngzjmmr6t (Caused by NameResolutionError(""HTTPSConnection(host='www.bbc.co.uk', port=443): Failed to resolve 'www.bbc.co.uk' ([Errno 11001] getaddrinfo failed)""))"
https://www.dawn.com/news/1989437/chery-master-pakistan-lines-off-1st-tiggo-8-phev-ckd-gears-up-for-deliveries-ahead-of-schedule,Other,,,,,,,0.017,2026-08-20T13:40:07.570595,failed,"HTTPSConnectionPool(host='www.dawn.com', port=443): Max retries exceeded with url: /news/1989437/chery-master-pakistan-lines-off-1st-tiggo-8-phev-ckd-gears-up-for-deliveries-ahead-of-schedule (Caused by NameResolutionError(""HTTPSConnection(host='www.dawn.com', port=443): Failed to resolve 'www.dawn.com' ([Errno 11001] getaddrinfo failed)""))"
https://www.bbc.co.uk/news/topics/czm9gyw66k1t,BBC,,,,,,,0.017,2026-08-20T13:40:07.578863,failed,"HTTPSConnectionPool(host='www.bbc.co.uk', port=443): Max retries exceeded with url: /news/topics/czm9gyw66k1t (Caused by NameResolutionError(""HTTPSConnection(host='www.bbc.co.uk', port=443): Failed to resolve 'www.bbc.co.uk' ([Errno 11001] getaddrinfo failed)""))"
https://www.bbc.co.uk/news/topics/cxrlk20446et,BBC,,,,,,,0.011,2026-08-20T13:40:07.579418,failed,"HTTPSConnectionPool(host='www.bbc.co.uk', port=443): Max retries exceeded with url: /news/topics/cxrlk20446et (Caused by NameResolutionError(""HTTPSConnection(host='www.bbc.co.uk', port=443): Failed to resolve 'www.bbc.co.uk' ([Errno 11001] getaddrinfo failed)""))"
https://www.bbc.co.uk/news/topics/c27962l8852t,BBC,,,,,,,0.015,2026-08-20T13:40:07.580590,failed,"HTTPSConnectionPool(host='www.bbc.co.uk', port=443): Max retries exceeded with url: /news/topics/c27962l8852t (Caused by NameResolutionError(""HTTPSConnection(host='www.bbc.co.uk', port=443): Failed to resolve 'www.bbc.co.uk' ([Errno 11001] getaddrinfo failed)""))"
https://www.bbc.co.uk/news/topics/c90ekd98861t,BBC,,,,,,,0.015,2026-08-20T13:40:07.585151,failed,"HTTPSConnectionPool(host='www.bbc.co.uk', port=443): Max retries exceeded with url: /news/topics/c90ekd98861t (Caused by NameResolutionError(""HTTPSConnection(host='www.bbc.co.uk', port=443): Failed to resolve 'www.bbc.co.uk' ([Errno 11001] getaddrinfo failed)""))"
https://images.dawn.com/news/1195117/mawra-hocane-breaks-down-the-art-of-crying-beautifully-on-camera,Other,,,,,,,0.01,2026-08-20T13:40:07.588888,failed,"HTTPSConnectionPool(host='images.dawn.com', port=443): Max retries exceeded with url: /news/1195117/mawra-hocane-breaks-down-the-art-of-crying-beautifully-on-camera (Caused by NameResolutionError(""HTTPSConnection(host='images.dawn.com', port=443): Failed to resolve 'images.dawn.com' ([Errno 11001] getaddrinfo failed)""))"
https://www.dawn.com/news/1989424/soaring-costs-fuel-shortage-fears-drive-pakistan-to-electric-motorbikes,Other,,,,,,,0.011,2026-08-20T13:40:07.591139,failed,"HTTPSConnectionPool(host='www.dawn.com', port=443): Max retries exceeded with url: /news/1989424/soaring-costs-fuel-shortage-fears-drive-pakistan-to-electric-motorbikes (Caused by NameResolutionError(""HTTPSConnection(host='www.dawn.com', port=443): Failed to resolve 'www.dawn.com' ([Errno 11001] getaddrinfo failed)""))"
https://images.dawn.com/news/1195115/american-rapper-offset-shot-outside-casino-in-florida,Other,,,,,,,0.022,2026-08-20T13:40:07.607104,failed,"HTTPSConnectionPool(host='images.dawn.com', port=443): Max retries exceeded with url: /news/1195115/american-rapper-offset-shot-outside-casino-in-florida (Caused by NameResolutionError(""HTTPSConnection(host='images.dawn.com', port=443): Failed to resolve 'images.dawn.com' ([Errno 11001] getaddrinfo failed)""))"
https://www.dawn.com/news/1989423/air-india-ceo-campbell-wilson-resigns-amid-losses-and-regulatory-scrutiny-report,Other,,,,,,,0.019,2026-08-20T13:40:07.607590,failed,"HTTPSConnectionPool(host='www.dawn.com', port=443): Max retries exceeded with url: /news/1989423/air-india-ceo-campbell-wilson-resigns-amid-losses-and-regulatory-scrutiny-report (Caused by NameResolutionError(""HTTPSConnection(host='www.dawn.com', port=443): Failed to resolve 'www.dawn.com' ([Errno 11001] getaddrinfo failed)""))"
https://www.bbc.co.uk/news/topics/c1kr6pl88n7t,BBC,,,,,,,0.019,2026-08-20T13:40:07.610671,failed,"HTTPSConnectionPool(host='www.bbc.co.uk', port=443): Max retries exceeded with url: /news/topics/c1kr6pl88n7t (Caused by NameResolutionError(""HTTPSConnection(host='www.bbc.co.uk', port=443): Failed to resolve 'www.bbc.co.uk' ([Errno 11001] getaddrinfo failed)""))"
https://www.bbc.co.uk/news/topics/cllmr0pkk9zt,BBC,,,,,,,0.013,2026-08-20T13:40:07.621064,failed,"HTTPSConnectionPool(host='www.bbc.co.uk', port=443): Max retries exceeded with url: /news/topics/cllmr0pkk9zt (Caused by NameResolutionError(""HTTPSConnection(host='www.bbc.co.uk', port=443): Failed to resolve 'www.bbc.co.uk' ([Errno 11001] getaddrinfo failed)""))"
https://www.bbc.co.uk/news/topics/cgmxj6eyy9xt,BBC,,,,,,,0.022,2026-08-20T13:40:07.628879,failed,"HTTPSConnectionPool(host='www.bbc.co.uk', port=443): Max retries exceeded with url: /news/topics/cgmxj6eyy9xt (Caused by NameResolutionError(""HTTPSConnection(host='www.bbc.co.uk', port=443): Failed to resolve 'www.bbc.co.uk' ([Errno 11001] getaddrinfo failed)""))"
https://www.bbc.co.uk/news/topics/c8zwn5l88dnt,BBC,,,,,,,0.022,2026-08-20T13:40:07.632972,failed,"HTTPSConnectionPool(host='www.bbc.co.uk', port=443): Max retries exceeded with url: /news/topics/c8zwn5l88dnt (Caused by NameResolutionError(""HTTPSConnection(host='www.bbc.co.uk', port=443): Failed to resolve 'www.bbc.co.uk' ([Errno 11001] getaddrinfo failed)""))"
https://www.bbc.co.uk/news/topics/cn1mzwgll5nt,BBC,,,,,,,0.018,2026-08-20T13:40:07.639020,failed,"HTTPSConnectionPool(host='www.bbc.co.uk', port=443): Max retries exceeded with url: /news/topics/cn1mzwgll5nt (Caused by NameResolutionError(""HTTPSConnection(host='www.bbc.co.uk', port=443): Failed to resolve 'www.bbc.co.uk' ([Errno 11001] getaddrinfo failed)""))"
https://www.dawn.com/news/1989415/australias-most-decorated-soldier-ben-roberts-smith-arrested-over-alleged-war-crimes-in-afghanistan,Other,,,,,,,0.022,2026-08-20T13:40:07.651373,failed,"HTTPSConnectionPool(host='www.dawn.com', port=443): Max retries exceeded with url: /news/1989415/australias-most-decorated-soldier-ben-roberts-smith-arrested-over-alleged-war-crimes-in-afghanistan (Caused by NameResolutionError(""HTTPSConnection(host='www.dawn.com', port=443): Failed to resolve 'www.dawn.com' ([Errno 11001] getaddrinfo failed)""))"
https://www.dawn.com/news/1983394/hfm-and-arsenal-announce-multi-year-global-partnership,Other,,,,,,,0.022,2026-08-20T13:40:07.655110,failed,"HTTPSConnectionPool(host='www.dawn.com', port=443): Max retries exceeded with url: /news/1983394/hfm-and-arsenal-announce-multi-year-global-partnership (Caused by NameResolutionError(""HTTPSConnection(host='www.dawn.com', port=443): Failed to resolve 'www.dawn.com' ([Errno 11001] getaddrinfo failed)""))"
https://www.dawn.com/news/1989407/diamer-bhasha-dam-protesters-call-off-sit-in-reopen-karakoram-highway,Other,,,,,,,0.029,2026-08-20T13:40:07.680226,failed,"HTTPSConnectionPool(host='www.dawn.com', port=443): Max retries exceeded with url: /news/1989407/diamer-bhasha-dam-protesters-call-off-sit-in-reopen-karakoram-highway (Caused by NameResolutionError(""HTTPSConnection(host='www.dawn.com', port=443): Failed to resolve 'www.dawn.com' ([Errno 11001] getaddrinfo failed)""))"
https://www.dawn.com/news/1989405/india-moves-closer-to-nuclear-fuel-self-reliance,Other,,,,,,,0.028,2026-08-20T13:40:07.682741,failed,"HTTPSConnectionPool(host='www.dawn.com', port=443): Max retries exceeded with url: /news/1989405/india-moves-closer-to-nuclear-fuel-self-reliance (Caused by NameResolutionError(""HTTPSConnection(host='www.dawn.com', port=443): Failed to resolve 'www.dawn.com' ([Errno 11001] getaddrinfo failed)""))"
https://www.bbc.co.uk/news/topics/c680ywlppgjt,BBC,,,,,,,0.037,2026-08-20T13:40:07.717044,failed,"HTTPSConnectionPool(host='www.bbc.co.uk', port=443): Max retries exceeded with url: /news/topics/c680ywlppgjt (Caused by NameResolutionError(""HTTPSConnection(host='www.bbc.co.uk', port=443): Failed to resolve 'www.bbc.co.uk' ([Errno 11001] getaddrinfo failed)""))"
https://www.bbc.co.uk/news/topics/ck7rdz4nnklt,BBC,,,,,,,0.037,2026-08-20T13:40:07.719791,failed,"HTTPSConnectionPool(host='www.bbc.co.uk', port=443): Max retries exceeded with url: /news/topics/ck7rdz4nnklt (Caused by NameResolutionError(""HTTPSConnection(host='www.bbc.co.uk', port=443): Failed to resolve 'www.bbc.co.uk' ([Errno 11001] getaddrinfo failed)""))"
https://www.bbc.co.uk/news/topics/c7yjne18899t,BBC,,,,,,,0.012,2026-08-20T13:40:07.729232,failed,"HTTPSConnectionPool(host='www.bbc.co.uk', port=443): Max retries exceeded with url: /news/topics/c7yjne18899t (Caused by NameResolutionError(""HTTPSConnection(host='www.bbc.co.uk', port=443): Failed to resolve 'www.bbc.co.uk' ([Errno 11001] getaddrinfo failed)""))"
https://www.bbc.co.uk/news/topics/cmgm2jl77k6t,BBC,,,,,,,0.01,2026-08-20T13:40:07.729709,failed,"HTTPSConnectionPool(host='www.bbc.co.uk', port=443): Max retries exceeded with url: /news/topics/cmgm2jl77k6t (Caused by NameResolutionError(""HTTPSConnection(host='www.bbc.co.uk', port=443): Failed to resolve 'www.bbc.co.uk' ([Errno 11001] getaddrinfo failed)""))"
https://www.dawn.com/news/1989403/artemis-ii-moon-crew-flies-farther-than-humans-have-ever-gone-before,Other,,,,,,,0.007,2026-08-20T13:40:07.736793,failed,"HTTPSConnectionPool(host='www.dawn.com', port=443): Max retries exceeded with url: /news/1989403/artemis-ii-moon-crew-flies-farther-than-humans-have-ever-gone-before (Caused by NameResolutionError(""HTTPSConnection(host='www.dawn.com', port=443): Failed to resolve 'www.dawn.com' ([Errno 11001] getaddrinfo failed)""))"
https://www.bbc.co.uk/news/topics/c4y260l88rjt,BBC,,,,,,,0.01,2026-08-20T13:40:07.739636,failed,"HTTPSConnectionPool(host='www.bbc.co.uk', port=443): Max retries exceeded with url: /news/topics/c4y260l88rjt (Caused by NameResolutionError(""HTTPSConnection(host='www.bbc.co.uk', port=443): Failed to resolve 'www.bbc.co.uk' ([Errno 11001] getaddrinfo failed)""))"
https://www.dawn.com/news/1989401/five-policemen-injured-in-ied-attack-targeting-police-patrol-in-lakki-marwat,Other,,,,,,,0.01,2026-08-20T13:40:07.746896,failed,"HTTPSConnectionPool(host='www.dawn.com', port=443): Max retries exceeded with url: /news/1989401/five-policemen-injured-in-ied-attack-targeting-police-patrol-in-lakki-marwat (Caused by NameResolutionError(""HTTPSConnection(host='www.dawn.com', port=443): Failed to resolve 'www.dawn.com' ([Errno 11001] getaddrinfo failed)""))"
https://www.dawn.com/news/1989396/trumps-iran-threat-deepens-fears-of-wider-war-as-mediation-efforts-continue,Other,,,,,,,0.042,2026-08-20T13:40:07.789185,failed,"HTTPSConnectionPool(host='www.dawn.com', port=443): Max retries exceeded with url: /news/1989396/trumps-iran-threat-deepens-fears-of-wider-war-as-mediation-efforts-continue (Caused by NameResolutionError(""HTTPSConnection(host='www.dawn.com', port=443): Failed to resolve 'www.dawn.com' ([Errno 11001] getaddrinfo failed)""))"
https://www.dawn.com/news/1989358,Other,,,,,,,0.051,2026-08-20T13:40:07.790347,failed,"HTTPSConnectionPool(host='www.dawn.com', port=443): Max retries exceeded with url: /news/1989358 (Caused by NameResolutionError(""HTTPSConnection(host='www.dawn.com', port=443): Failed to resolve 'www.dawn.com' ([Errno 11001] getaddrinfo failed)""))"
https://www.dawn.com/news/1989392/unsc-to-vote-on-hormuz-resolution-ahead-of-trump-deadline,Other,,,,,,,0.005,2026-08-20T13:40:07.794156,failed,"HTTPSConnectionPool(host='www.dawn.com', port=443): Max retries exceeded with url: /news/1989392/unsc-to-vote-on-hormuz-resolution-ahead-of-trump-deadline (Caused by NameResolutionError(""HTTPSConnection(host='www.dawn.com', port=443): Failed to resolve 'www.dawn.com' ([Errno 11001] getaddrinfo failed)""))"
https://www.bbc.co.uk/news/topics/cr0meyljj2rt,BBC,,,,,,,0.006,2026-08-20T13:40:07.795952,failed,"HTTPSConnectionPool(host='www.bbc.co.uk', port=443): Max retries exceeded with url: /news/topics/cr0meyljj2rt (Caused by NameResolutionError(""HTTPSConnection(host='www.bbc.co.uk', port=443): Failed to resolve 'www.bbc.co.uk' ([Errno 11001] getaddrinfo failed)""))"
https://www.bbc.co.uk/news/topics/cdd52ryee6kt,BBC,,,,,,,0.004,2026-08-20T13:40:07.797804,failed,"HTTPSConnectionPool(host='www.bbc.co.uk', port=443): Max retries exceeded with url: /news/topics/cdd52ryee6kt (Caused by NameResolutionError(""HTTPSConnection(host='www.bbc.co.uk', port=443): Failed to resolve 'www.bbc.co.uk' ([Errno 11001] getaddrinfo failed)""))"
https://www.bbc.co.uk/news/topics/cerlz4j55nrt,BBC,,,,,,,0.004,2026-08-20T13:40:07.799935,failed,"HTTPSConnectionPool(host='www.bbc.co.uk', port=443): Max retries exceeded with url: /news/topics/cerlz4j55nrt (Caused by NameResolutionError(""HTTPSConnection(host='www.bbc.co.uk', port=443): Failed to resolve 'www.bbc.co.uk' ([Errno 11001] getaddrinfo failed)""))"
https://www.bbc.co.uk/news/topics/czm9gyw66r1t,BBC,,,,,,,0.005,2026-08-20T13:40:07.802375,failed,"HTTPSConnectionPool(host='www.bbc.co.uk', port=443): Max retries exceeded with url: /news/topics/czm9gyw66r1t (Caused by NameResolutionError(""HTTPSConnection(host='www.bbc.co.uk', port=443): Failed to resolve 'www.bbc.co.uk' ([Errno 11001] getaddrinfo failed)""))"
https://www.bbc.co.uk/news/topics/c51z9jlyy76t,BBC,,,,,,,0.004,2026-08-20T13:40:07.804464,failed,"HTTPSConnectionPool(host='www.bbc.co.uk', port=443): Max retries exceeded with url: /news/topics/c51z9jlyy76t (Caused by NameResolutionError(""HTTPSConnection(host='www.bbc.co.uk', port=443): Failed to resolve 'www.bbc.co.uk' ([Errno 11001] getaddrinfo failed)""))"
https://www.dawn.com/news/1989334,Other,,,,,,,0.003,2026-08-20T13:40:07.805410,failed,"HTTPSConnectionPool(host='www.dawn.com', port=443): Max retries exceeded with url: /news/1989334 (Caused by NameResolutionError(""HTTPSConnection(host='www.dawn.com', port=443): Failed to resolve 'www.dawn.com' ([Errno 11001] getaddrinfo failed)""))"
https://www.dawn.com/news/1989387/chaos-persists-as-schools-students-struggle-to-secure-matric-admit-cards-in-karachi,Other,,,,,,,0.003,2026-08-20T13:40:07.807978,failed,"HTTPSConnectionPool(host='www.dawn.com', port=443): Max retries exceeded with url: /news/1989387/chaos-persists-as-schools-students-struggle-to-secure-matric-admit-cards-in-karachi (Caused by NameResolutionError(""HTTPSConnection(host='www.dawn.com', port=443): Failed to resolve 'www.dawn.com' ([Errno 11001] getaddrinfo failed)""))"
https://images.dawn.com/news/1195116/japanese-concert-venue-releases-forgotten-beatles-photos,Other,,,,,,,0.23,2026-08-20T13:40:07.809794,failed,"HTTPSConnectionPool(host='images.dawn.com', port=443): Max retries exceeded with url: /news/1195116/japanese-concert-venue-releases-forgotten-beatles-photos (Caused by NameResolutionError(""HTTPSConnection(host='images.dawn.com', port=443): Failed to resolve 'images.dawn.com' ([Errno 11001] getaddrinfo failed)""))"
https://www.dawn.com/news/1989385/child-killed-mother-hurt-as-truck-hits-their-scooty-in-karachi,Other,,,,,,,0.004,2026-08-20T13:40:07.811848,failed,"HTTPSConnectionPool(host='www.dawn.com', port=443): Max retries exceeded with url: /news/1989385/child-killed-mother-hurt-as-truck-hits-their-scooty-in-karachi (Caused by NameResolutionError(""HTTPSConnection(host='www.dawn.com', port=443): Failed to resolve 'www.dawn.com' ([Errno 11001] getaddrinfo failed)""))"
https://www.dawn.com/news/1989336,Other,,,,,,,0.008,2026-08-20T13:40:07.812701,failed,"HTTPSConnectionPool(host='www.dawn.com', port=443): Max retries exceeded with url: /news/1989336 (Caused by NameResolutionError(""HTTPSConnection(host='www.dawn.com', port=443): Failed to resolve 'www.dawn.com' ([Errno 11001] getaddrinfo failed)""))"
https://www.dawn.com/news/1989384/sindh-cm-launches-portal-for-bikers-to-get-rs2000-subsidy,Other,,,,,,,0.005,2026-08-20T13:40:07.816318,failed,"HTTPSConnectionPool(host='www.dawn.com', port=443): Max retries exceeded with url: /news/1989384/sindh-cm-launches-portal-for-bikers-to-get-rs2000-subsidy (Caused by NameResolutionError(""HTTPSConnection(host='www.dawn.com', port=443): Failed to resolve 'www.dawn.com' ([Errno 11001] getaddrinfo failed)""))"
https://www.bbc.co.uk/news/topics/c0n16pl8848t,BBC,,,,,,,0.008,2026-08-20T13:40:07.820310,failed,"HTTPSConnectionPool(host='www.bbc.co.uk', port=443): Max retries exceeded with url: /news/topics/c0n16pl8848t (Caused by NameResolutionError(""HTTPSConnection(host='www.bbc.co.uk', port=443): Failed to resolve 'www.bbc.co.uk' ([Errno 11001] getaddrinfo failed)""))"
https://www.bbc.co.uk/news/topics/cwdnmkzrr72t,BBC,,,,,,,0.01,2026-08-20T13:40:07.822151,failed,"HTTPSConnectionPool(host='www.bbc.co.uk', port=443): Max retries exceeded with url: /news/topics/cwdnmkzrr72t (Caused by NameResolutionError(""HTTPSConnection(host='www.bbc.co.uk', port=443): Failed to resolve 'www.bbc.co.uk' ([Errno 11001] getaddrinfo failed)""))"
https://www.bbc.co.uk/news/topics/cjkm52r66ylt,BBC,,,,,,,0.01,2026-08-20T13:40:07.826418,failed,"HTTPSConnectionPool(host='www.bbc.co.uk', port=443): Max retries exceeded with url: /news/topics/cjkm52r66ylt (Caused by NameResolutionError(""HTTPSConnection(host='www.bbc.co.uk', port=443): Failed to resolve 'www.bbc.co.uk' ([Errno 11001] getaddrinfo failed)""))"
https://www.bbc.co.uk/news/topics/c27962l88p2t,BBC,,,,,,,0.007,2026-08-20T13:40:07.827469,failed,"HTTPSConnectionPool(host='www.bbc.co.uk', port=443): Max retries exceeded with url: /news/topics/c27962l88p2t (Caused by NameResolutionError(""HTTPSConnection(host='www.bbc.co.uk', port=443): Failed to resolve 'www.bbc.co.uk' ([Errno 11001] getaddrinfo failed)""))"
https://www.bbc.co.uk/news/topics/cy4ngzjmml6t,BBC,,,,,,,0.008,2026-08-20T13:40:07.830525,failed,"HTTPSConnectionPool(host='www.bbc.co.uk', port=443): Max retries exceeded with url: /news/topics/cy4ngzjmml6t (Caused by NameResolutionError(""HTTPSConnection(host='www.bbc.co.uk', port=443): Failed to resolve 'www.bbc.co.uk' ([Errno 11001] getaddrinfo failed)""))"
https://www.dawn.com/news/1989382/ptcl-forces-subscribers-to-buy-internet-package-or-lose-landline-in-karachi,Other,,,,,,,0.007,2026-08-20T13:40:07.833289,failed,"HTTPSConnectionPool(host='www.dawn.com', port=443): Max retries exceeded with url: /news/1989382/ptcl-forces-subscribers-to-buy-internet-package-or-lose-landline-in-karachi (Caused by NameResolutionError(""HTTPSConnection(host='www.dawn.com', port=443): Failed to resolve 'www.dawn.com' ([Errno 11001] getaddrinfo failed)""))"
https://www.dawn.com/news/1989381/ji-calls-for-cut-in-petrol-prices-demands-abolition-of-levies,Other,,,,,,,0.008,2026-08-20T13:40:07.835900,failed,"HTTPSConnectionPool(host='www.dawn.com', port=443): Max retries exceeded with url: /news/1989381/ji-calls-for-cut-in-petrol-prices-demands-abolition-of-levies (Caused by NameResolutionError(""HTTPSConnection(host='www.dawn.com', port=443): Failed to resolve 'www.dawn.com' ([Errno 11001] getaddrinfo failed)""))"
https://www.dawn.com/news/1989340,Other,,,,,,,0.008,2026-08-20T13:40:07.838139,failed,"HTTPSConnectionPool(host='www.dawn.com', port=443): Max retries exceeded with url: /news/1989340 (Caused by NameResolutionError(""HTTPSConnection(host='www.dawn.com', port=443): Failed to resolve 'www.dawn.com' ([Errno 11001] getaddrinfo failed)""))"
https://www.dawn.com/news/1989373/sindh-govt-to-buy-wheat-worth-rs875bn-says-minister,Other,,,,,,,0.007,2026-08-20T13:40:07.840163,failed,"HTTPSConnectionPool(host='www.dawn.com', port=443): Max retries exceeded with url: /news/1989373/sindh-govt-to-buy-wheat-worth-rs875bn-says-minister (Caused by NameResolutionError(""HTTPSConnection(host='www.dawn.com', port=443): Failed to resolve 'www.dawn.com' ([Errno 11001] getaddrinfo failed)""))"
https://www.dawn.com/news/1989368/advance-cotton-deals-locked-at-record-prices,Other,,,,,,,0.006,2026-08-20T13:40:07.841932,failed,"HTTPSConnectionPool(host='www.dawn.com', port=443): Max retries exceeded with url: /news/1989368/advance-cotton-deals-locked-at-record-prices (Caused by NameResolutionError(""HTTPSConnection(host='www.dawn.com', port=443): Failed to resolve 'www.dawn.com' ([Errno 11001] getaddrinfo failed)""))"
https://www.bbc.co.uk/news/topics/cp29j5lzzklt,BBC,,,,,,,0.006,2026-08-20T13:40:07.843791,failed,"HTTPSConnectionPool(host='www.bbc.co.uk', port=443): Max retries exceeded with url: /news/topics/cp29j5lzzklt (Caused by NameResolutionError(""HTTPSConnection(host='www.bbc.co.uk', port=443): Failed to resolve 'www.bbc.co.uk' ([Errno 11001] getaddrinfo failed)""))"
https://www.bbc.co.uk/news/topics/cxrlk2044get,BBC,,,,,,,0.006,2026-08-20T13:40:07.846545,failed,"HTTPSConnectionPool(host='www.bbc.co.uk', port=443): Max retries exceeded with url: /news/topics/cxrlk2044get (Caused by NameResolutionError(""HTTPSConnection(host='www.bbc.co.uk', port=443): Failed to resolve 'www.bbc.co.uk' ([Errno 11001] getaddrinfo failed)""))"
https://www.dawn.com/news/1989409/imrans-sisters-uzma-noreen-arrested-as-pti-braves-rainy-weather-section-144-to-protest-outside-adiala-jail,Other,,,,,,,0.209,2026-08-20T13:40:07.847606,failed,"HTTPSConnectionPool(host='www.dawn.com', port=443): Max retries exceeded with url: /news/1989409/imrans-sisters-uzma-noreen-arrested-as-pti-braves-rainy-weather-section-144-to-protest-outside-adiala-jail (Caused by NameResolutionError(""HTTPSConnection(host='www.dawn.com', port=443): Failed to resolve 'www.dawn.com' ([Errno 11001] getaddrinfo failed)""))"
https://www.bbc.co.uk/news/topics/cgmxj6eyylxt,BBC,,,,,,,0.008,2026-08-20T13:40:07.850427,failed,"HTTPSConnectionPool(host='www.bbc.co.uk', port=443): Max retries exceeded with url: /news/topics/cgmxj6eyylxt (Caused by NameResolutionError(""HTTPSConnection(host='www.bbc.co.uk', port=443): Failed to resolve 'www.bbc.co.uk' ([Errno 11001] getaddrinfo failed)""))"
https://www.bbc.co.uk/news/topics/c90ekd988j1t,BBC,,,,,,,0.007,2026-08-20T13:40:07.850834,failed,"HTTPSConnectionPool(host='www.bbc.co.uk', port=443): Max retries exceeded with url: /news/topics/c90ekd988j1t (Caused by NameResolutionError(""HTTPSConnection(host='www.bbc.co.uk', port=443): Failed to resolve 'www.bbc.co.uk' ([Errno 11001] getaddrinfo failed)""))"
https://www.bbc.co.uk/news/topics/c8zwn5l88ynt,BBC,,,,,,,0.008,2026-08-20T13:40:07.854895,failed,"HTTPSConnectionPool(host='www.bbc.co.uk', port=443): Max retries exceeded with url: /news/topics/c8zwn5l88ynt (Caused by NameResolutionError(""HTTPSConnection(host='www.bbc.co.uk', port=443): Failed to resolve 'www.bbc.co.uk' ([Errno 11001] getaddrinfo failed)""))"
https://www.dawn.com/news/1989367/punjab-demands-beef-export-rules,Other,,,,,,,0.008,2026-08-20T13:40:07.855274,failed,"HTTPSConnectionPool(host='www.dawn.com', port=443): Max retries exceeded with url: /news/1989367/punjab-demands-beef-export-rules (Caused by NameResolutionError(""HTTPSConnection(host='www.dawn.com', port=443): Failed to resolve 'www.dawn.com' ([Errno 11001] getaddrinfo failed)""))"
https://www.dawn.com/news/1989364/balochistan-goes-digital-for-investors,Other,,,,,,,0.008,2026-08-20T13:40:07.858787,failed,"HTTPSConnectionPool(host='www.dawn.com', port=443): Max retries exceeded with url: /news/1989364/balochistan-goes-digital-for-investors (Caused by NameResolutionError(""HTTPSConnection(host='www.dawn.com', port=443): Failed to resolve 'www.dawn.com' ([Errno 11001] getaddrinfo failed)""))"
https://www.dawn.com/news/1989365/it-exporters-freelancers-get-relief,Other,,,,,,,0.009,2026-08-20T13:40:07.859887,failed,"HTTPSConnectionPool(host='www.dawn.com', port=443): Max retries exceeded with url: /news/1989365/it-exporters-freelancers-get-relief (Caused by NameResolutionError(""HTTPSConnection(host='www.dawn.com', port=443): Failed to resolve 'www.dawn.com' ([Errno 11001] getaddrinfo failed)""))"
https://www.dawn.com/news/1989360/sahibzada-farhan-josh-philippe-hit-fifties-as-clinical-sultans-overpower-rawalpindiz,Other,,,,,,,0.008,2026-08-20T13:40:07.863512,failed,"HTTPSConnectionPool(host='www.dawn.com', port=443): Max retries exceeded with url: /news/1989360/sahibzada-farhan-josh-philippe-hit-fifties-as-clinical-sultans-overpower-rawalpindiz (Caused by NameResolutionError(""HTTPSConnection(host='www.dawn.com', port=443): Failed to resolve 'www.dawn.com' ([Errno 11001] getaddrinfo failed)""))"
https://www.dawn.com/news/1989362/stocks-rise-amid-hopes-of-a-ceasefire,Other,,,,,,,0.012,2026-08-20T13:40:07.866734,failed,"HTTPSConnectionPool(host='www.dawn.com', port=443): Max retries exceeded with url: /news/1989362/stocks-rise-amid-hopes-of-a-ceasefire (Caused by NameResolutionError(""HTTPSConnection(host='www.dawn.com', port=443): Failed to resolve 'www.dawn.com' ([Errno 11001] getaddrinfo failed)""))"
https://www.bbc.co.uk/news/topics/c1kr6pl8817t,BBC,,,,,,,0.016,2026-08-20T13:40:07.875021,failed,"HTTPSConnectionPool(host='www.bbc.co.uk', port=443): Max retries exceeded with url: /news/topics/c1kr6pl8817t (Caused by NameResolutionError(""HTTPSConnection(host='www.bbc.co.uk', port=443): Failed to resolve 'www.bbc.co.uk' ([Errno 11001] getaddrinfo failed)""))"
https://www.bbc.co.uk/news/topics/cllmr0pkk7zt,BBC,,,,,,,0.012,2026-08-20T13:40:07.875530,failed,"HTTPSConnectionPool(host='www.bbc.co.uk', port=443): Max retries exceeded with url: /news/topics/cllmr0pkk7zt (Caused by NameResolutionError(""HTTPSConnection(host='www.bbc.co.uk', port=443): Failed to resolve 'www.bbc.co.uk' ([Errno 11001] getaddrinfo failed)""))"
https://www.bbc.co.uk/news/topics/ck7rdz4nnllt,BBC,,,,,,,0.013,2026-08-20T13:40:07.879394,failed,"HTTPSConnectionPool(host='www.bbc.co.uk', port=443): Max retries exceeded with url: /news/topics/ck7rdz4nnllt (Caused by NameResolutionError(""HTTPSConnection(host='www.bbc.co.uk', port=443): Failed to resolve 'www.bbc.co.uk' ([Errno 11001] getaddrinfo failed)""))"
https://www.bbc.co.uk/news/topics/cn1mzwgllknt,BBC,,,,,,,0.007,2026-08-20T13:40:07.882228,failed,"HTTPSConnectionPool(host='www.bbc.co.uk', port=443): Max retries exceeded with url: /news/topics/cn1mzwgllknt (Caused by NameResolutionError(""HTTPSConnection(host='www.bbc.co.uk', port=443): Failed to resolve 'www.bbc.co.uk' ([Errno 11001] getaddrinfo failed)""))"
https://www.dawn.com/news/1989357/arbeloa-expects-champions-league-response-as-real-host-bayern-after-la-liga-setback,Other,,,,,,,0.01,2026-08-20T13:40:07.885278,failed,"HTTPSConnectionPool(host='www.dawn.com', port=443): Max retries exceeded with url: /news/1989357/arbeloa-expects-champions-league-response-as-real-host-bayern-after-la-liga-setback (Caused by NameResolutionError(""HTTPSConnection(host='www.dawn.com', port=443): Failed to resolve 'www.dawn.com' ([Errno 11001] getaddrinfo failed)""))"
https://www.dawn.com/news/1989320/opposition-chides-govt-defends-increase-in-oil-prices,Other,,,,,,,0.01,2026-08-20T13:40:07.889432,failed,"HTTPSConnectionPool(host='www.dawn.com', port=443): Max retries exceeded with url: /news/1989320/opposition-chides-govt-defends-increase-in-oil-prices (Caused by NameResolutionError(""HTTPSConnection(host='www.dawn.com', port=443): Failed to resolve 'www.dawn.com' ([Errno 11001] getaddrinfo failed)""))"
https://www.dawn.com/news/1989252/residents-evacuated-as-massive-landslide-threatens-houses-in-kaghan-valley,Other,,,,,,,0.01,2026-08-20T13:40:07.892143,failed,"HTTPSConnectionPool(host='www.dawn.com', port=443): Max retries exceeded with url: /news/1989252/residents-evacuated-as-massive-landslide-threatens-houses-in-kaghan-valley (Caused by NameResolutionError(""HTTPSConnection(host='www.dawn.com', port=443): Failed to resolve 'www.dawn.com' ([Errno 11001] getaddrinfo failed)""))"
https://www.dawn.com/news/1989255/nine-injured-in-road-accident-near-matani-bypass-in-peshawar,Other,,,,,,,0.024,2026-08-20T13:40:07.913643,failed,"HTTPSConnectionPool(host='www.dawn.com', port=443): Max retries exceeded with url: /news/1989255/nine-injured-in-road-accident-near-matani-bypass-in-peshawar (Caused by NameResolutionError(""HTTPSConnection(host='www.dawn.com', port=443): Failed to resolve 'www.dawn.com' ([Errno 11001] getaddrinfo failed)""))"
https://www.bbc.co.uk/news/topics/c680ywlpp2jt,BBC,,,,,,,0.023,2026-08-20T13:40:07.914817,failed,"HTTPSConnectionPool(host='www.bbc.co.uk', port=443): Max retries exceeded with url: /news/topics/c680ywlpp2jt (Caused by NameResolutionError(""HTTPSConnection(host='www.bbc.co.uk', port=443): Failed to resolve 'www.bbc.co.uk' ([Errno 11001] getaddrinfo failed)""))"
https://www.dawn.com/news/1989253/kp-cm-afridi-says-april-9-protest-will-be-one-day-peaceful-activity,Other,,,,,,,0.03,2026-08-20T13:40:07.915208,failed,"HTTPSConnectionPool(host='www.dawn.com', port=443): Max retries exceeded with url: /news/1989253/kp-cm-afridi-says-april-9-protest-will-be-one-day-peaceful-activity (Caused by NameResolutionError(""HTTPSConnection(host='www.dawn.com', port=443): Failed to resolve 'www.dawn.com' ([Errno 11001] getaddrinfo failed)""))"
https://www.bbc.co.uk/news/topics/cr0meyljj8rt,BBC,,,,,,,0.006,2026-08-20T13:40:07.920925,failed,"HTTPSConnectionPool(host='www.bbc.co.uk', port=443): Max retries exceeded with url: /news/topics/cr0meyljj8rt (Caused by NameResolutionError(""HTTPSConnection(host='www.bbc.co.uk', port=443): Failed to resolve 'www.bbc.co.uk' ([Errno 11001] getaddrinfo failed)""))"
https://www.bbc.co.uk/news/topics/cdd52ryeezkt,BBC,,,,,,,0.008,2026-08-20T13:40:07.923356,failed,"HTTPSConnectionPool(host='www.bbc.co.uk', port=443): Max retries exceeded with url: /news/topics/cdd52ryeezkt (Caused by NameResolutionError(""HTTPSConnection(host='www.bbc.co.uk', port=443): Failed to resolve 'www.bbc.co.uk' ([Errno 11001] getaddrinfo failed)""))"
https://www.bbc.co.uk/news/topics/c4y260l887jt,BBC,,,,,,,0.005,2026-08-20T13:40:07.926253,failed,"HTTPSConnectionPool(host='www.bbc.co.uk', port=443): Max retries exceeded with url: /news/topics/c4y260l887jt (Caused by NameResolutionError(""HTTPSConnection(host='www.bbc.co.uk', port=443): Failed to resolve 'www.bbc.co.uk' ([Errno 11001] getaddrinfo failed)""))"
https://www.dawn.com/news/1989256/two-cops-private-security-guard-martyred-in-bannu-attacks,Other,,,,,,,0.005,2026-08-20T13:40:07.928708,failed,"HTTPSConnectionPool(host='www.dawn.com', port=443): Max retries exceeded with url: /news/1989256/two-cops-private-security-guard-martyred-in-bannu-attacks (Caused by NameResolutionError(""HTTPSConnection(host='www.dawn.com', port=443): Failed to resolve 'www.dawn.com' ([Errno 11001] getaddrinfo failed)""))"
https://www.dawn.com/news/1989274/boy-two-girls-raped-in-separate-incidents-across-rawalpindi,Other,,,,,,,0.099,2026-08-20T13:40:08.027475,failed,"HTTPSConnectionPool(host='www.dawn.com', port=443): Max retries exceeded with url: /news/1989274/boy-two-girls-raped-in-separate-incidents-across-rawalpindi (Caused by NameResolutionError(""HTTPSConnection(host='www.dawn.com', port=443): Failed to resolve 'www.dawn.com' ([Errno 11001] getaddrinfo failed)""))"
https://www.dawn.com/news/1989257/kp-waives-off-bike-rickshaw-registration-transfer-and-smart-card-fees-for-one-month,Other,,,,,,,0.103,2026-08-20T13:40:08.029476,failed,"HTTPSConnectionPool(host='www.dawn.com', port=443): Max retries exceeded with url: /news/1989257/kp-waives-off-bike-rickshaw-registration-transfer-and-smart-card-fees-for-one-month (Caused by NameResolutionError(""HTTPSConnection(host='www.dawn.com', port=443): Failed to resolve 'www.dawn.com' ([Errno 11001] getaddrinfo failed)""))"
https://www.dawn.com/news/1989275/senate-body-asks-fia-to-expand-probe-into-cigarette-cartons-theft-from-fbr,Other,,,,,,,0.015,2026-08-20T13:40:08.042262,failed,"HTTPSConnectionPool(host='www.dawn.com', port=443): Max retries exceeded with url: /news/1989275/senate-body-asks-fia-to-expand-probe-into-cigarette-cartons-theft-from-fbr (Caused by NameResolutionError(""HTTPSConnection(host='www.dawn.com', port=443): Failed to resolve 'www.dawn.com' ([Errno 11001] getaddrinfo failed)""))"
https://www.dawn.com/news/1989281/quaid-i-azam-university-gets-acting-vice-chancellor,Other,,,,,,,0.044,2026-08-20T13:40:08.073932,failed,"HTTPSConnectionPool(host='www.dawn.com', port=443): Max retries exceeded with url: /news/1989281/quaid-i-azam-university-gets-acting-vice-chancellor (Caused by NameResolutionError(""HTTPSConnection(host='www.dawn.com', port=443): Failed to resolve 'www.dawn.com' ([Errno 11001] getaddrinfo failed)""))"
https://www.bbc.co.uk/news/topics/c51z9jlyy06t,BBC,,,,,,,0.034,2026-08-20T13:40:08.077080,failed,"HTTPSConnectionPool(host='www.bbc.co.uk', port=443): Max retries exceeded with url: /news/topics/c51z9jlyy06t (Caused by NameResolutionError(""HTTPSConnection(host='www.bbc.co.uk', port=443): Failed to resolve 'www.bbc.co.uk' ([Errno 11001] getaddrinfo failed)""))"
https://www.bbc.co.uk/news/topics/cmgm2jl77p6t,BBC,,,,,,,0.196,2026-08-20T13:40:08.110085,failed,"HTTPSConnectionPool(host='www.bbc.co.uk', port=443): Max retries exceeded with url: /news/topics/cmgm2jl77p6t (Caused by NameResolutionError(""HTTPSConnection(host='www.bbc.co.uk', port=443): Failed to resolve 'www.bbc.co.uk' ([Errno 11001] getaddrinfo failed)""))"
https://www.bbc.co.uk/news/topics/cjkm52r66zlt,BBC,,,,,,,0.014,2026-08-20T13:40:08.124124,failed,"HTTPSConnectionPool(host='www.bbc.co.uk', port=443): Max retries exceeded with url: /news/topics/cjkm52r66zlt (Caused by NameResolutionError(""HTTPSConnection(host='www.bbc.co.uk', port=443): Failed to resolve 'www.bbc.co.uk' ([Errno 11001] getaddrinfo failed)""))"
https://www.bbc.co.uk/news/topics/c7yjne188z9t,BBC,,,,,,,0.265,2026-08-20T13:40:08.125291,failed,"HTTPSConnectionPool(host='www.bbc.co.uk', port=443): Max retries exceeded with url: /news/topics/c7yjne188z9t (Caused by NameResolutionError(""HTTPSConnection(host='www.bbc.co.uk', port=443): Failed to resolve 'www.bbc.co.uk' ([Errno 11001] getaddrinfo failed)""))"
https://www.bbc.co.uk/news/topics/cerlz4j550rt,BBC,,,,,,,0.053,2026-08-20T13:40:08.126551,failed,"HTTPSConnectionPool(host='www.bbc.co.uk', port=443): Max retries exceeded with url: /news/topics/cerlz4j550rt (Caused by NameResolutionError(""HTTPSConnection(host='www.bbc.co.uk', port=443): Failed to resolve 'www.bbc.co.uk' ([Errno 11001] getaddrinfo failed)""))"
https://www.bbc.co.uk/news/topics/cwdnmkzrre2t,BBC,,,,,,,0.052,2026-08-20T13:40:08.129250,failed,"HTTPSConnectionPool(host='www.bbc.co.uk', port=443): Max retries exceeded with url: /news/topics/cwdnmkzrre2t (Caused by NameResolutionError(""HTTPSConnection(host='www.bbc.co.uk', port=443): Failed to resolve 'www.bbc.co.uk' ([Errno 11001] getaddrinfo failed)""))"
https://www.dawn.com/news/1989282/naqvi-orders-swift-transformation-of-islamabad-into-smart-city-model,Other,,,,,,,0.007,2026-08-20T13:40:08.131910,failed,"HTTPSConnectionPool(host='www.dawn.com', port=443): Max retries exceeded with url: /news/1989282/naqvi-orders-swift-transformation-of-islamabad-into-smart-city-model (Caused by NameResolutionError(""HTTPSConnection(host='www.dawn.com', port=443): Failed to resolve 'www.dawn.com' ([Errno 11001] getaddrinfo failed)""))"
https://www.bbc.co.uk/news/topics/c0n16pl88m8t,BBC,,,,,,,0.008,2026-08-20T13:40:08.132485,failed,"HTTPSConnectionPool(host='www.bbc.co.uk', port=443): Max retries exceeded with url: /news/topics/c0n16pl88m8t (Caused by NameResolutionError(""HTTPSConnection(host='www.bbc.co.uk', port=443): Failed to resolve 'www.bbc.co.uk' ([Errno 11001] getaddrinfo failed)""))"
https://www.dawn.com/news/1989311/rs55m-financial-irregularities-unearthed-in-punjabs-auqaf-dept,Other,,,,,,,0.007,2026-08-20T13:40:08.136536,failed,"HTTPSConnectionPool(host='www.dawn.com', port=443): Max retries exceeded with url: /news/1989311/rs55m-financial-irregularities-unearthed-in-punjabs-auqaf-dept (Caused by NameResolutionError(""HTTPSConnection(host='www.dawn.com', port=443): Failed to resolve 'www.dawn.com' ([Errno 11001] getaddrinfo failed)""))"
https://www.dawn.com/news/1989312/social-media-influencer-gang-raped-in-lahore,Other,,,,,,,0.005,2026-08-20T13:40:08.136919,failed,"HTTPSConnectionPool(host='www.dawn.com', port=443): Max retries exceeded with url: /news/1989312/social-media-influencer-gang-raped-in-lahore (Caused by NameResolutionError(""HTTPSConnection(host='www.dawn.com', port=443): Failed to resolve 'www.dawn.com' ([Errno 11001] getaddrinfo failed)""))"
https://www.dawn.com/news/1989283/punjab-government-rejects-proposal-to-increase-public-transport-fare-by-37pc,Other,,,,,,,0.011,2026-08-20T13:40:08.137271,failed,"HTTPSConnectionPool(host='www.dawn.com', port=443): Max retries exceeded with url: /news/1989283/punjab-government-rejects-proposal-to-increase-public-transport-fare-by-37pc (Caused by NameResolutionError(""HTTPSConnection(host='www.dawn.com', port=443): Failed to resolve 'www.dawn.com' ([Errno 11001] getaddrinfo failed)""))"
https://www.dawn.com/news/1989313/promotion-puts-punjab-prisons-ig-on-a-par-with-top-bureaucrats,Other,,,,,,,0.007,2026-08-20T13:40:08.139657,failed,"HTTPSConnectionPool(host='www.dawn.com', port=443): Max retries exceeded with url: /news/1989313/promotion-puts-punjab-prisons-ig-on-a-par-with-top-bureaucrats (Caused by NameResolutionError(""HTTPSConnection(host='www.dawn.com', port=443): Failed to resolve 'www.dawn.com' ([Errno 11001] getaddrinfo failed)""))"
https://www.bbc.co.uk/news/topics/c27962l8812t,BBC,,,,,,,0.006,2026-08-20T13:40:08.142714,failed,"HTTPSConnectionPool(host='www.bbc.co.uk', port=443): Max retries exceeded with url: /news/topics/c27962l8812t (Caused by NameResolutionError(""HTTPSConnection(host='www.bbc.co.uk', port=443): Failed to resolve 'www.bbc.co.uk' ([Errno 11001] getaddrinfo failed)""))"
https://www.bbc.co.uk/news/topics/cdd52ryeezjt,BBC,,,,,,,0.007,2026-08-20T13:40:08.144800,failed,"HTTPSConnectionPool(host='www.bbc.co.uk', port=443): Max retries exceeded with url: /news/topics/cdd52ryeezjt (Caused by NameResolutionError(""HTTPSConnection(host='www.bbc.co.uk', port=443): Failed to resolve 'www.bbc.co.uk' ([Errno 11001] getaddrinfo failed)""))"
https://www.bbc.co.uk/news/topics/cerlz4j5508t,BBC,,,,,,,0.008,2026-08-20T13:40:08.147567,failed,"HTTPSConnectionPool(host='www.bbc.co.uk', port=443): Max retries exceeded with url: /news/topics/cerlz4j5508t (Caused by NameResolutionError(""HTTPSConnection(host='www.bbc.co.uk', port=443): Failed to resolve 'www.bbc.co.uk' ([Errno 11001] getaddrinfo failed)""))"
https://www.bbc.co.uk/news/topics/cwdnmkzrrezt,BBC,,,,,,,0.006,2026-08-20T13:40:08.148991,failed,"HTTPSConnectionPool(host='www.bbc.co.uk', port=443): Max retries exceeded with url: /news/topics/cwdnmkzrrezt (Caused by NameResolutionError(""HTTPSConnection(host='www.bbc.co.uk', port=443): Failed to resolve 'www.bbc.co.uk' ([Errno 11001] getaddrinfo failed)""))"
https://www.dawn.com/news/1989314/traders-across-punjab-want-early-closure-timings-for-cantts-dha-too,Other,,,,,,,0.009,2026-08-20T13:40:08.154160,failed,"HTTPSConnectionPool(host='www.dawn.com', port=443): Max retries exceeded with url: /news/1989314/traders-across-punjab-want-early-closure-timings-for-cantts-dha-too (Caused by NameResolutionError(""HTTPSConnection(host='www.dawn.com', port=443): Failed to resolve 'www.dawn.com' ([Errno 11001] getaddrinfo failed)""))"
https://www.dawn.com/news/1989316/one-killed-over-a-dozen-injured-as-truck-hits-easter-procession-in-gujrat,Other,,,,,,,0.009,2026-08-20T13:40:08.156293,failed,"HTTPSConnectionPool(host='www.dawn.com', port=443): Max retries exceeded with url: /news/1989316/one-killed-over-a-dozen-injured-as-truck-hits-easter-procession-in-gujrat (Caused by NameResolutionError(""HTTPSConnection(host='www.dawn.com', port=443): Failed to resolve 'www.dawn.com' ([Errno 11001] getaddrinfo failed)""))"
https://www.dawn.com/news/1989261/israeli-air-strike-kills-10-near-gaza-school,Other,,,,,,,0.009,2026-08-20T13:40:08.158333,failed,"HTTPSConnectionPool(host='www.dawn.com', port=443): Max retries exceeded with url: /news/1989261/israeli-air-strike-kills-10-near-gaza-school (Caused by NameResolutionError(""HTTPSConnection(host='www.dawn.com', port=443): Failed to resolve 'www.dawn.com' ([Errno 11001] getaddrinfo failed)""))"
https://www.dawn.com/news/1989263/us-journalist-back-on-air-after-mothers-abduction,Other,,,,,,,0.006,2026-08-20T13:40:08.160569,failed,"HTTPSConnectionPool(host='www.dawn.com', port=443): Max retries exceeded with url: /news/1989263/us-journalist-back-on-air-after-mothers-abduction (Caused by NameResolutionError(""HTTPSConnection(host='www.dawn.com', port=443): Failed to resolve 'www.dawn.com' ([Errno 11001] getaddrinfo failed)""))"
https://www.bbc.co.uk/news/topics/c51z9jlyy0mt,BBC,,,,,,,0.012,2026-08-20T13:40:08.170082,failed,"HTTPSConnectionPool(host='www.bbc.co.uk', port=443): Max retries exceeded with url: /news/topics/c51z9jlyy0mt (Caused by NameResolutionError(""HTTPSConnection(host='www.bbc.co.uk', port=443): Failed to resolve 'www.bbc.co.uk' ([Errno 11001] getaddrinfo failed)""))"
https://www.dawn.com/news/1989272/south-korea-admits-official-role-in-drone-incursion,Other,,,,,,,0.016,2026-08-20T13:40:08.172544,failed,"HTTPSConnectionPool(host='www.dawn.com', port=443): Max retries exceeded with url: /news/1989272/south-korea-admits-official-role-in-drone-incursion (Caused by NameResolutionError(""HTTPSConnection(host='www.dawn.com', port=443): Failed to resolve 'www.dawn.com' ([Errno 11001] getaddrinfo failed)""))"
https://www.bbc.co.uk/news/topics/c0n16pl88mkt,BBC,,,,,,,0.014,2026-08-20T13:40:08.174841,failed,"HTTPSConnectionPool(host='www.bbc.co.uk', port=443): Max retries exceeded with url: /news/topics/c0n16pl88mkt (Caused by NameResolutionError(""HTTPSConnection(host='www.bbc.co.uk', port=443): Failed to resolve 'www.bbc.co.uk' ([Errno 11001] getaddrinfo failed)""))"
https://www.bbc.co.uk/news/topics/cjkm52r66z5t,BBC,,,,,,,0.006,2026-08-20T13:40:08.176300,failed,"HTTPSConnectionPool(host='www.bbc.co.uk', port=443): Max retries exceeded with url: /news/topics/cjkm52r66z5t (Caused by NameResolutionError(""HTTPSConnection(host='www.bbc.co.uk', port=443): Failed to resolve 'www.bbc.co.uk' ([Errno 11001] getaddrinfo failed)""))"
https://www.bbc.co.uk/news/topics/czm9gyw66l9t,BBC,,,,,,,0.005,2026-08-20T13:40:08.177652,failed,"HTTPSConnectionPool(host='www.bbc.co.uk', port=443): Max retries exceeded with url: /news/topics/czm9gyw66l9t (Caused by NameResolutionError(""HTTPSConnection(host='www.bbc.co.uk', port=443): Failed to resolve 'www.bbc.co.uk' ([Errno 11001] getaddrinfo failed)""))"
https://www.bbc.co.uk/news/topics/c27962l881gt,BBC,,,,,,,0.006,2026-08-20T13:40:08.180608,failed,"HTTPSConnectionPool(host='www.bbc.co.uk', port=443): Max retries exceeded with url: /news/topics/c27962l881gt (Caused by NameResolutionError(""HTTPSConnection(host='www.bbc.co.uk', port=443): Failed to resolve 'www.bbc.co.uk' ([Errno 11001] getaddrinfo failed)""))"
https://www.dawn.com/news/1989285/official-penalised-for-austerity-policy-violation-in-balochistan,Other,,,,,,,0.007,2026-08-20T13:40:08.182909,failed,"HTTPSConnectionPool(host='www.dawn.com', port=443): Max retries exceeded with url: /news/1989285/official-penalised-for-austerity-policy-violation-in-balochistan (Caused by NameResolutionError(""HTTPSConnection(host='www.dawn.com', port=443): Failed to resolve 'www.dawn.com' ([Errno 11001] getaddrinfo failed)""))"
https://www.dawn.com/news/1989287/three-killed-in-separate-shootings-in-balochistan,Other,,,,,,,0.008,2026-08-20T13:40:08.185546,failed,"HTTPSConnectionPool(host='www.dawn.com', port=443): Max retries exceeded with url: /news/1989287/three-killed-in-separate-shootings-in-balochistan (Caused by NameResolutionError(""HTTPSConnection(host='www.dawn.com', port=443): Failed to resolve 'www.dawn.com' ([Errno 11001] getaddrinfo failed)""))"
https://www.dawn.com/news/1989289/dam-protest-paralyses-karakoram-highway,Other,,,,,,,0.008,2026-08-20T13:40:08.188318,failed,"HTTPSConnectionPool(host='www.dawn.com', port=443): Max retries exceeded with url: /news/1989289/dam-protest-paralyses-karakoram-highway (Caused by NameResolutionError(""HTTPSConnection(host='www.dawn.com', port=443): Failed to resolve 'www.dawn.com' ([Errno 11001] getaddrinfo failed)""))"
https://www.dawn.com/news/1989290/balochistan-govt-businessmen-agree-to-conserve-electricity,Other,,,,,,,0.006,2026-08-20T13:40:08.189284,failed,"HTTPSConnectionPool(host='www.dawn.com', port=443): Max retries exceeded with url: /news/1989290/balochistan-govt-businessmen-agree-to-conserve-electricity (Caused by NameResolutionError(""HTTPSConnection(host='www.dawn.com', port=443): Failed to resolve 'www.dawn.com' ([Errno 11001] getaddrinfo failed)""))"
https://www.dawn.com/news/1989291/gwadar-port-activity-revives-as-malaysian-ship-docks,Other,,,,,,,0.008,2026-08-20T13:40:08.193407,failed,"HTTPSConnectionPool(host='www.dawn.com', port=443): Max retries exceeded with url: /news/1989291/gwadar-port-activity-revives-as-malaysian-ship-docks (Caused by NameResolutionError(""HTTPSConnection(host='www.dawn.com', port=443): Failed to resolve 'www.dawn.com' ([Errno 11001] getaddrinfo failed)""))"
https://www.bbc.co.uk/news/topics/cxrlk20447gt,BBC,,,,,,,0.006,2026-08-20T13:40:08.194388,failed,"HTTPSConnectionPool(host='www.bbc.co.uk', port=443): Max retries exceeded with url: /news/topics/cxrlk20447gt (Caused by NameResolutionError(""HTTPSConnection(host='www.bbc.co.uk', port=443): Failed to resolve 'www.bbc.co.uk' ([Errno 11001] getaddrinfo failed)""))"
https://www.bbc.co.uk/news/topics/c90ekd98877t,BBC,,,,,,,0.009,2026-08-20T13:40:08.198185,failed,"HTTPSConnectionPool(host='www.bbc.co.uk', port=443): Max retries exceeded with url: /news/topics/c90ekd98877t (Caused by NameResolutionError(""HTTPSConnection(host='www.bbc.co.uk', port=443): Failed to resolve 'www.bbc.co.uk' ([Errno 11001] getaddrinfo failed)""))"
https://www.bbc.co.uk/news/topics/c1kr6pl88yet,BBC,,,,,,,0.005,2026-08-20T13:40:08.198580,failed,"HTTPSConnectionPool(host='www.bbc.co.uk', port=443): Max retries exceeded with url: /news/topics/c1kr6pl88yet (Caused by NameResolutionError(""HTTPSConnection(host='www.bbc.co.uk', port=443): Failed to resolve 'www.bbc.co.uk' ([Errno 11001] getaddrinfo failed)""))"
https://www.bbc.co.uk/news/topics/czm9gyw66l1t,BBC,,,,,,,0.064,2026-08-20T13:40:08.200706,failed,"HTTPSConnectionPool(host='www.bbc.co.uk', port=443): Max retries exceeded with url: /news/topics/czm9gyw66l1t (Caused by NameResolutionError(""HTTPSConnection(host='www.bbc.co.uk', port=443): Failed to resolve 'www.bbc.co.uk' ([Errno 11001] getaddrinfo failed)""))"
https://www.bbc.co.uk/news/topics/cp29j5lzzg7t,BBC,,,,,,,0.009,2026-08-20T13:40:08.203085,failed,"HTTPSConnectionPool(host='www.bbc.co.uk', port=443): Max retries exceeded with url: /news/topics/cp29j5lzzg7t (Caused by NameResolutionError(""HTTPSConnection(host='www.bbc.co.uk', port=443): Failed to resolve 'www.bbc.co.uk' ([Errno 11001] getaddrinfo failed)""))"
https://www.dawn.com/news/1989292/death-toll-rises-to-11-in-balochistan-as-rain-lashes-much-of-country,Other,,,,,,,0.007,2026-08-20T13:40:08.205772,failed,"HTTPSConnectionPool(host='www.dawn.com', port=443): Max retries exceeded with url: /news/1989292/death-toll-rises-to-11-in-balochistan-as-rain-lashes-much-of-country (Caused by NameResolutionError(""HTTPSConnection(host='www.dawn.com', port=443): Failed to resolve 'www.dawn.com' ([Errno 11001] getaddrinfo failed)""))"
https://www.bbc.co.uk/news/topics/c8zwn5l88e9t,BBC,,,,,,,0.008,2026-08-20T13:40:08.206603,failed,"HTTPSConnectionPool(host='www.bbc.co.uk', port=443): Max retries exceeded with url: /news/topics/c8zwn5l88e9t (Caused by NameResolutionError(""HTTPSConnection(host='www.bbc.co.uk', port=443): Failed to resolve 'www.bbc.co.uk' ([Errno 11001] getaddrinfo failed)""))"
https://www.dawn.com/news/1989293/80pc-provincial-population-lack-primary-healthcare-balochistan-health-secretary,Other,,,,,,,0.046,2026-08-20T13:40:08.247248,failed,"HTTPSConnectionPool(host='www.dawn.com', port=443): Max retries exceeded with url: /news/1989293/80pc-provincial-population-lack-primary-healthcare-balochistan-health-secretary (Caused by NameResolutionError(""HTTPSConnection(host='www.dawn.com', port=443): Failed to resolve 'www.dawn.com' ([Errno 11001] getaddrinfo failed)""))"
https://www.dawn.com/news/1989294/ajk-voter-registration-deadline-extended,Other,,,,,,,0.045,2026-08-20T13:40:08.247830,failed,"HTTPSConnectionPool(host='www.dawn.com', port=443): Max retries exceeded with url: /news/1989294/ajk-voter-registration-deadline-extended (Caused by NameResolutionError(""HTTPSConnection(host='www.dawn.com', port=443): Failed to resolve 'www.dawn.com' ([Errno 11001] getaddrinfo failed)""))"
https://www.bbc.co.uk/news/topics/c7yjne1887kt,BBC,,,,,,,0.004,2026-08-20T13:40:08.251657,failed,"HTTPSConnectionPool(host='www.bbc.co.uk', port=443): Max retries exceeded with url: /news/topics/c7yjne1887kt (Caused by NameResolutionError(""HTTPSConnection(host='www.bbc.co.uk', port=443): Failed to resolve 'www.bbc.co.uk' ([Errno 11001] getaddrinfo failed)""))"
https://www.dawn.com/news/1989300/jailed-pti-leaders-urge-multiparty-moot-on-middle-east-war,Other,,,,,,,0.047,2026-08-20T13:40:08.252574,failed,"HTTPSConnectionPool(host='www.dawn.com', port=443): Max retries exceeded with url: /news/1989300/jailed-pti-leaders-urge-multiparty-moot-on-middle-east-war (Caused by NameResolutionError(""HTTPSConnection(host='www.dawn.com', port=443): Failed to resolve 'www.dawn.com' ([Errno 11001] getaddrinfo failed)""))"
https://www.bbc.co.uk/news/topics/cgmxj6eyy4rt,BBC,,,,,,,0.011,2026-08-20T13:40:08.258645,failed,"HTTPSConnectionPool(host='www.bbc.co.uk', port=443): Max retries exceeded with url: /news/topics/cgmxj6eyy4rt (Caused by NameResolutionError(""HTTPSConnection(host='www.bbc.co.uk', port=443): Failed to resolve 'www.bbc.co.uk' ([Errno 11001] getaddrinfo failed)""))"
https://www.dawn.com/news/1989319/israeli-strikes-leave-15-more-dead-in-lebanon,Other,,,,,,,0.053,2026-08-20T13:40:08.259290,failed,"HTTPSConnectionPool(host='www.dawn.com', port=443): Max retries exceeded with url: /news/1989319/israeli-strikes-leave-15-more-dead-in-lebanon (Caused by NameResolutionError(""HTTPSConnection(host='www.dawn.com', port=443): Failed to resolve 'www.dawn.com' ([Errno 11001] getaddrinfo failed)""))"
https://www.bbc.co.uk/news/topics/ck7rdz4nn17t,BBC,,,,,,,0.01,2026-08-20T13:40:08.262663,failed,"HTTPSConnectionPool(host='www.bbc.co.uk', port=443): Max retries exceeded with url: /news/topics/ck7rdz4nn17t (Caused by NameResolutionError(""HTTPSConnection(host='www.bbc.co.uk', port=443): Failed to resolve 'www.bbc.co.uk' ([Errno 11001] getaddrinfo failed)""))"
https://www.bbc.co.uk/news/topics/cn1mzwgll74t,BBC,,,,,,,0.007,2026-08-20T13:40:08.265282,failed,"HTTPSConnectionPool(host='www.bbc.co.uk', port=443): Max retries exceeded with url: /news/topics/cn1mzwgll74t (Caused by NameResolutionError(""HTTPSConnection(host='www.bbc.co.uk', port=443): Failed to resolve 'www.bbc.co.uk' ([Errno 11001] getaddrinfo failed)""))"
https://www.dawn.com/news/1989232/punjab-assembly-committee-calls-for-abolishing-colonial-era-law-that-criminalises-poverty,Other,,,,,,,0.009,2026-08-20T13:40:08.272018,failed,"HTTPSConnectionPool(host='www.dawn.com', port=443): Max retries exceeded with url: /news/1989232/punjab-assembly-committee-calls-for-abolishing-colonial-era-law-that-criminalises-poverty (Caused by NameResolutionError(""HTTPSConnection(host='www.dawn.com', port=443): Failed to resolve 'www.dawn.com' ([Errno 11001] getaddrinfo failed)""))"
https://www.bbc.co.uk/news/topics/cllmr0pkkj2t,BBC,,,,,,,0.024,2026-08-20T13:40:08.275421,failed,"HTTPSConnectionPool(host='www.bbc.co.uk', port=443): Max retries exceeded with url: /news/topics/cllmr0pkkj2t (Caused by NameResolutionError(""HTTPSConnection(host='www.bbc.co.uk', port=443): Failed to resolve 'www.bbc.co.uk' ([Errno 11001] getaddrinfo failed)""))"
https://www.dawn.com/news/1989227/trump-says-vance-witkoff-kushner-talking-with-intermediaries-in-pakistan-iran-could-be-taken-out-on-tuesday,Other,,,,,,,0.012,2026-08-20T13:40:08.277687,failed,"HTTPSConnectionPool(host='www.dawn.com', port=443): Max retries exceeded with url: /news/1989227/trump-says-vance-witkoff-kushner-talking-with-intermediaries-in-pakistan-iran-could-be-taken-out-on-tuesday (Caused by NameResolutionError(""HTTPSConnection(host='www.dawn.com', port=443): Failed to resolve 'www.dawn.com' ([Errno 11001] getaddrinfo failed)""))"
https://www.dawn.com/news/1990556/peshawar-high-court-stays-repatriation-of-afghan-family-whose-asylum-case-for-resettlement-in-a-third-country-is-pending,Other,,,,,,,0.009,2026-08-20T13:40:08.281084,failed,"HTTPSConnectionPool(host='www.dawn.com', port=443): Max retries exceeded with url: /news/1990556/peshawar-high-court-stays-repatriation-of-afghan-family-whose-asylum-case-for-resettlement-in-a-third-country-is-pending (Caused by NameResolutionError(""HTTPSConnection(host='www.dawn.com', port=443): Failed to resolve 'www.dawn.com' ([Errno 11001] getaddrinfo failed)""))"
https://www.dawn.com/news/1989321/israeli-strikes-target-irans-petrochemical-facilities,Other,,,,,,,0.022,2026-08-20T13:40:08.281505,failed,"HTTPSConnectionPool(host='www.dawn.com', port=443): Max retries exceeded with url: /news/1989321/israeli-strikes-target-irans-petrochemical-facilities (Caused by NameResolutionError(""HTTPSConnection(host='www.dawn.com', port=443): Failed to resolve 'www.dawn.com' ([Errno 11001] getaddrinfo failed)""))"
https://www.bbc.co.uk/news/topics/c680ywlppj7t,BBC,,,,,,,0.009,2026-08-20T13:40:08.286656,failed,"HTTPSConnectionPool(host='www.bbc.co.uk', port=443): Max retries exceeded with url: /news/topics/c680ywlppj7t (Caused by NameResolutionError(""HTTPSConnection(host='www.bbc.co.uk', port=443): Failed to resolve 'www.bbc.co.uk' ([Errno 11001] getaddrinfo failed)""))"
https://www.dawn.com/news/1990551/from-politics-to-punches-biden-jr-challenges-trump-sons-to-cage-fight,Other,,,,,,,0.012,2026-08-20T13:40:08.287176,failed,"HTTPSConnectionPool(host='www.dawn.com', port=443): Max retries exceeded with url: /news/1990551/from-politics-to-punches-biden-jr-challenges-trump-sons-to-cage-fight (Caused by NameResolutionError(""HTTPSConnection(host='www.dawn.com', port=443): Failed to resolve 'www.dawn.com' ([Errno 11001] getaddrinfo failed)""))"
https://www.bbc.co.uk/news/topics/cr0meyljjgyt,BBC,,,,,,,0.009,2026-08-20T13:40:08.290679,failed,"HTTPSConnectionPool(host='www.bbc.co.uk', port=443): Max retries exceeded with url: /news/topics/cr0meyljjgyt (Caused by NameResolutionError(""HTTPSConnection(host='www.bbc.co.uk', port=443): Failed to resolve 'www.bbc.co.uk' ([Errno 11001] getaddrinfo failed)""))"
https://www.bbc.co.uk/news/topics/cmgm2jl77w7t,BBC,,,,,,,0.012,2026-08-20T13:40:08.293368,failed,"HTTPSConnectionPool(host='www.bbc.co.uk', port=443): Max retries exceeded with url: /news/topics/cmgm2jl77w7t (Caused by NameResolutionError(""HTTPSConnection(host='www.bbc.co.uk', port=443): Failed to resolve 'www.bbc.co.uk' ([Errno 11001] getaddrinfo failed)""))"
https://www.bbc.co.uk/news/topics/c4y260l881wt,BBC,,,,,,,0.014,2026-08-20T13:40:08.300299,failed,"HTTPSConnectionPool(host='www.bbc.co.uk', port=443): Max retries exceeded with url: /news/topics/c4y260l881wt (Caused by NameResolutionError(""HTTPSConnection(host='www.bbc.co.uk', port=443): Failed to resolve 'www.bbc.co.uk' ([Errno 11001] getaddrinfo failed)""))"
https://www.bbc.co.uk/news/topics/cerlz4j55x8t,BBC,,,,,,,0.025,2026-08-20T13:40:08.312129,failed,"HTTPSConnectionPool(host='www.bbc.co.uk', port=443): Max retries exceeded with url: /news/topics/cerlz4j55x8t (Caused by NameResolutionError(""HTTPSConnection(host='www.bbc.co.uk', port=443): Failed to resolve 'www.bbc.co.uk' ([Errno 11001] getaddrinfo failed)""))"
https://www.dawn.com/news/1990558/us-jury-indicts-10-indians-for-visa-fraud-conspiracy-involving-staged-robberies-at-convenience-stores,Other,,,,,,,0.024,2026-08-20T13:40:08.315194,failed,"HTTPSConnectionPool(host='www.dawn.com', port=443): Max retries exceeded with url: /news/1990558/us-jury-indicts-10-indians-for-visa-fraud-conspiracy-involving-staged-robberies-at-convenience-stores (Caused by NameResolutionError(""HTTPSConnection(host='www.dawn.com', port=443): Failed to resolve 'www.dawn.com' ([Errno 11001] getaddrinfo failed)""))"
https://www.dawn.com/news/1990535/world-doesnt-have-a-plan-b-bilawal-stresses-need-for-us-iran-talks-to-lead-to-peaceful-resolution-of-conflict,Other,,,,,,,0.025,2026-08-20T13:40:08.318117,failed,"HTTPSConnectionPool(host='www.dawn.com', port=443): Max retries exceeded with url: /news/1990535/world-doesnt-have-a-plan-b-bilawal-stresses-need-for-us-iran-talks-to-lead-to-peaceful-resolution-of-conflict (Caused by NameResolutionError(""HTTPSConnection(host='www.dawn.com', port=443): Failed to resolve 'www.dawn.com' ([Errno 11001] getaddrinfo failed)""))"
https://www.dawn.com/news/1990536/israel-blocks-spain-from-us-led-centre-monitoring-gaza-truce,Other,,,,,,,0.021,2026-08-20T13:40:08.321409,failed,"HTTPSConnectionPool(host='www.dawn.com', port=443): Max retries exceeded with url: /news/1990536/israel-blocks-spain-from-us-led-centre-monitoring-gaza-truce (Caused by NameResolutionError(""HTTPSConnection(host='www.dawn.com', port=443): Failed to resolve 'www.dawn.com' ([Errno 11001] getaddrinfo failed)""))"
https://www.dawn.com/news/1990525/israel-approves-34-new-west-bank-settlements-report,Other,,,,,,,0.011,2026-08-20T13:40:08.323653,failed,"HTTPSConnectionPool(host='www.dawn.com', port=443): Max retries exceeded with url: /news/1990525/israel-approves-34-new-west-bank-settlements-report (Caused by NameResolutionError(""HTTPSConnection(host='www.dawn.com', port=443): Failed to resolve 'www.dawn.com' ([Errno 11001] getaddrinfo failed)""))"
https://www.dawn.com/news/1990522/in-pictures-sikh-pilgrims-arrive-in-pakistan-from-india-to-celebrate-baisakhi-festival,Other,,,,,,,0.022,2026-08-20T13:40:08.337018,failed,"HTTPSConnectionPool(host='www.dawn.com', port=443): Max retries exceeded with url: /news/1990522/in-pictures-sikh-pilgrims-arrive-in-pakistan-from-india-to-celebrate-baisakhi-festival (Caused by NameResolutionError(""HTTPSConnection(host='www.dawn.com', port=443): Failed to resolve 'www.dawn.com' ([Errno 11001] getaddrinfo failed)""))"
https://www.bbc.co.uk/news/topics/c51z9jlyynmt,BBC,,,,,,,0.025,2026-08-20T13:40:08.343655,failed,"HTTPSConnectionPool(host='www.bbc.co.uk', port=443): Max retries exceeded with url: /news/topics/c51z9jlyynmt (Caused by NameResolutionError(""HTTPSConnection(host='www.bbc.co.uk', port=443): Failed to resolve 'www.bbc.co.uk' ([Errno 11001] getaddrinfo failed)""))"
https://www.bbc.co.uk/news/topics/cdd52ryeenjt,BBC,,,,,,,0.023,2026-08-20T13:40:08.344232,failed,"HTTPSConnectionPool(host='www.bbc.co.uk', port=443): Max retries exceeded with url: /news/topics/cdd52ryeenjt (Caused by NameResolutionError(""HTTPSConnection(host='www.bbc.co.uk', port=443): Failed to resolve 'www.bbc.co.uk' ([Errno 11001] getaddrinfo failed)""))"
https://www.bbc.co.uk/news/topics/cwdnmkzrrlzt,BBC,,,,,,,0.047,2026-08-20T13:40:08.371012,failed,"HTTPSConnectionPool(host='www.bbc.co.uk', port=443): Max retries exceeded with url: /news/topics/cwdnmkzrrlzt (Caused by NameResolutionError(""HTTPSConnection(host='www.bbc.co.uk', port=443): Failed to resolve 'www.bbc.co.uk' ([Errno 11001] getaddrinfo failed)""))"
https://www.bbc.co.uk/news/topics/cjkm52r6615t,BBC,,,,,,,0.049,2026-08-20T13:40:08.386171,failed,"HTTPSConnectionPool(host='www.bbc.co.uk', port=443): Max retries exceeded with url: /news/topics/cjkm52r6615t (Caused by NameResolutionError(""HTTPSConnection(host='www.bbc.co.uk', port=443): Failed to resolve 'www.bbc.co.uk' ([Errno 11001] getaddrinfo failed)""))"
https://www.dawn.com/news/1990513/pakistan-navy-rescues-18-crew-members-including-foreign-nationals-of-merchant-vessel-in-arabian-sea-operation,Other,,,,,,,0.018,2026-08-20T13:40:08.389568,failed,"HTTPSConnectionPool(host='www.dawn.com', port=443): Max retries exceeded with url: /news/1990513/pakistan-navy-rescues-18-crew-members-including-foreign-nationals-of-merchant-vessel-in-arabian-sea-operation (Caused by NameResolutionError(""HTTPSConnection(host='www.dawn.com', port=443): Failed to resolve 'www.dawn.com' ([Errno 11001] getaddrinfo failed)""))"
https://images.dawn.com/news/1195133/images-picks-from-pulao-to-paye-the-quintessential-food-guide-for-our-us-irani-guests,Other,,,,,,,0.048,2026-08-20T13:40:08.392277,failed,"HTTPSConnectionPool(host='images.dawn.com', port=443): Max retries exceeded with url: /news/1195133/images-picks-from-pulao-to-paye-the-quintessential-food-guide-for-our-us-irani-guests (Caused by NameResolutionError(""HTTPSConnection(host='images.dawn.com', port=443): Failed to resolve 'images.dawn.com' ([Errno 11001] getaddrinfo failed)""))"
https://www.bbc.co.uk/news/topics/c0n16pl88dkt,BBC,,,,,,,0.108,2026-08-20T13:40:08.451588,failed,"HTTPSConnectionPool(host='www.bbc.co.uk', port=443): Max retries exceeded with url: /news/topics/c0n16pl88dkt (Caused by NameResolutionError(""HTTPSConnection(host='www.bbc.co.uk', port=443): Failed to resolve 'www.bbc.co.uk' ([Errno 11001] getaddrinfo failed)""))"
https://www.dawn.com/news/1990508/chinese-taiwanese-will-unite-xi-tells-taiwan-opposition-leader,Other,,,,,,,0.064,2026-08-20T13:40:08.453222,failed,"HTTPSConnectionPool(host='www.dawn.com', port=443): Max retries exceeded with url: /news/1990508/chinese-taiwanese-will-unite-xi-tells-taiwan-opposition-leader (Caused by NameResolutionError(""HTTPSConnection(host='www.dawn.com', port=443): Failed to resolve 'www.dawn.com' ([Errno 11001] getaddrinfo failed)""))"
https://www.dawn.com/news/1990471/when-washington-came-to-pakistan-a-brief-history,Other,,,,,,,0.068,2026-08-20T13:40:08.454443,failed,"HTTPSConnectionPool(host='www.dawn.com', port=443): Max retries exceeded with url: /news/1990471/when-washington-came-to-pakistan-a-brief-history (Caused by NameResolutionError(""HTTPSConnection(host='www.dawn.com', port=443): Failed to resolve 'www.dawn.com' ([Errno 11001] getaddrinfo failed)""))"
https://www.bbc.co.uk/news/topics/c27962l884gt,BBC,,,,,,,0.005,2026-08-20T13:40:08.458524,failed,"HTTPSConnectionPool(host='www.bbc.co.uk', port=443): Max retries exceeded with url: /news/topics/c27962l884gt (Caused by NameResolutionError(""HTTPSConnection(host='www.bbc.co.uk', port=443): Failed to resolve 'www.bbc.co.uk' ([Errno 11001] getaddrinfo failed)""))"
https://www.bbc.co.uk/news/topics/cy4ngzjmmert,BBC,,,,,,,0.007,2026-08-20T13:40:08.461248,failed,"HTTPSConnectionPool(host='www.bbc.co.uk', port=443): Max retries exceeded with url: /news/topics/cy4ngzjmmert (Caused by NameResolutionError(""HTTPSConnection(host='www.bbc.co.uk', port=443): Failed to resolve 'www.bbc.co.uk' ([Errno 11001] getaddrinfo failed)""))"
https://www.bbc.co.uk/news/topics/cxrlk2044dgt,BBC,,,,,,,0.005,2026-08-20T13:40:08.463144,failed,"HTTPSConnectionPool(host='www.bbc.co.uk', port=443): Max retries exceeded with url: /news/topics/cxrlk2044dgt (Caused by NameResolutionError(""HTTPSConnection(host='www.bbc.co.uk', port=443): Failed to resolve 'www.bbc.co.uk' ([Errno 11001] getaddrinfo failed)""))"
https://www.bbc.co.uk/news/topics/czm9gyw6649t,BBC,,,,,,,0.016,2026-08-20T13:40:08.467706,failed,"HTTPSConnectionPool(host='www.bbc.co.uk', port=443): Max retries exceeded with url: /news/topics/czm9gyw6649t (Caused by NameResolutionError(""HTTPSConnection(host='www.bbc.co.uk', port=443): Failed to resolve 'www.bbc.co.uk' ([Errno 11001] getaddrinfo failed)""))"
https://www.dawn.com/news/1990487/at-the-impossible-table-the-diplomatic-maze-awaiting-the-world-in-islamabad,Other,,,,,,,0.006,2026-08-20T13:40:08.468725,failed,"HTTPSConnectionPool(host='www.dawn.com', port=443): Max retries exceeded with url: /news/1990487/at-the-impossible-table-the-diplomatic-maze-awaiting-the-world-in-islamabad (Caused by NameResolutionError(""HTTPSConnection(host='www.dawn.com', port=443): Failed to resolve 'www.dawn.com' ([Errno 11001] getaddrinfo failed)""))"
https://www.bbc.co.uk/news/topics/c90ekd988z7t,BBC,,,,,,,0.015,2026-08-20T13:40:08.476005,failed,"HTTPSConnectionPool(host='www.bbc.co.uk', port=443): Max retries exceeded with url: /news/topics/c90ekd988z7t (Caused by NameResolutionError(""HTTPSConnection(host='www.bbc.co.uk', port=443): Failed to resolve 'www.bbc.co.uk' ([Errno 11001] getaddrinfo failed)""))"
https://www.dawn.com/news/1990496/in-pictures-heavy-security-in-islamabad-ahead-of-us-iran-talks,Other,,,,,,,0.091,2026-08-20T13:40:08.483077,failed,"HTTPSConnectionPool(host='www.dawn.com', port=443): Max retries exceeded with url: /news/1990496/in-pictures-heavy-security-in-islamabad-ahead-of-us-iran-talks (Caused by NameResolutionError(""HTTPSConnection(host='www.dawn.com', port=443): Failed to resolve 'www.dawn.com' ([Errno 11001] getaddrinfo failed)""))"
https://www.dawn.com/news/1990500/pmdc-expresses-deep-concern-at-suspected-suicide-of-medical-student-in-mirpurkhas,Other,,,,,,,0.028,2026-08-20T13:40:08.495596,failed,"HTTPSConnectionPool(host='www.dawn.com', port=443): Max retries exceeded with url: /news/1990500/pmdc-expresses-deep-concern-at-suspected-suicide-of-medical-student-in-mirpurkhas (Caused by NameResolutionError(""HTTPSConnection(host='www.dawn.com', port=443): Failed to resolve 'www.dawn.com' ([Errno 11001] getaddrinfo failed)""))"
https://images.dawn.com/news/1195131/people-just-hate-happy-women-hania-aamir-slams-bullies-who-wont-let-women-live,Other,,,,,,,0.029,2026-08-20T13:40:08.498226,failed,"HTTPSConnectionPool(host='images.dawn.com', port=443): Max retries exceeded with url: /news/1195131/people-just-hate-happy-women-hania-aamir-slams-bullies-who-wont-let-women-live (Caused by NameResolutionError(""HTTPSConnection(host='images.dawn.com', port=443): Failed to resolve 'images.dawn.com' ([Errno 11001] getaddrinfo failed)""))"
https://www.dawn.com/news/1990494/artemis-ii-astronauts-hurtle-home-from-moon-toward-splashdown,Other,,,,,,,0.027,2026-08-20T13:40:08.503342,failed,"HTTPSConnectionPool(host='www.dawn.com', port=443): Max retries exceeded with url: /news/1990494/artemis-ii-astronauts-hurtle-home-from-moon-toward-splashdown (Caused by NameResolutionError(""HTTPSConnection(host='www.dawn.com', port=443): Failed to resolve 'www.dawn.com' ([Errno 11001] getaddrinfo failed)""))"
https://www.dawn.com/news/1989447/from-battlefields-to-data-centres-the-us-iran-war-in-the-age-of-ai,Other,,,,,,,0.024,2026-08-20T13:40:08.506923,failed,"HTTPSConnectionPool(host='www.dawn.com', port=443): Max retries exceeded with url: /news/1989447/from-battlefields-to-data-centres-the-us-iran-war-in-the-age-of-ai (Caused by NameResolutionError(""HTTPSConnection(host='www.dawn.com', port=443): Failed to resolve 'www.dawn.com' ([Errno 11001] getaddrinfo failed)""))"
https://www.bbc.co.uk/news/topics/c8zwn5l8829t,BBC,,,,,,,0.018,2026-08-20T13:40:08.513794,failed,"HTTPSConnectionPool(host='www.bbc.co.uk', port=443): Max retries exceeded with url: /news/topics/c8zwn5l8829t (Caused by NameResolutionError(""HTTPSConnection(host='www.bbc.co.uk', port=443): Failed to resolve 'www.bbc.co.uk' ([Errno 11001] getaddrinfo failed)""))"
https://www.bbc.co.uk/news/topics/cp29j5lzz77t,BBC,,,,,,,0.02,2026-08-20T13:40:08.518021,failed,"HTTPSConnectionPool(host='www.bbc.co.uk', port=443): Max retries exceeded with url: /news/topics/cp29j5lzz77t (Caused by NameResolutionError(""HTTPSConnection(host='www.bbc.co.uk', port=443): Failed to resolve 'www.bbc.co.uk' ([Errno 11001] getaddrinfo failed)""))"
https://www.bbc.co.uk/news/topics/c1kr6pl889et,BBC,,,,,,,0.02,2026-08-20T13:40:08.523177,failed,"HTTPSConnectionPool(host='www.bbc.co.uk', port=443): Max retries exceeded with url: /news/topics/c1kr6pl889et (Caused by NameResolutionError(""HTTPSConnection(host='www.bbc.co.uk', port=443): Failed to resolve 'www.bbc.co.uk' ([Errno 11001] getaddrinfo failed)""))"
https://www.bbc.co.uk/news/topics/cgmxj6eyy1rt,BBC,,,,,,,0.018,2026-08-20T13:40:08.525176,failed,"HTTPSConnectionPool(host='www.bbc.co.uk', port=443): Max retries exceeded with url: /news/topics/cgmxj6eyy1rt (Caused by NameResolutionError(""HTTPSConnection(host='www.bbc.co.uk', port=443): Failed to resolve 'www.bbc.co.uk' ([Errno 11001] getaddrinfo failed)""))"
https://www.bbc.co.uk/news/topics/cllmr0pkkw2t,BBC,,,,,,,0.013,2026-08-20T13:40:08.527171,failed,"HTTPSConnectionPool(host='www.bbc.co.uk', port=443): Max retries exceeded with url: /news/topics/cllmr0pkkw2t (Caused by NameResolutionError(""HTTPSConnection(host='www.bbc.co.uk', port=443): Failed to resolve 'www.bbc.co.uk' ([Errno 11001] getaddrinfo failed)""))"
https://www.dawn.com/news/1990480/asian-development-bank-upgrades-pakistans-economic-growth-rate-to-35pc,Other,,,,,,,0.01,2026-08-20T13:40:08.527953,failed,"HTTPSConnectionPool(host='www.dawn.com', port=443): Max retries exceeded with url: /news/1990480/asian-development-bank-upgrades-pakistans-economic-growth-rate-to-35pc (Caused by NameResolutionError(""HTTPSConnection(host='www.dawn.com', port=443): Failed to resolve 'www.dawn.com' ([Errno 11001] getaddrinfo failed)""))"
https://www.dawn.com/news/1990477/lahore-bound-shalimar-express-derails-near-sheikhupura-rail-traffic-suspended,Other,,,,,,,0.005,2026-08-20T13:40:08.529947,failed,"HTTPSConnectionPool(host='www.dawn.com', port=443): Max retries exceeded with url: /news/1990477/lahore-bound-shalimar-express-derails-near-sheikhupura-rail-traffic-suspended (Caused by NameResolutionError(""HTTPSConnection(host='www.dawn.com', port=443): Failed to resolve 'www.dawn.com' ([Errno 11001] getaddrinfo failed)""))"
https://www.dawn.com/news/1990475/from-critic-to-negotiator-jd-vance-to-spearhead-us-efforts-in-iran-ceasefire-talks,Other,,,,,,,0.009,2026-08-20T13:40:08.536044,failed,"HTTPSConnectionPool(host='www.dawn.com', port=443): Max retries exceeded with url: /news/1990475/from-critic-to-negotiator-jd-vance-to-spearhead-us-efforts-in-iran-ceasefire-talks (Caused by NameResolutionError(""HTTPSConnection(host='www.dawn.com', port=443): Failed to resolve 'www.dawn.com' ([Errno 11001] getaddrinfo failed)""))"
https://www.dawn.com/news/1990483/sindh-implements-austerity-measures-notifies-early-market-closure-among-other-steps,Other,,,,,,,0.015,2026-08-20T13:40:08.538200,failed,"HTTPSConnectionPool(host='www.dawn.com', port=443): Max retries exceeded with url: /news/1990483/sindh-implements-austerity-measures-notifies-early-market-closure-among-other-steps (Caused by NameResolutionError(""HTTPSConnection(host='www.dawn.com', port=443): Failed to resolve 'www.dawn.com' ([Errno 11001] getaddrinfo failed)""))"
https://www.bbc.co.uk/news/topics/ck7rdz4nnx7t,BBC,,,,,,,0.007,2026-08-20T13:40:08.545050,failed,"HTTPSConnectionPool(host='www.bbc.co.uk', port=443): Max retries exceeded with url: /news/topics/ck7rdz4nnx7t (Caused by NameResolutionError(""HTTPSConnection(host='www.bbc.co.uk', port=443): Failed to resolve 'www.bbc.co.uk' ([Errno 11001] getaddrinfo failed)""))"
https://www.bbc.co.uk/news/topics/c7yjne1886kt,BBC,,,,,,,0.016,2026-08-20T13:40:08.545723,failed,"HTTPSConnectionPool(host='www.bbc.co.uk', port=443): Max retries exceeded with url: /news/topics/c7yjne1886kt (Caused by NameResolutionError(""HTTPSConnection(host='www.bbc.co.uk', port=443): Failed to resolve 'www.bbc.co.uk' ([Errno 11001] getaddrinfo failed)""))"
https://images.dawn.com/news/1195130/award-winning-game-of-thrones-actor-michael-patrick-dead-at-35,Other,,,,,,,0.025,2026-08-20T13:40:08.553073,failed,"HTTPSConnectionPool(host='images.dawn.com', port=443): Max retries exceeded with url: /news/1195130/award-winning-game-of-thrones-actor-michael-patrick-dead-at-35 (Caused by NameResolutionError(""HTTPSConnection(host='images.dawn.com', port=443): Failed to resolve 'images.dawn.com' ([Errno 11001] getaddrinfo failed)""))"
https://www.bbc.co.uk/news/topics/cn1mzwglle4t,BBC,,,,,,,0.021,2026-08-20T13:40:08.557214,failed,"HTTPSConnectionPool(host='www.bbc.co.uk', port=443): Max retries exceeded with url: /news/topics/cn1mzwglle4t (Caused by NameResolutionError(""HTTPSConnection(host='www.bbc.co.uk', port=443): Failed to resolve 'www.bbc.co.uk' ([Errno 11001] getaddrinfo failed)""))"
https://www.bbc.co.uk/news/topics/c680ywlppe7t,BBC,,,,,,,0.015,2026-08-20T13:40:08.560283,failed,"HTTPSConnectionPool(host='www.bbc.co.uk', port=443): Max retries exceeded with url: /news/topics/c680ywlppe7t (Caused by NameResolutionError(""HTTPSConnection(host='www.bbc.co.uk', port=443): Failed to resolve 'www.bbc.co.uk' ([Errno 11001] getaddrinfo failed)""))"
https://www.bbc.co.uk/news/topics/cmgm2jl7767t,BBC,,,,,,,0.017,2026-08-20T13:40:08.563116,failed,"HTTPSConnectionPool(host='www.bbc.co.uk', port=443): Max retries exceeded with url: /news/topics/cmgm2jl7767t (Caused by NameResolutionError(""HTTPSConnection(host='www.bbc.co.uk', port=443): Failed to resolve 'www.bbc.co.uk' ([Errno 11001] getaddrinfo failed)""))"
https://www.dawn.com/news/1990472/resecurity-hosts-anti-fraud-pakistan-2026-in-karachi-strengthening-cybersecurity-and-fraud-prevention-efforts,Other,,,,,,,0.018,2026-08-20T13:40:08.571248,failed,"HTTPSConnectionPool(host='www.dawn.com', port=443): Max retries exceeded with url: /news/1990472/resecurity-hosts-anti-fraud-pakistan-2026-in-karachi-strengthening-cybersecurity-and-fraud-prevention-efforts (Caused by NameResolutionError(""HTTPSConnection(host='www.dawn.com', port=443): Failed to resolve 'www.dawn.com' ([Errno 11001] getaddrinfo failed)""))"
https://www.dawn.com/news/1990461/vance-en-route-iranian-delegation-touches-down-for-islamabad-talks,Other,,,,,,,0.017,2026-08-20T13:40:08.574746,failed,"HTTPSConnectionPool(host='www.dawn.com', port=443): Max retries exceeded with url: /news/1990461/vance-en-route-iranian-delegation-touches-down-for-islamabad-talks (Caused by NameResolutionError(""HTTPSConnection(host='www.dawn.com', port=443): Failed to resolve 'www.dawn.com' ([Errno 11001] getaddrinfo failed)""))"
https://www.dawn.com/news/1990327,Other,,,,,,,0.023,2026-08-20T13:40:08.583798,failed,"HTTPSConnectionPool(host='www.dawn.com', port=443): Max retries exceeded with url: /news/1990327 (Caused by NameResolutionError(""HTTPSConnection(host='www.dawn.com', port=443): Failed to resolve 'www.dawn.com' ([Errno 11001] getaddrinfo failed)""))"
https://www.dawn.com/news/1990403,Other,,,,,,,0.025,2026-08-20T13:40:08.588352,failed,"HTTPSConnectionPool(host='www.dawn.com', port=443): Max retries exceeded with url: /news/1990403 (Caused by NameResolutionError(""HTTPSConnection(host='www.dawn.com', port=443): Failed to resolve 'www.dawn.com' ([Errno 11001] getaddrinfo failed)""))"
https://www.dawn.com/news/1990405,Other,,,,,,,0.021,2026-08-20T13:40:08.592144,failed,"HTTPSConnectionPool(host='www.dawn.com', port=443): Max retries exceeded with url: /news/1990405 (Caused by NameResolutionError(""HTTPSConnection(host='www.dawn.com', port=443): Failed to resolve 'www.dawn.com' ([Errno 11001] getaddrinfo failed)""))"
https://www.bbc.co.uk/news/topics/cr0meyljj7yt,BBC,,,,,,,0.018,2026-08-20T13:40:08.592693,failed,"HTTPSConnectionPool(host='www.bbc.co.uk', port=443): Max retries exceeded with url: /news/topics/cr0meyljj7yt (Caused by NameResolutionError(""HTTPSConnection(host='www.bbc.co.uk', port=443): Failed to resolve 'www.bbc.co.uk' ([Errno 11001] getaddrinfo failed)""))"
https://www.bbc.co.uk/news/topics/cdd52ryeewjt,BBC,,,,,,,0.012,2026-08-20T13:40:08.595403,failed,"HTTPSConnectionPool(host='www.bbc.co.uk', port=443): Max retries exceeded with url: /news/topics/cdd52ryeewjt (Caused by NameResolutionError(""HTTPSConnection(host='www.bbc.co.uk', port=443): Failed to resolve 'www.bbc.co.uk' ([Errno 11001] getaddrinfo failed)""))"
https://www.bbc.co.uk/news/topics/c4y260l889wt,BBC,,,,,,,0.01,2026-08-20T13:40:08.598846,failed,"HTTPSConnectionPool(host='www.bbc.co.uk', port=443): Max retries exceeded with url: /news/topics/c4y260l889wt (Caused by NameResolutionError(""HTTPSConnection(host='www.bbc.co.uk', port=443): Failed to resolve 'www.bbc.co.uk' ([Errno 11001] getaddrinfo failed)""))"
https://www.bbc.co.uk/news/topics/cerlz4j55g8t,BBC,,,,,,,0.007,2026-08-20T13:40:08.599353,failed,"HTTPSConnectionPool(host='www.bbc.co.uk', port=443): Max retries exceeded with url: /news/topics/cerlz4j55g8t (Caused by NameResolutionError(""HTTPSConnection(host='www.bbc.co.uk', port=443): Failed to resolve 'www.bbc.co.uk' ([Errno 11001] getaddrinfo failed)""))"
https://www.bbc.co.uk/news/topics/c51z9jlyygmt,BBC,,,,,,,0.012,2026-08-20T13:40:08.604679,failed,"HTTPSConnectionPool(host='www.bbc.co.uk', port=443): Max retries exceeded with url: /news/topics/c51z9jlyygmt (Caused by NameResolutionError(""HTTPSConnection(host='www.bbc.co.uk', port=443): Failed to resolve 'www.bbc.co.uk' ([Errno 11001] getaddrinfo failed)""))"
https://www.dawn.com/news/1990408,Other,,,,,,,0.01,2026-08-20T13:40:08.605427,failed,"HTTPSConnectionPool(host='www.dawn.com', port=443): Max retries exceeded with url: /news/1990408 (Caused by NameResolutionError(""HTTPSConnection(host='www.dawn.com', port=443): Failed to resolve 'www.dawn.com' ([Errno 11001] getaddrinfo failed)""))"
https://www.dawn.com/news/1990382,Other,,,,,,,0.011,2026-08-20T13:40:08.610094,failed,"HTTPSConnectionPool(host='www.dawn.com', port=443): Max retries exceeded with url: /news/1990382 (Caused by NameResolutionError(""HTTPSConnection(host='www.dawn.com', port=443): Failed to resolve 'www.dawn.com' ([Errno 11001] getaddrinfo failed)""))"
https://www.dawn.com/news/1990418,Other,,,,,,,0.013,2026-08-20T13:40:08.612003,failed,"HTTPSConnectionPool(host='www.dawn.com', port=443): Max retries exceeded with url: /news/1990418 (Caused by NameResolutionError(""HTTPSConnection(host='www.dawn.com', port=443): Failed to resolve 'www.dawn.com' ([Errno 11001] getaddrinfo failed)""))"
https://www.dawn.com/news/1990427/kusal-mendis-ton-babars-87-power-zalmi-to-record-rout-of-kings,Other,,,,,,,0.02,2026-08-20T13:40:08.625168,failed,"HTTPSConnectionPool(host='www.dawn.com', port=443): Max retries exceeded with url: /news/1990427/kusal-mendis-ton-babars-87-power-zalmi-to-record-rout-of-kings (Caused by NameResolutionError(""HTTPSConnection(host='www.dawn.com', port=443): Failed to resolve 'www.dawn.com' ([Errno 11001] getaddrinfo failed)""))"
https://www.dawn.com/news/1990425/chris-green-devon-conway-give-united-facile-win-over-qalandars-on-sluggish-surface,Other,,,,,,,0.028,2026-08-20T13:40:08.632689,failed,"HTTPSConnectionPool(host='www.dawn.com', port=443): Max retries exceeded with url: /news/1990425/chris-green-devon-conway-give-united-facile-win-over-qalandars-on-sluggish-surface (Caused by NameResolutionError(""HTTPSConnection(host='www.dawn.com', port=443): Failed to resolve 'www.dawn.com' ([Errno 11001] getaddrinfo failed)""))"
https://www.bbc.co.uk/news/topics/cwdnmkzrr5zt,BBC,,,,,,,0.023,2026-08-20T13:40:08.633573,failed,"HTTPSConnectionPool(host='www.bbc.co.uk', port=443): Max retries exceeded with url: /news/topics/cwdnmkzrr5zt (Caused by NameResolutionError(""HTTPSConnection(host='www.bbc.co.uk', port=443): Failed to resolve 'www.bbc.co.uk' ([Errno 11001] getaddrinfo failed)""))"
https://www.bbc.co.uk/news/topics/cjkm52r6605t,BBC,,,,,,,0.026,2026-08-20T13:40:08.638048,failed,"HTTPSConnectionPool(host='www.bbc.co.uk', port=443): Max retries exceeded with url: /news/topics/cjkm52r6605t (Caused by NameResolutionError(""HTTPSConnection(host='www.bbc.co.uk', port=443): Failed to resolve 'www.bbc.co.uk' ([Errno 11001] getaddrinfo failed)""))"
https://www.bbc.co.uk/news/topics/c90ekd98857t,BBC,,,,,,,0.025,2026-08-20T13:40:08.658345,failed,"HTTPSConnectionPool(host='www.bbc.co.uk', port=443): Max retries exceeded with url: /news/topics/c90ekd98857t (Caused by NameResolutionError(""HTTPSConnection(host='www.bbc.co.uk', port=443): Failed to resolve 'www.bbc.co.uk' ([Errno 11001] getaddrinfo failed)""))"
https://www.dawn.com/news/1990436/atletico-punish-10-man-barca-as-red-hot-psg-beat-liverpool-in-cl,Other,,,,,,,0.023,2026-08-20T13:40:08.661062,failed,"HTTPSConnectionPool(host='www.dawn.com', port=443): Max retries exceeded with url: /news/1990436/atletico-punish-10-man-barca-as-red-hot-psg-beat-liverpool-in-cl (Caused by NameResolutionError(""HTTPSConnection(host='www.dawn.com', port=443): Failed to resolve 'www.dawn.com' ([Errno 11001] getaddrinfo failed)""))"
https://www.bbc.co.uk/news/topics/c0n16pl88wkt,BBC,,,,,,,0.036,2026-08-20T13:40:08.661717,failed,"HTTPSConnectionPool(host='www.bbc.co.uk', port=443): Max retries exceeded with url: /news/topics/c0n16pl88wkt (Caused by NameResolutionError(""HTTPSConnection(host='www.bbc.co.uk', port=443): Failed to resolve 'www.bbc.co.uk' ([Errno 11001] getaddrinfo failed)""))"
https://www.bbc.co.uk/news/topics/czm9gyw6659t,BBC,,,,,,,0.031,2026-08-20T13:40:08.664079,failed,"HTTPSConnectionPool(host='www.bbc.co.uk', port=443): Max retries exceeded with url: /news/topics/czm9gyw6659t (Caused by NameResolutionError(""HTTPSConnection(host='www.bbc.co.uk', port=443): Failed to resolve 'www.bbc.co.uk' ([Errno 11001] getaddrinfo failed)""))"
https://www.dawn.com/news/1988314/rs397bn-project-launched-to-preserve-taxilas-cultural-heritage,Other,,,,,,,2617.085,2026-08-20T13:40:08.773466,failed,"HTTPSConnectionPool(host='www.dawn.com', port=443): Max retries exceeded with url: /news/1988314/rs397bn-project-launched-to-preserve-taxilas-cultural-heritage (Caused by NewConnectionError(""HTTPSConnection(host='www.dawn.com', port=443): Failed to establish a new connection: [WinError 10053] An established connection was aborted by the software in your host machine""))"
https://www.dawn.com/news/1988361/cjp-afridi-stresses-integrity-impartiality-for-judges,Other,,,,,,,2586.905,2026-08-20T13:40:08.775846,failed,"('Connection aborted.', ConnectionResetError(10054, 'An existing connection was forcibly closed by the remote host', None, 10054, None))"
https://www.dawn.com/news/1988354/scientists-find-evidence-for-theorised-gargantuan-star-explosions,Other,,,,,,,2601.273,2026-08-20T13:40:08.776510,failed,"HTTPSConnectionPool(host='www.dawn.com', port=443): Max retries exceeded with url: /news/1988354/scientists-find-evidence-for-theorised-gargantuan-star-explosions (Caused by NewConnectionError(""HTTPSConnection(host='www.dawn.com', port=443): Failed to establish a new connection: [WinError 10051] A socket operation was attempted to an unreachable network""))"
https://www.dawn.com/news/1988362/balochistan-rains-and-floods-death-toll-hits-nine,Other,,,,,,,2586.797,2026-08-20T13:40:08.776893,failed,"('Connection aborted.', ConnectionResetError(10054, 'An existing connection was forcibly closed by the remote host', None, 10054, None))"
https://www.dawn.com/news/1988363/petrol-diesel-price-surge-sparks-calls-for-drive-to-oust-govt,Other,,,,,,,2586.501,2026-08-20T13:40:08.782325,failed,"HTTPSConnectionPool(host='www.dawn.com', port=443): Max retries exceeded with url: /news/1988363/petrol-diesel-price-surge-sparks-calls-for-drive-to-oust-govt (Caused by NewConnectionError(""HTTPSConnection(host='www.dawn.com', port=443): Failed to establish a new connection: [WinError 10051] A socket operation was attempted to an unreachable network""))"
https://www.dawn.com/news/1988368/fia-intensifies-crackdown-on-illegal-fuel-trade-in-quetta,Other,,,,,,,2584.874,2026-08-20T13:40:08.783190,failed,"HTTPSConnectionPool(host='www.dawn.com', port=443): Max retries exceeded with url: /news/1988368/fia-intensifies-crackdown-on-illegal-fuel-trade-in-quetta (Caused by NewConnectionError(""HTTPSConnection(host='www.dawn.com', port=443): Failed to establish a new connection: [WinError 10051] A socket operation was attempted to an unreachable network""))"
https://www.bbc.co.uk/news/topics/cy4ngzjmmyrt,BBC,,,,,,,0.459,2026-08-20T13:40:09.234590,failed,"HTTPSConnectionPool(host='www.bbc.co.uk', port=443): Max retries exceeded with url: /news/topics/cy4ngzjmmyrt (Caused by NameResolutionError(""HTTPSConnection(host='www.bbc.co.uk', port=443): Failed to resolve 'www.bbc.co.uk' ([Errno 11001] getaddrinfo failed)""))"
https://www.dawn.com/news/1990320/four-killed-in-kurram-roof-collapse-incidents,Other,,,,,,,0.452,2026-08-20T13:40:09.235132,failed,"HTTPSConnectionPool(host='www.dawn.com', port=443): Max retries exceeded with url: /news/1990320/four-killed-in-kurram-roof-collapse-incidents (Caused by NameResolutionError(""HTTPSConnection(host='www.dawn.com', port=443): Failed to resolve 'www.dawn.com' ([Errno 11001] getaddrinfo failed)""))"
https://www.bbc.co.uk/news/topics/cxrlk2044wgt,BBC,,,,,,,0.459,2026-08-20T13:40:09.235567,failed,"HTTPSConnectionPool(host='www.bbc.co.uk', port=443): Max retries exceeded with url: /news/topics/cxrlk2044wgt (Caused by NameResolutionError(""HTTPSConnection(host='www.bbc.co.uk', port=443): Failed to resolve 'www.bbc.co.uk' ([Errno 11001] getaddrinfo failed)""))"
https://www.bbc.co.uk/news/topics/c27962l88ygt,BBC,,,,,,,0.462,2026-08-20T13:40:09.236018,failed,"HTTPSConnectionPool(host='www.bbc.co.uk', port=443): Max retries exceeded with url: /news/topics/c27962l88ygt (Caused by NameResolutionError(""HTTPSConnection(host='www.bbc.co.uk', port=443): Failed to resolve 'www.bbc.co.uk' ([Errno 11001] getaddrinfo failed)""))"
https://www.bbc.co.uk/news/topics/cp29j5lzzd7t,BBC,,,,,,,0.454,2026-08-20T13:40:09.236479,failed,"HTTPSConnectionPool(host='www.bbc.co.uk', port=443): Max retries exceeded with url: /news/topics/cp29j5lzzd7t (Caused by NameResolutionError(""HTTPSConnection(host='www.bbc.co.uk', port=443): Failed to resolve 'www.bbc.co.uk' ([Errno 11001] getaddrinfo failed)""))"
https://www.bbc.co.uk/news/topics/c8zwn5l8899t,BBC,,,,,,,0.46,2026-08-20T13:40:09.236911,failed,"HTTPSConnectionPool(host='www.bbc.co.uk', port=443): Max retries exceeded with url: /news/topics/c8zwn5l8899t (Caused by NameResolutionError(""HTTPSConnection(host='www.bbc.co.uk', port=443): Failed to resolve 'www.bbc.co.uk' ([Errno 11001] getaddrinfo failed)""))"
https://www.dawn.com/news/1990303/lady-reading-hospital-preparing-to-launch-robotic-surgeries,Other,,,,,,,12.074,2026-08-20T13:40:20.732582,failed,"HTTPSConnectionPool(host='www.dawn.com', port=443): Max retries exceeded with url: /news/1990303/lady-reading-hospital-preparing-to-launch-robotic-surgeries (Caused by NameResolutionError(""HTTPSConnection(host='www.dawn.com', port=443): Failed to resolve 'www.dawn.com' ([Errno 11001] getaddrinfo failed)""))"
https://www.dawn.com/news/1990315/peshawar-high-court-summons-investigation-officers-in-cases-against-pti-lawmaker,Other,,,,,,,12.071,2026-08-20T13:40:20.733092,failed,"HTTPSConnectionPool(host='www.dawn.com', port=443): Max retries exceeded with url: /news/1990315/peshawar-high-court-summons-investigation-officers-in-cases-against-pti-lawmaker (Caused by NameResolutionError(""HTTPSConnection(host='www.dawn.com', port=443): Failed to resolve 'www.dawn.com' ([Errno 11001] getaddrinfo failed)""))"
https://www.dawn.com/news/1990319/imran-has-ordered-power-show-in-kp-in-10-days-afridi,Other,,,,,,,12.069,2026-08-20T13:40:20.733462,failed,"HTTPSConnectionPool(host='www.dawn.com', port=443): Max retries exceeded with url: /news/1990319/imran-has-ordered-power-show-in-kp-in-10-days-afridi (Caused by NameResolutionError(""HTTPSConnection(host='www.dawn.com', port=443): Failed to resolve 'www.dawn.com' ([Errno 11001] getaddrinfo failed)""))"
https://www.dawn.com/news/1990309/bajaur-students-block-road-over-shifting-of-exam-centre,Other,,,,,,,12.073,2026-08-20T13:40:20.733705,failed,"HTTPSConnectionPool(host='www.dawn.com', port=443): Max retries exceeded with url: /news/1990309/bajaur-students-block-road-over-shifting-of-exam-centre (Caused by NameResolutionError(""HTTPSConnection(host='www.dawn.com', port=443): Failed to resolve 'www.dawn.com' ([Errno 11001] getaddrinfo failed)""))"
https://www.dawn.com/news/1990371/hormuz-traffic-plummets-as-iran-asserts-control,Other,,,,,,403,1.45,2026-08-20T13:40:28.934178,failed,HTTP 403
https://www.dawn.com/news/1990308/in-written-message-iran-supreme-leader-says-tehran-does-not-seek-war-but-will-not-renounce-legitimate-rights,Other,,,,,,403,1.732,2026-08-20T13:40:29.832262,failed,HTTP 403
https://www.dawn.com/news/1991404/punjab-assembly-panel-approves-bill-setting-minimum-marriage-age-at-18-for-both-males-and-females,Other,,,,,,403,1.466,2026-08-20T13:40:31.533901,failed,HTTP 403
https://www.dawn.com/news/1991382/why-is-trump-picking-a-fight-with-the-pope,Other,,,,,,429,2.209,2026-08-20T13:40:32.043225,failed,HTTP 429
https://www.dawn.com/news/1991385/pmd-predicts-rainfall-in-upper-parts-of-country-from-april-16-to-19,Other,,,,,,429,1.573,2026-08-20T13:40:32.875020,failed,HTTP 429
https://www.dawn.com/news/1991370/naqvi-vows-to-transform-fia-into-modern-dynamic-institution-by-years-end,Other,,,,,,429,1.942,2026-08-20T13:40:33.379011,failed,HTTP 429
https://www.dawn.com/news/1991346/3-cops-martyred-5-injured-as-assailants-open-fire-on-police-vehicle-in-gbs-diamer,Other,,,,,,429,1.319,2026-08-20T13:40:34.758348,failed,HTTP 429
https://www.dawn.com/news/1991350/liberated-hungarian-youths-celebrate-viktor-orbans-defeat,Other,,,,,,429,1.413,2026-08-20T13:40:34.939071,failed,HTTP 429
https://www.dawn.com/news/1991326/new-yorks-zohran-mamdani-touts-socialist-plans-after-100-days-in-office,Other,,,,,,429,0.959,2026-08-20T13:40:36.344688,failed,HTTP 429
https://www.dawn.com/news/1991344/fitch-affirms-pakistans-credit-rating-at-b,Other,,,,,,429,2.798,2026-08-20T13:40:37.738458,failed,HTTP 429
https://www.dawn.com/news/1991319/australia-appoints-woman-to-lead-its-army-for-the-first-time,Other,,,,,,429,4.161,2026-08-20T13:40:41.784299,failed,HTTP 429
https://www.dawn.com/news/1991351/concerns-abound-regarding-health-of-incarcerated-pti-leader-ejaz-chaudhry,Other,,,,,,,15.372,2026-08-20T13:40:48.752863,failed,"HTTPSConnectionPool(host='www.dawn.com', port=443): Max retries exceeded with url: /news/1991351/concerns-abound-regarding-health-of-incarcerated-pti-leader-ejaz-chaudhry (Caused by SSLError(SSLEOFError(8, '[SSL: UNEXPECTED_EOF_WHILE_READING] EOF occurred in violation of protocol (_ssl.c:1081)')))"
https://www.dawn.com/news/1991353/peace-was-within-reach-then-came-the-missiles-will-it-be-different-this-time,Other,,,,,,,16.678,2026-08-20T13:40:50.055869,failed,Timeout
https://www.dawn.com/news/1991203,Other,,,,,,429,3.283,2026-08-20T13:40:58.927747,failed,HTTP 429
https://www.dawn.com/news/1991206,Other,,,,,,429,1.058,2026-08-20T13:41:00.180477,failed,HTTP 429
https://www.dawn.com/news/1991282/a-steady-erasure-of-dollar-dependence,Other,,,,,,429,1.954,2026-08-20T13:41:00.505500,failed,HTTP 429
https://www.dawn.com/news/1991269/seven-peshawar-jail-prisoners-transferred-to-punjab,Other,,,,,,403,10.271,2026-08-20T13:41:15.676890,failed,HTTP 403
https://www.dawn.com/news/1991207/fury-cruises-to-decision-victory-over-makhmudov,Other,,,,,,429,1.014,2026-08-20T13:41:17.491127,failed,HTTP 429
https://www.dawn.com/news/1991166/pope-sees-moral-obligation-to-protect-lebanese,Other,,,,,,429,1.3,2026-08-20T13:41:18.127322,failed,HTTP 429
https://www.dawn.com/news/1991172/why-restraint-matters-in-managing-public-perceptions,Other,,,,,,429,1.858,2026-08-20T13:41:18.531985,failed,HTTP 429
https://www.dawn.com/news/1991154/drive-against-tax-evaders-in-health-sector-launched-in-balochistan,Other,,,,,,429,0.962,2026-08-20T13:41:19.494935,failed,HTTP 429
https://www.dawn.com/news/1991155/ai-it-education-must-begin-at-primary-level-balochistan-board-of-investment,Other,,,,,,429,1.304,2026-08-20T13:41:19.889824,failed,HTTP 429
https://www.dawn.com/news/1991174/iran-will-not-bow-to-any-threats-ghalibaf-declares,Other,,,,,,429,3.328,2026-08-20T13:41:20.110689,failed,HTTP 429
https://www.dawn.com/news/1991157/situation-in-region-boosts-gwadar-ports-global-value-quetta-chamber-of-commerce-and-industry,Other,,,,,,429,1.341,2026-08-20T13:41:20.271059,failed,HTTP 429
https://www.dawn.com/news/1991169/over-500-held-at-pro-palestinian-rally-in-uk,Other,,,,,,429,2.596,2026-08-20T13:41:20.723784,failed,HTTP 429
https://www.dawn.com/news/1991159/four-officials-hurt-as-afghan-residents-clash-with-police-in-islamabad,Other,,,,,,429,1.134,2026-08-20T13:41:21.859009,failed,HTTP 429
https://www.dawn.com/news/1991162/gas-supply-to-power-sector-may-double-amid-lng-shortfall,Other,,,,,,429,0.967,2026-08-20T13:41:22.328255,failed,HTTP 429
https://www.dawn.com/news/1991145/nigeria-air-strikes-leave-scores-of-fighters-dead,Other,,,,,,429,1.075,2026-08-20T13:41:23.992581,failed,HTTP 429
https://www.dawn.com/news/1991153/balochistan-govt-okays-rakhni-bazaar-upgrade,Other,,,,,,429,5.818,2026-08-20T13:41:24.347881,failed,HTTP 429
https://www.dawn.com/news/1990942/the-reko-diq-saga-continues,Other,,,,,,429,2.129,2026-08-20T13:41:24.455795,failed,HTTP 429
https://www.dawn.com/news/1991146/saudi-arabia-executes-seven-people-in-a-day,Other,,,,,,429,2.198,2026-08-20T13:41:25.422807,failed,HTTP 429
https://www.dawn.com/news/1991151/japan-to-begin-test-flights-of-electric-aircraft,Other,,,,,,429,2.259,2026-08-20T13:41:25.773329,failed,HTTP 429
https://www.dawn.com/news/1991190/body-formed-to-investigate-change-of-exam-centres-by-board-of-secondary-education-karachi,Other,,,,,,429,2.074,2026-08-20T13:41:27.689432,failed,HTTP 429
https://www.dawn.com/news/1992380/8-killed-11-injured-as-gas-supply-line-catches-fire-in-kps-haripur,Other,,,,,,429,0.843,2026-08-20T13:41:28.526374,failed,HTTP 429
https://www.dawn.com/news/1991189/meat-prices-go-up-despite-looming-export-cuts-due-to-crisis-in-middle-east-in-karachi,Other,,,,,,429,3.02,2026-08-20T13:41:28.574574,failed,HTTP 429
https://www.dawn.com/news/1991141/israeli-minister-storms-al-aqsa-mosque-again-amid-restrictions-on-worshippers,Other,,,,,,429,2.399,2026-08-20T13:41:29.713054,failed,HTTP 429
https://www.dawn.com/news/1992366/cuba-ready-for-possible-us-attack-president,Other,,,,,,429,2.578,2026-08-20T13:41:30.268700,failed,HTTP 429
https://www.dawn.com/news/1992348/messi-new-owner-of-spanish-fifth-tier-club-cornella,Other,,,,,,429,1.012,2026-08-20T13:41:30.726182,failed,HTTP 429
https://www.dawn.com/news/1992354/10-day-ceasefire-between-israel-lebanon-takes-effect,Other,,,,,,429,2.042,2026-08-20T13:41:30.820990,failed,HTTP 429
https://www.dawn.com/news/1992138/in-unsafe-hands,Other,,,,,,429,0.963,2026-08-20T13:41:30.964160,failed,HTTP 429
https://www.dawn.com/news/1992334/nishat-group-celebrates-5000-units-milestone-for-omoda-amp-jaecoo-in-pakistan,Other,,,,,,429,2.756,2026-08-20T13:41:31.025001,failed,HTTP 429
https://www.dawn.com/news/1992324/outpouring-of-emotion-as-turkiye-buries-school-shooting-victims,Other,,,,,,403,1.842,2026-08-20T13:41:32.112656,failed,HTTP 403
https://images.dawn.com/news/1195167/spotify-pakistan-just-dropped-its-top-pakistani-artists-in-the-last-5-years-and-naturally-talha-anjum-is-number-1,Other,,,,,,429,1.236,2026-08-20T13:41:32.262440,failed,HTTP 429
https://www.dawn.com/news/1992304/man-buried-under-rubble-rescued-alive-16-days-after-mine-collapse-in-kps-mardan,Other,,,,,,429,2.657,2026-08-20T13:41:33.622956,failed,HTTP 429
https://www.dawn.com/news/1992303/punjab-assembly-unanimously-adopts-resolution-recommending-nobel-peace-prize-for-pm-cdf-munir,Other,,,,,,429,4.224,2026-08-20T13:41:36.338517,failed,HTTP 429
https://www.dawn.com/news/1992289/fcc-directs-cda-to-formulate-rules-regularising-islamabads-informal-settlements,Other,,,,,,429,2.598,2026-08-20T13:41:36.718120,failed,HTTP 429
https://www.dawn.com/news/1992293/ihc-expresses-displeasure-over-cutting-of-trees-in-islamabad-in-violation-of-previous-orders,Other,,,,,,429,1.456,2026-08-20T13:41:37.543108,failed,HTTP 429
https://www.dawn.com/news/1992280/turkiye-launches-internet-crackdown-ahead-of-funerals-for-shooting-victims,Other,,,,,,403,2.317,2026-08-20T13:41:40.637735,failed,HTTP 403
https://images.dawn.com/news/1195163/netizens-horrified-after-report-claims-kids-hiv-outbreak-in-punjabs-taunsa-caused-by-reusing-syringes,Other,,,,,,403,3.569,2026-08-20T13:41:41.553356,failed,HTTP 403
https://www.dawn.com/news/1992248/can-iran-legally-impose-tolls-on-the-strait-of-hormuz,Other,,,,,,403,2.833,2026-08-20T13:41:48.561511,failed,HTTP 403
https://www.dawn.com/news/1992240/pm-shehbaz-arrives-in-turkiye-on-third-leg-of-tri-nation-tour-holds-meeting-with-fm-fidan,Other,,,,,,403,2.927,2026-08-20T13:41:49.413873,failed,HTTP 403
https://images.dawn.com/news/1195168/animators-decry-leak-of-upcoming-film-the-legend-of-aang-the-last-airbender-as-fans-rejoice,Other,,,,,,403,18.151,2026-08-20T13:41:50.027689,failed,HTTP 403
https://www.dawn.com/news/1992195/amendments-to-public-financial-management-law-stir-controversy-in-kp,Other,,,,,,403,2.179,2026-08-20T13:41:53.809409,failed,HTTP 403
https://www.dawn.com/news/1992188/police-ngo-join-hands-to-help-ex-prisoners-rebuild-lives-in-kp,Other,,,,,,403,1.975,2026-08-20T13:41:55.027080,failed,HTTP 403
https://www.dawn.com/news/1992190/kp-govt-taking-steps-for-affordable-secure-housing-facilities-cm-aide,Other,,,,,,403,2.321,2026-08-20T13:41:55.176793,failed,HTTP 403
https://www.dawn.com/news/1992177/austerity-drive-fails-to-turn-mps-punctual-in-punjab,Other,,,,,,403,2.311,2026-08-20T13:41:57.793272,failed,HTTP 403
https://www.dawn.com/news/1992181/election-commission-of-pakistan-told-to-come-up-with-clear-stance-on-party-based-lg-poll,Other,,,,,,403,2.789,2026-08-20T13:41:57.818440,failed,HTTP 403
https://www.dawn.com/news/1992179/sugar-mills-allowed-to-challenge-ban-on-tall-crops-in-two-districts-of-punjab,Other,,,,,,403,2.76,2026-08-20T13:41:58.091892,failed,HTTP 403
https://www.dawn.com/news/1992176/three-suspects-arrested-for-visa-fraud-in-punjab,Other,,,,,,403,2.591,2026-08-20T13:41:58.802342,failed,HTTP 403
https://www.dawn.com/news/1992097/capital-development-authority-razes-nearly-200-noorpur-shahan-houses-during-massive-operation-in-islamabad,Other,,,,,,403,2.385,2026-08-20T13:42:01.540298,failed,HTTP 403
https://www.dawn.com/news/1992065/licensing-exam-made-mandatory-for-teachers-recruitment-in-sindh,Other,,,,,,403,2.631,2026-08-20T13:42:04.181037,failed,HTTP 403
https://www.dawn.com/news/1992067/irked-by-ji-banners-on-civic-woes-karachi-mayor-warns-printing-presses-of-shutdown,Other,,,,,,403,2.33,2026-08-20T13:42:04.301024,failed,HTTP 403
https://www.dawn.com/news/1992066/man-bitten-by-his-own-dog-month-ago-dies-from-rabies-in-karachi,Other,,,,,,403,2.814,2026-08-20T13:42:04.368690,failed,HTTP 403
https://www.dawn.com/news/1992106/nato-chief-kyiv-allies-vow-not-to-lose-sight-of-ukraine,Other,,,,,,403,2.531,2026-08-20T13:42:06.906529,failed,HTTP 403
https://www.dawn.com/news/1992115/ajk-high-court-rejects-construction-firms-plea,Other,,,,,,403,2.682,2026-08-20T13:42:11.197264,failed,HTTP 403
https://www.dawn.com/news/1992120/pti-secretary-general-offers-his-resignation-again,Other,,,,,,429,2.396,2026-08-20T13:42:13.598356,failed,HTTP 429
https://www.dawn.com/news/1992125/prolonged-iran-war-to-have-serious-consequences-warns-aurangzeb,Other,,,,,,429,2.252,2026-08-20T13:42:13.986682,failed,HTTP 429
https://www.dawn.com/news/1992122/iranian-envoy-discusses-middle-east-situation-with-fazl,Other,,,,,,429,2.613,2026-08-20T13:42:14.010782,failed,HTTP 429
https://www.dawn.com/news/1992129/amid-lebanon-truce-talks-israel-kills-3-paramedics,Other,,,,,,429,2.408,2026-08-20T13:42:16.425799,failed,HTTP 429
https://www.dawn.com/news/1992147/eu-links-gsp-to-rights-progress,Other,,,,,,403,2.747,2026-08-20T13:42:18.447889,failed,HTTP 403
https://www.dawn.com/news/1992146/t-bill-yields-cut-for-short-tenors,Other,,,,,,429,2.414,2026-08-20T13:42:20.023672,failed,HTTP 429
https://www.dawn.com/news/1992145/biggest-well-begins-oil-gas-production,Other,,,,,,429,2.353,2026-08-20T13:42:20.126579,failed,HTTP 429
https://www.dawn.com/news/1993252/islamabad-dc-dismisses-notification-falsely-announcing-closure-of-all-offices-in-twin-cities-from-april-20,Other,,,,,,429,2.365,2026-08-20T13:42:20.773715,failed,HTTP 429
https://www.dawn.com/news/1993250/in-45-minute-phone-call-with-pezeshkian-pm-shehbaz-reaffirms-pakistans-commitment-to-advancing-regional-peace,Other,,,,,,429,2.644,2026-08-20T13:42:21.334491,failed,HTTP 429
https://www.dawn.com/news/1993238/kp-cm-afridi-says-conveyed-to-imran-that-if-he-gives-go-ahead-we-will-be-in-islamabad-the-next-day,Other,,,,,,429,2.568,2026-08-20T13:42:22.702866,failed,HTTP 429
https://www.dawn.com/news/1993242/uk-police-arrest-seven-over-nationwide-plan-to-shoplift-from-high-end-stores,Other,,,,,,403,3.263,2026-08-20T13:42:23.289286,failed,HTTP 403
https://www.dawn.com/news/1993233/pakistan-in-discussion-with-qatar-for-supply-of-lng-cargoes-amid-electricity-shortfall,Other,,,,,,429,2.102,2026-08-20T13:42:23.439401,failed,HTTP 429
https://www.dawn.com/news/1993241/indian-officials-push-for-regional-energy-hub-in-sri-lanka,Other,,,,,,429,2.699,2026-08-20T13:42:23.476747,failed,HTTP 429
https://www.dawn.com/news/1993221/humanoid-robots-race-past-humans-in-beijing-half-marathon-showing-rapid-advances,Other,,,,,,429,2.178,2026-08-20T13:42:24.326299,failed,HTTP 429
https://www.dawn.com/news/1993208/traffic-restored-on-karakoram-highway-following-landslide-as-heavy-rainfall-lashes-gb,Other,,,,,,429,2.605,2026-08-20T13:42:26.077665,failed,HTTP 429
https://www.dawn.com/news/1993212/security-beefed-up-as-islamabad-prepares-for-foreign-delegations-arrival-amid-anticipation-of-us-iran-talks,Other,,,,,,429,2.657,2026-08-20T13:42:26.419270,failed,HTTP 429
https://www.dawn.com/news/1993195/as-iran-war-strains-ties-with-trumps-us-uk-looks-to-europe,Other,,,,,,429,2.295,2026-08-20T13:42:26.623617,failed,HTTP 429
https://www.dawn.com/news/1993180/north-korea-fires-ballistic-missiles-again-flexing-muscle-amid-iran-war,Other,,,,,,403,2.815,2026-08-20T13:42:30.431508,failed,HTTP 403
https://www.dawn.com/news/1993039,Other,,,,,,429,2.475,2026-08-20T13:42:30.826609,failed,HTTP 429
https://www.dawn.com/news/1993112,Other,,,,,,429,3.057,2026-08-20T13:42:33.496590,failed,HTTP 429
https://www.dawn.com/news/1993150/pindi-board-sets-new-dates-for-postponed-papers,Other,,,,,,429,3.125,2026-08-20T13:42:33.966732,failed,HTTP 429
https://www.dawn.com/news/1993148/rawalpindis-ring-road-to-open-without-thalian-interchange,Other,,,,,,429,2.254,2026-08-20T13:42:36.007653,failed,HTTP 429
https://www.dawn.com/news/1993138/steps-for-revival-of-islamabads-greenery-demanded,Other,,,,,,429,2.222,2026-08-20T13:42:36.187523,failed,HTTP 429
https://www.dawn.com/news/1993131/fair-probe-demanded-into-mirpurkhas-medical-students-suicide,Other,,,,,,403,3.017,2026-08-20T13:42:36.986902,failed,HTTP 403
https://www.dawn.com/news/1993130/call-for-enforcing-infection-control-protocols-amid-hiv-mpox-surge,Other,,,,,,403,2.913,2026-08-20T13:42:37.076134,failed,HTTP 403
https://www.dawn.com/news/1993115/sindh-govt-lashes-out-at-opposition-for-targeting-ppp,Other,,,,,,429,1.969,2026-08-20T13:42:38.684251,failed,HTTP 429
https://www.dawn.com/news/1993126/muttahida-to-contest-gilgit-baltistan-elections-on-all-24-legislative-assembly-seats,Other,,,,,,429,2.586,2026-08-20T13:42:39.029351,failed,HTTP 429
https://www.dawn.com/news/1993099/food-import-bill-jumps-to-709bn,Other,,,,,,429,2.132,2026-08-20T13:42:39.212350,failed,HTTP 429
https://www.dawn.com/news/1993098/psx-extends-weekly-gains-on-easing-geopolitical-tensions,Other,,,,,,429,2.457,2026-08-20T13:42:39.531872,failed,HTTP 429
https://www.dawn.com/news/1993113/sindh-high-court-sees-no-clause-in-sindh-laws-for-blocking-cnic-in-civil-cases,Other,,,,,,429,2.589,2026-08-20T13:42:39.594926,failed,HTTP 429
https://www.dawn.com/news/1993101/korangi-harbour-gets-rs120m-floating-jetty,Other,,,,,,429,2.145,2026-08-20T13:42:41.359272,failed,HTTP 429
https://www.dawn.com/news/1993100/govt-vows-growth-focused-budget-consultation,Other,,,,,,429,2.555,2026-08-20T13:42:41.588005,failed,HTTP 429
https://www.dawn.com/news/1993102/economy-can-weather-iran-war-risks-sbp-chief,Other,,,,,,429,2.227,2026-08-20T13:42:41.762830,failed,HTTP 429
https://www.dawn.com/news/1993103/pakistan-eyes-12bn-inflow-next-month,Other,,,,,,429,2.277,2026-08-20T13:42:41.876142,failed,HTTP 429
https://www.dawn.com/news/1993088/17-immigrants-have-died-in-us-custody-this-year-ice,Other,,,,,,429,2.375,2026-08-20T13:42:42.218510,failed,HTTP 429
https://www.dawn.com/news/1993095/irish-crime-gang-boss-arrested-in-dubai,Other,,,,,,403,2.413,2026-08-20T13:42:44.634418,failed,HTTP 403
https://www.dawn.com/news/1993077/wife-of-facilitator-held-in-nokundi-fc-headquarters-suicide-blast-case,Other,,,,,,429,1.598,2026-08-20T13:42:44.786605,failed,HTTP 429
https://www.dawn.com/news/1993079/earthquake-of-45-magnitude-jolts-pasni,Other,,,,,,429,1.94,2026-08-20T13:42:47.701482,failed,HTTP 429
https://www.dawn.com/news/1993080/nha-seeks-business-support-to-boost-highway-revenue-in-balochistan,Other,,,,,,429,1.928,2026-08-20T13:42:47.895527,failed,HTTP 429
https://www.dawn.com/news/1993081/president-pm-call-for-joint-efforts-to-protect-priceless-cultural-heritage,Other,,,,,,429,1.886,2026-08-20T13:42:48.313706,failed,HTTP 429
https://www.dawn.com/news/1993036/illegal-private-hospital-in-sialkot-sealed-by-pera-force,Other,,,,,,429,2.539,2026-08-20T13:42:52.532074,failed,HTTP 429
https://www.dawn.com/news/1993037/kidnap-bid-foiled-on-m-3-motorway-in-punjab,Other,,,,,,429,2.351,2026-08-20T13:42:52.732001,failed,HTTP 429
https://www.dawn.com/news/1993055/mining-company-moves-peshawar-high-court-against-delay-in-inquiry-into-its-issues-with-govt,Other,,,,,,429,2.399,2026-08-20T13:42:54.756095,failed,HTTP 429
https://www.dawn.com/news/1993019/inter-edge-closer-to-title-with-win-over-cagliari,Other,,,,,,429,2.179,2026-08-20T13:42:57.125937,failed,HTTP 429
https://www.dawn.com/news/1993064/teachers-held-for-solving-paper-at-dir-exam-centre,Other,,,,,,429,2.873,2026-08-20T13:42:57.635571,failed,HTTP 429
https://www.dawn.com/news/1993030/lahore-qalandars-bounce-back-to-quash-rawalpindiz-playoff-hopes,Other,,,,,,429,2.099,2026-08-20T13:42:57.986828,failed,HTTP 429
https://www.dawn.com/news/1993028/pakistans-nadia-aqsa-reflect-on-fifa-series-highs-heartbreak-and-the-road-ahead,Other,,,,,,429,2.5,2026-08-20T13:42:58.035576,failed,HTTP 429
https://www.dawn.com/news/1993029/late-bloomer-salman-mirza-sets-sights-on-2027-world-cup,Other,,,,,,429,2.477,2026-08-20T13:42:58.181411,failed,HTTP 429
https://www.dawn.com/news/1993066/france-blames-hezbollah-for-soldiers-death-in-lebanon,Other,,,,,,429,2.08,2026-08-20T13:42:59.718773,failed,HTTP 429
https://www.dawn.com/news/1993067/mass-rallies-in-germany-demand-faster-shift-to-renewable-energy,Other,,,,,,429,1.895,2026-08-20T13:42:59.884078,failed,HTTP 429
https://www.dawn.com/news/1993018/rawalpindi-police-deny-reports-of-markets-being-closed-indefinitely,Other,,,,,,429,2.031,2026-08-20T13:43:00.215445,failed,HTTP 429
https://www.dawn.com/news/1994137/interpol-issues-red-notice-for-lyari-gangster-wasiullah-lakho,Other,,,,,,403,2.455,2026-08-20T13:43:01.322984,failed,HTTP 403
https://www.dawn.com/news/1994127/iran-appreciates-pakistans-efforts-to-mediate-between-tehran-and-washington,Other,,,,,,429,2.018,2026-08-20T13:43:02.284468,failed,HTTP 429
https://www.dawn.com/news/1994109/discos-found-purchasing-power-outside-national-grid-at-exorbitant-rates,Other,,,,,,429,2.436,2026-08-20T13:43:02.703398,failed,HTTP 429
https://www.dawn.com/news/1994099/nha-adb-sign-agreement-to-develop-2-sections-of-m6-motorway,Other,,,,,,429,2.172,2026-08-20T13:43:03.578281,failed,HTTP 429
https://www.dawn.com/news/1994106/pakistan-moves-towards-one-window-airport-clearance-with-e-gates-smart-scanners,Other,,,,,,429,2.435,2026-08-20T13:43:03.650470,failed,HTTP 429
https://www.dawn.com/news/1994104/schools-in-indias-capital-told-to-ring-regular-bells-to-remind-children-to-drink-water,Other,,,,,,429,2.372,2026-08-20T13:43:03.713454,failed,HTTP 429
https://images.dawn.com/news/1195193/islamabadis-arent-on-board-with-mohsin-naqvis-plan-to-build-a-park-in-the-margalla-hills,Other,,,,,,403,3.044,2026-08-20T13:43:09.735876,failed,HTTP 403
https://www.dawn.com/news/1994083/pm-shehbaz-directs-to-accelerate-efforts-for-promoting-electric-vehicles-in-pakistan,Other,,,,,,403,2.531,2026-08-20T13:43:09.804964,failed,HTTP 403
https://www.dawn.com/news/1994082/new-zealand-minister-slammed-for-butter-chicken-tsunami-comments-about-planned-fta-with-india,Other,,,,,,429,2.167,2026-08-20T13:43:09.817876,failed,HTTP 429
https://www.dawn.com/news/1994067/nasa-unveils-new-space-telescope-to-give-atlas-of-the-universe,Other,,,,,,403,2.297,2026-08-20T13:43:12.106315,failed,HTTP 403
https://www.dawn.com/news/1991930/ink-and-rubble-the-systematic-assault-on-irans-intellectual-soul,Other,,,,,,429,2.428,2026-08-20T13:43:12.168192,failed,HTTP 429
https://www.dawn.com/news/1994060/supreme-court-adopts-digital-hearings-across-multiple-cities,Other,,,,,,429,2.521,2026-08-20T13:43:12.341092,failed,HTTP 429
https://www.dawn.com/news/1994058/attock-refinery-announces-closure-of-main-crude-plant-amid-road-closures,Other,,,,,,429,2.429,2026-08-20T13:43:12.535844,failed,HTTP 429
https://www.dawn.com/news/1994042/sindh-govt-cancels-brt-red-line-construction-contract-to-re-award-it-on-emergency-basis-sharjeel-memon,Other,,,,,,403,2.986,2026-08-20T13:43:15.520624,failed,HTTP 403
https://www.dawn.com/news/1994044/a-year-on-india-has-failed-to-substantiate-allegations-against-pakistan-over-pahalgam-attack-info-minister,Other,,,,,,429,2.654,2026-08-20T13:43:15.563514,failed,HTTP 429
https://www.dawn.com/news/1994011,Other,,,,,,403,2.695,2026-08-20T13:43:19.711871,failed,HTTP 403
https://images.dawn.com/news/1195191/on-set-and-behind-the-scenes-with-the-cast-and-crew-of-mirza-ki-heer,Other,,,,,,403,3.583,2026-08-20T13:43:19.965613,failed,HTTP 403
https://images.dawn.com/news/1195190/retrial-hears-disgraced-producer-harvey-weinstein-preyed-on-actor-jessica-mann,Other,,,,,,403,6.664,2026-08-20T13:43:23.129271,failed,HTTP 403
https://www.dawn.com/news/1993994/aleema-khan-looks-to-mend-fences-denies-seeking-party-position,Other,,,,,,429,2.098,2026-08-20T13:43:24.357894,failed,HTTP 429
https://www.dawn.com/news/1993951/peshawar-high-court-seeks-cppas-response-to-plea-for-forensic-audit-of-ipp-agreements,Other,,,,,,429,2.803,2026-08-20T13:43:25.630148,failed,HTTP 429
https://www.dawn.com/news/1993943/ji-chief-announces-nizam-badlo-protest-movement-after-eidul-azha,Other,,,,,,403,3.616,2026-08-20T13:43:26.220997,failed,HTTP 403
https://www.dawn.com/news/1993913/farmers-urged-to-repay-kisan-card-loans-on-time-in-rawalpindi,Other,,,,,,429,2.572,2026-08-20T13:43:26.932245,failed,HTTP 429
https://www.dawn.com/news/1993918/15-illegal-afghans-detained-in-rawalpindi,Other,,,,,,429,2.119,2026-08-20T13:43:27.705847,failed,HTTP 429
https://www.dawn.com/news/1993919/rawalpindi-candidates-forced-to-travel-to-lahore-for-ppsc-papers,Other,,,,,,429,2.12,2026-08-20T13:43:27.754149,failed,HTTP 429
https://www.dawn.com/news/1993931/two-more-cases-registered-in-italian-boat-capsize-incident,Other,,,,,,429,2.656,2026-08-20T13:43:28.538952,failed,HTTP 429
https://www.dawn.com/news/1993936/punjab-assembly-speaker-eats-his-words-on-agricultural-income-tax-within-24-hours,Other,,,,,,429,2.656,2026-08-20T13:43:28.879614,failed,HTTP 429
https://www.dawn.com/news/1993940/funds-staff-shortage-make-it-hard-for-pakistan-railways-to-achieve-targets,Other,,,,,,403,2.457,2026-08-20T13:43:30.216870,failed,HTTP 403
https://www.dawn.com/news/1993889/sindh-cm-orders-fast-relocation-of-utility-lines-to-save-road-infrastructure,Other,,,,,,429,1.957,2026-08-20T13:43:30.495019,failed,HTTP 429
https://www.dawn.com/news/1993895/risks-to-coastal-ecosystems-highlighted-amid-urban-expansion,Other,,,,,,429,2.448,2026-08-20T13:43:30.989450,failed,HTTP 429
https://www.dawn.com/news/1993896/zardari-stresses-need-for-effective-governance-in-sindh,Other,,,,,,429,2.306,2026-08-20T13:43:32.164425,failed,HTTP 429
https://www.dawn.com/news/1993970/four-contenders-to-head-crisis-hit-united-nations-face-live-grillings,Other,,,,,,429,2.07,2026-08-20T13:43:32.838980,failed,HTTP 429
https://www.dawn.com/news/1993973/eu-divided-on-suspension-of-israel-pact-as-spain-pushes-for-action,Other,,,,,,429,2.274,2026-08-20T13:43:34.442555,failed,HTTP 429
https://www.dawn.com/news/1993872/gladiators-seeking-the-right-team-combination-saud-shakeel,Other,,,,,,429,2.279,2026-08-20T13:43:34.984771,failed,HTTP 429
https://www.dawn.com/news/1993875/pakistan-coach-adeel-calls-for-more-international-matches-after-fifa-series,Other,,,,,,429,2.303,2026-08-20T13:43:35.147541,failed,HTTP 429
https://www.dawn.com/news/1993876/fakhars-cracking-ton-keeps-qalandars-in-the-hunt,Other,,,,,,429,2.798,2026-08-20T13:43:36.083484,failed,HTTP 429
https://www.dawn.com/news/1993956/oil-prices-climb-3pc-amid-standoff,Other,,,,,,429,2.644,2026-08-20T13:43:37.090910,failed,HTTP 429
https://www.dawn.com/news/1993958/pm-wants-projects-accelerated-through-public-private-partnership-authority,Other,,,,,,429,2.468,2026-08-20T13:43:37.457675,failed,HTTP 429
https://www.dawn.com/news/1993961/trade-with-middle-east-hit-by-tensions,Other,,,,,,403,2.845,2026-08-20T13:43:38.761144,failed,HTTP 403
https://www.dawn.com/news/1993982/supreme-court-sets-aside-dismissal-of-ministry-official,Other,,,,,,429,2.409,2026-08-20T13:43:39.507890,failed,HTTP 429
https://www.dawn.com/news/1993983/two-cargo-ships-anchor-at-gwadar-port,Other,,,,,,429,2.295,2026-08-20T13:43:39.756510,failed,HTTP 429
https://www.dawn.com/news/1993984/balochistan-govt-believes-in-freedom-of-press-mandokhail,Other,,,,,,429,2.087,2026-08-20T13:43:40.018490,failed,HTTP 429
https://www.dawn.com/news/1993963/at-least-19-women-in-the-run-as-over-650-file-papers-for-gb-polls,Other,,,,,,429,2.588,2026-08-20T13:43:42.348602,failed,HTTP 429
https://www.dawn.com/news/1993859/israeli-army-jails-soldiers-for-vandalising-jesus-statue-in-lebanon,Other,,,,,,429,2.542,2026-08-20T13:43:42.565233,failed,HTTP 429
https://www.dawn.com/news/1995037/islamabad-administration-allows-public-goods-transport-revises-business-timings,Other,,,,,,429,2.7,2026-08-20T13:43:44.532922,failed,HTTP 429
https://www.dawn.com/news/1995012/india-to-bid-for-2038-asian-games-in-ahmedabad,Other,,,,,,429,1.834,2026-08-20T13:43:46.060459,failed,HTTP 429
https://www.dawn.com/news/1995015/journalist-fakharur-rehman-sent-to-jail-on-judicial-remand-following-arrest-in-peca-case,Other,,,,,,429,2.275,2026-08-20T13:43:46.313905,failed,HTTP 429
https://www.dawn.com/news/1995003/telecos-to-begin-5g-trials-in-gilgit-baltistan-soon,Other,,,,,,429,2.428,2026-08-20T13:43:48.490211,failed,HTTP 429
https://www.dawn.com/news/1994995/four-family-members-gunned-down-in-islamabad-suburbs-police-say,Other,,,,,,429,2.469,2026-08-20T13:43:48.771464,failed,HTTP 429
https://images.dawn.com/news/1195209/with-fuel-prices-through-the-roof-here-are-team-images-ideas-on-how-to-get-around,Other,,,,,,403,2.899,2026-08-20T13:43:49.031003,failed,HTTP 403
https://www.dawn.com/news/1994993/billionaire-elon-musk-enters-courtroom-showdown-with-openai,Other,,,,,,403,2.986,2026-08-20T13:43:49.302890,failed,HTTP 403
https://www.dawn.com/news/1973699/is-karachi-disposable-by-design,Other,,,,,,429,1.633,2026-08-20T13:43:50.169980,failed,HTTP 429
https://www.dawn.com/news/1994972/strait-of-hormuz-closure-pushes-pakistan-into-expensive-184-per-mmbtu-lng-deal,Other,,,,,,429,1.639,2026-08-20T13:43:50.674490,failed,HTTP 429
https://images.dawn.com/news/1195205/venice-biennale-excludes-israeli-russian-artists-from-awards-in-defence-of-human-rights,Other,,,,,,403,2.351,2026-08-20T13:43:55.872609,failed,HTTP 403
https://www.dawn.com/news/1994951/president-zardari-arrives-in-china-for-visit-focused-on-economic-cooperation-cpec,Other,,,,,,403,3.37,2026-08-20T13:43:56.712407,failed,HTTP 403
https://www.dawn.com/news/1994946/us-democrats-look-to-rein-in-trumps-war-powers-this-time-on-cuba,Other,,,,,,403,3.421,2026-08-20T13:43:57.309232,failed,HTTP 403
https://www.dawn.com/news/1994948/pm-shehbaz-graciously-approves-spectators-for-psl-11-final-on-franchise-owners-request-naqvi,Other,,,,,,403,4.326,2026-08-20T13:43:58.004757,failed,HTTP 403
https://www.dawn.com/news/1994880,Other,,,,,,403,3.561,2026-08-20T13:44:01.584073,failed,HTTP 403
https://www.dawn.com/news/1994869,Other,,,,,,403,6.703,2026-08-20T13:44:03.419289,failed,HTTP 403
https://www.dawn.com/news/1994920/pentagon-claims-full-hormuz-blockade-as-world-feels-fuel-crunch,Other,,,,,,403,2.894,2026-08-20T13:44:04.490255,failed,HTTP 403
https://www.dawn.com/news/1994921,Other,,,,,,403,4.028,2026-08-20T13:44:04.927902,failed,HTTP 403
https://www.dawn.com/news/1994919/surprise-fuel-hike-adds-to-burden-on-consumers,Other,,,,,,403,3.75,2026-08-20T13:44:05.331504,failed,HTTP 403
https://www.dawn.com/news/1994916/pakistan-among-top-10-countries-facing-acute-food-crisis,Other,,,,,,403,4.207,2026-08-20T13:44:05.428513,failed,HTTP 403
https://www.dawn.com/news/1994909/suspected-human-trafficker-arrested-in-balochistan,Other,,,,,,403,2.49,2026-08-20T13:44:06.982939,failed,HTTP 403
https://www.dawn.com/news/1994911/pakistan-gains-from-global-big-catch-up-vaccination-drive,Other,,,,,,403,6.15,2026-08-20T13:44:11.405996,failed,HTTP 403
https://www.dawn.com/news/1994896/trump-seeks-to-bring-back-firing-squads-for-executions,Other,,,,,,403,3.506,2026-08-20T13:44:11.661525,failed,HTTP 403
https://www.dawn.com/news/1994891/macron-leaves-future-open-as-political-curtain-nears,Other,,,,,,403,4.176,2026-08-20T13:44:11.977984,failed,HTTP 403
https://www.dawn.com/news/1994897/youtube-offers-deepfake-detection-to-hollywood,Other,,,,,,403,4.541,2026-08-20T13:44:15.982022,failed,HTTP 403
https://www.dawn.com/news/1994831/parents-urged-to-vaccinate-children-against-diseases-in-islamabad,Other,,,,,,403,2.884,2026-08-20T13:44:17.020753,failed,HTTP 403
https://www.dawn.com/news/1994834/lhc-reshuffle-raises-concerns-among-rawalpindi-lawyers,Other,,,,,,403,2.718,2026-08-20T13:44:17.514846,failed,HTTP 403
https://www.dawn.com/news/1994839/social-media-post-lands-citizen-in-jail-amid-security-alert-in-islamabad,Other,,,,,,403,2.494,2026-08-20T13:44:17.524285,failed,HTTP 403
https://www.dawn.com/news/1994808/protest-postponed-not-cancelled-fazlur-rahman,Other,,,,,,403,3.057,2026-08-20T13:44:19.040559,failed,HTTP 403
https://www.dawn.com/news/1994824/father-son-drown-in-ravi-during-fishing,Other,,,,,,403,2.78,2026-08-20T13:44:20.307198,failed,HTTP 403
https://www.dawn.com/news/1994820/farmers-threaten-protest-over-wheat-prices-in-punjab,Other,,,,,,403,2.828,2026-08-20T13:44:20.346882,failed,HTTP 403
https://www.dawn.com/news/1994784/court-cancels-bail-of-youtuber-rajab-butt-over-his-absence,Other,,,,,,403,2.789,2026-08-20T13:44:23.897584,failed,HTTP 403
https://www.dawn.com/news/1994844/sinner-overcomes-bonzi-in-record-hunt-at-madrid-open,Other,,,,,,403,5.806,2026-08-20T13:44:27.769434,failed,HTTP 403
https://www.dawn.com/news/1994849/kingsmen-come-crashing-down-as-bowlers-seal-playoff-spot-for-united,Other,,,,,,429,4.05,2026-08-20T13:44:28.448616,failed,HTTP 429
https://www.bbc.co.uk/news/topics/ck7rdz4np24t,BBC,,,,,,,15.017,2026-08-20T13:44:28.715265,failed,Timeout
https://www.dawn.com/news/1994884/stranded-seafarers-face-peril-in-hormuz,Other,,,,,,429,3.793,2026-08-20T13:44:29.691540,failed,HTTP 429
https://www.dawn.com/news/1995816/84000-registered-hiv-cases-in-pakistan-none-reported-from-taunsa-this-year-health-minister,Other,,,,,,429,2.619,2026-08-20T13:44:30.973419,failed,HTTP 429
https://www.dawn.com/news/1995814/fo-says-cambodia-has-agreed-on-early-repatriation-of-54-pakistanis-arrested-following-scam-centre-raid,Other,,,,,,429,2.597,2026-08-20T13:44:31.040579,failed,HTTP 429
https://www.dawn.com/news/1995799/how-london-police-are-battling-rampant-phone-theft,Other,,,,,,429,2.485,2026-08-20T13:44:31.200224,failed,HTTP 429
https://www.dawn.com/news/1995812/nepra-abolishes-licence-requirement-fee-for-small-solar-users,Other,,,,,,429,2.97,2026-08-20T13:44:31.421815,failed,HTTP 429
https://www.dawn.com/news/1994890/hezbollah-says-ceasefire-meaningless-as-fighting-continues,Other,,,,,,429,5.709,2026-08-20T13:44:31.791767,failed,HTTP 429
https://www.dawn.com/news/1995787/lhc-dismisses-pti-leaders-pleas-seeking-suspension-of-sentences-in-may-9-cases,Other,,,,,,429,2.852,2026-08-20T13:44:34.054983,failed,HTTP 429
https://www.dawn.com/news/1995788/judicial-commission-of-pakistan-approves-transfer-of-3-ihc-judges,Other,,,,,,429,3.087,2026-08-20T13:44:34.703591,failed,HTTP 429
https://images.dawn.com/news/1195216/one-directions-harry-styles-and-actor-zoe-kravitz-are-reportedly-engaged,Other,,,,,,429,3.284,2026-08-20T13:44:34.709079,failed,HTTP 429
https://www.dawn.com/news/1995786/uae-leaves-opec-in-huge-blow-to-global-oil-producers-group,Other,,,,,,429,3.166,2026-08-20T13:44:34.953011,failed,HTTP 429
https://www.dawn.com/news/1995796/irsa-asks-provinces-to-ensure-untreated-wastewater-does-not-make-its-way-to-rivers-and-natural-streams,Other,,,,,,429,7.414,2026-08-20T13:44:36.520803,failed,HTTP 429
https://www.dawn.com/news/1995774/5-sentenced-to-life-in-bahrain-for-plotting-terrorist-acts-with-iran,Other,,,,,,403,2.872,2026-08-20T13:44:37.579099,failed,HTTP 403
https://www.dawn.com/news/1995764/forces-destroy-several-afghan-taliban-posts-in-chaman-sector-security-sources,Other,,,,,,429,2.933,2026-08-20T13:44:40.357186,failed,HTTP 429
https://images.dawn.com/news/1195215/mahira-khan-talha-anjum-and-sabeena-farooq-are-praying-for-the-release-of-kidnapped-pakistani-crew,Other,,,,,,429,3.206,2026-08-20T13:44:40.487235,failed,HTTP 429
https://www.dawn.com/news/1995753/the-hormuz-digital-chokepoint-how-does-the-war-on-iran-threaten-subsea-cables,Other,,,,,,429,6.189,2026-08-20T13:44:40.891635,failed,HTTP 429
https://www.dawn.com/news/1995760/finance-minister-says-no-plans-of-seeking-more-bilateral-financing-after-recent-inflows-from-saudi-arabia,Other,,,,,,429,3.82,2026-08-20T13:44:41.432004,failed,HTTP 429
https://www.dawn.com/news/1995756/five-labourers-injured-after-unknown-attackers-hurl-hand-grenade-in-dalbandin,Other,,,,,,429,4.02,2026-08-20T13:44:41.801467,failed,HTTP 429
https://www.dawn.com/news/1995749/pakistan-sri-lanka-commence-two-week-joint-counter-terrorism-exercise-ispr,Other,,,,,,429,2.667,2026-08-20T13:44:43.351674,failed,HTTP 429
https://images.dawn.com/news/1195214/a-trainee-chef-walks-us-through-the-preparation-of-an-arab-feast,Other,,,,,,429,6.352,2026-08-20T13:44:43.964781,failed,HTTP 429
https://www.dawn.com/news/1995748/britains-king-charles-meets-trump-in-bid-to-salvage-ties,Other,,,,,,429,3.163,2026-08-20T13:44:44.057902,failed,HTTP 429
https://images.dawn.com/news/1195213/bushra-ansari-thinks-people-in-the-industry-need-to-be-more-respectful-of-each-other,Other,,,,,,429,3.338,2026-08-20T13:44:44.228880,failed,HTTP 429
https://www.dawn.com/news/1995755/lahore-court-grants-interim-bail-to-pms-daughter-son-in-law-in-money-laundering-case,Other,,,,,,429,3.907,2026-08-20T13:44:44.397115,failed,HTTP 429
https://www.dawn.com/news/1995743/imran-brought-to-pims-for-follow-up-treatment-undergoes-fourth-eye-procedure,Other,,,,,,429,4.548,2026-08-20T13:44:45.732852,failed,HTTP 429
https://www.dawn.com/news/1995736/back-to-what-he-used-to-be-babar-azams-unlearning-journey,Other,,,,,,429,2.577,2026-08-20T13:44:46.544277,failed,HTTP 429
https://www.dawn.com/news/1995738/firmly-committed-to-iran-us-peace-pakistan-tells-un-security-council,Other,,,,,,429,2.594,2026-08-20T13:44:46.553102,failed,HTTP 429
https://www.dawn.com/news/1995728/train-collision-kills-14-injures-dozens-near-jakarta,Other,,,,,,429,2.235,2026-08-20T13:44:48.783102,failed,HTTP 429
https://www.dawn.com/news/1995686,Other,,,,,,429,2.232,2026-08-20T13:44:48.787999,failed,HTTP 429
https://www.dawn.com/news/1995716/pope-meets-first-woman-archbishop-of-canterbury,Other,,,,,,429,2.094,2026-08-20T13:44:48.875552,failed,HTTP 429
https://www.dawn.com/news/1995703/israel-strikes-bekaa-valley-in-violation-of-ceasefire,Other,,,,,,429,2.368,2026-08-20T13:44:51.246090,failed,HTTP 429
https://www.dawn.com/news/1995709/congress-claims-indias-stance-triggered-rift-in-brics-moot,Other,,,,,,429,4.376,2026-08-20T13:44:51.714152,failed,HTTP 429
https://www.dawn.com/news/1995715/npt-signatories-fear-looming-risk-of-nuclear-arms-race,Other,,,,,,429,4.942,2026-08-20T13:44:51.879948,failed,HTTP 429
https://www.dawn.com/news/1995587,Other,,,,,,429,3.376,2026-08-20T13:44:52.162204,failed,HTTP 429
https://www.dawn.com/news/1995681,Other,,,,,,429,4.196,2026-08-20T13:44:54.666912,failed,HTTP 429
https://www.dawn.com/news/1995586/suspected-drone-strike-damages-another-mosque-in-hassankhel,Other,,,,,,429,2.419,2026-08-20T13:44:55.077556,failed,HTTP 429
https://www.dawn.com/news/1995582/university-of-peshawar-employees-block-road-against-non-payment-of-salaries-pension,Other,,,,,,429,3.02,2026-08-20T13:44:55.185238,failed,HTTP 429
https://www.dawn.com/news/1995584/five-national-radio-telecommunication-corporation-workers-abducted-in-bannu,Other,,,,,,429,2.963,2026-08-20T13:44:55.368999,failed,HTTP 429
https://www.dawn.com/news/1995588/cash-valuables-worth-rs7-million-looted-in-islamabad,Other,,,,,,429,2.341,2026-08-20T13:44:55.784487,failed,HTTP 429
https://www.dawn.com/news/1995599/uncertainty-over-ihc-judges-transfer-echoes-in-courtroom,Other,,,,,,429,2.557,2026-08-20T13:44:59.957412,failed,HTTP 429
https://www.dawn.com/news/1995615/pilacs-upgraded-museum-immersive-journey-into-punjab-history,Other,,,,,,429,2.666,2026-08-20T13:45:00.235224,failed,HTTP 429
https://www.dawn.com/news/1995596/all-areas-of-twin-cities-finally-open,Other,,,,,,429,3.329,2026-08-20T13:45:00.314517,failed,HTTP 429
https://www.dawn.com/news/1995617/three-children-die-in-warehouse-fire-in-punjab,Other,,,,,,429,2.81,2026-08-20T13:45:00.543391,failed,HTTP 429
https://www.dawn.com/news/1995645/management-board-unanimously-rejects-liaquat-university-hospital-bifurcation-idea,Other,,,,,,429,2.32,2026-08-20T13:45:02.636917,failed,HTTP 429
https://www.dawn.com/news/1995620/1200-lawyers-get-punjab-bar-council-notice-for-degrees-verification,Other,,,,,,429,2.684,2026-08-20T13:45:02.644882,failed,HTTP 429
https://www.dawn.com/news/1995621/govt-doing-historic-work-to-get-rid-of-decaying-rail-track-claims-minister-hanif-abbasi,Other,,,,,,429,2.704,2026-08-20T13:45:02.941574,failed,HTTP 429
https://www.dawn.com/news/1995628/three-time-champions-united-hungry-zalmi-set-to-fight-for-psl-final-spot,Other,,,,,,429,2.631,2026-08-20T13:45:06.760144,failed,HTTP 429
https://www.dawn.com/news/1995660/oil-rises-as-peace-hopes-dim,Other,,,,,,429,2.5,2026-08-20T13:45:09.263135,failed,HTTP 429
https://www.dawn.com/news/1995667/palestinians-use-war-rubble-to-restore-shattered-gaza-streets,Other,,,,,,429,2.177,2026-08-20T13:45:10.010331,failed,HTTP 429
https://www.dawn.com/news/1995663/industry-leaders-warn-interest-rate-hike-to-hit-exports-economic-growth,Other,,,,,,403,4.552,2026-08-20T13:45:12.187654,failed,HTTP 403
https://www.dawn.com/news/1995668/uk-pm-may-face-probe-for-misleading-parliament-on-mandelson,Other,,,,,,429,2.594,2026-08-20T13:45:12.222015,failed,HTTP 429
https://www.dawn.com/news/1995671/shrinking-snow-forebodes-water-scarcity-in-indus-basin,Other,,,,,,429,2.794,2026-08-20T13:45:12.807510,failed,HTTP 429
https://www.dawn.com/news/1995676/health-card-scheme-providing-free-treatment-cm-bugti,Other,,,,,,429,2.937,2026-08-20T13:45:17.517162,failed,HTTP 429
https://www.dawn.com/news/1995669/muted-traffic-in-hormuz-strains-gulf-economies,Other,,,,,,429,7.863,2026-08-20T13:45:17.640226,failed,HTTP 429
https://www.dawn.com/news/1996697/gaza-aid-flotilla-activists-including-former-pakistani-senator-mushtaq-ahmad-released-after-israeli-interception,Other,,,,,,429,2.174,2026-08-20T13:45:19.816412,failed,HTTP 429
https://www.dawn.com/news/1996692/pentagon-reaches-agreements-with-top-ai-companies-but-not-anthropic,Other,,,,,,429,2.27,2026-08-20T13:45:20.323343,failed,HTTP 429
https://www.dawn.com/news/1996684/while-asia-and-europe-scramble-for-natural-gas-the-us-glut-has-nowhere-to-go,Other,,,,,,429,2.412,2026-08-20T13:45:20.527268,failed,HTTP 429
https://www.dawn.com/news/1996673/where-silence-falls-and-survival-speaks-the-last-guardian-of-gabral-valley,Other,,,,,,429,3.366,2026-08-20T13:45:23.530967,failed,HTTP 429
https://www.dawn.com/news/1996669/pm-forms-committee-to-review-one-constitution-avenue-case-halts-authorities-from-taking-action,Other,,,,,,429,3.371,2026-08-20T13:45:23.696355,failed,HTTP 429
https://www.dawn.com/news/1996671/punjab-govt-announces-new-kite-flying-rules-for-next-years-basant-celebrations,Other,,,,,,429,2.667,2026-08-20T13:45:26.201988,failed,HTTP 429
https://www.dawn.com/news/1996654/pakistan-reports-two-polio-cases-tally-for-current-year-reaches-three,Other,,,,,,429,2.908,2026-08-20T13:45:27.008171,failed,HTTP 429
https://www.dawn.com/news/1996647/el-nino-conditions-likely-to-develop-during-2026-monsoon-season-in-south-asia-pmd-says,Other,,,,,,429,2.432,2026-08-20T13:45:29.444021,failed,HTTP 429
https://www.dawn.com/news/1996657/power-minister-declares-end-to-month-long-loadshedding-following-arrival-of-lng-shipment,Other,,,,,,429,6.886,2026-08-20T13:45:30.585024,failed,HTTP 429
https://www.dawn.com/news/1996631/constable-martyred-as-militants-launch-rocket-attack-on-armoured-police-vehicle-in-bannu,Other,,,,,,429,3.049,2026-08-20T13:45:33.476151,failed,HTTP 429
https://www.dawn.com/news/1996629/abuse-of-women-journalists-made-easier-and-more-damaging-by-ai,Other,,,,,,429,5.51,2026-08-20T13:45:35.775369,failed,HTTP 429
https://www.dawn.com/news/1996512,Other,,,,,,429,3.167,2026-08-20T13:45:36.647149,failed,HTTP 429
https://www.dawn.com/news/1996514,Other,,,,,,429,2.797,2026-08-20T13:45:37.005344,failed,HTTP 429
https://www.dawn.com/news/1996513,Other,,,,,,403,3.574,2026-08-20T13:45:37.662906,failed,HTTP 403
https://www.dawn.com/news/1996617/policeman-martyred-in-lakki-marwat-terrorist-attack,Other,,,,,,429,3.411,2026-08-20T13:45:40.063127,failed,HTTP 429
https://www.dawn.com/news/1996614/peshawar-high-court-moved-against-suspension-of-senate-by-election,Other,,,,,,429,3.011,2026-08-20T13:45:40.358074,failed,HTTP 429
https://www.dawn.com/news/1996616/roads-residential-areas-flooded-in-swat-shangla,Other,,,,,,429,3.807,2026-08-20T13:45:40.810331,failed,HTTP 429
https://www.dawn.com/news/1996501/arsenal-atletico-trade-penalties-in-champions-league-semi-final-draw,Other,,,,,,403,3.148,2026-08-20T13:45:47.069685,failed,HTTP 403
https://www.dawn.com/news/1996613/hazara-electric-supply-company-disconnects-power-supply-to-haripur-tubewells,Other,,,,,,429,7.031,2026-08-20T13:45:47.097981,failed,HTTP 429
https://www.dawn.com/news/1996578/man-held-for-posting-anti-state-content-in-lahore,Other,,,,,,429,4.033,2026-08-20T13:45:47.321720,failed,HTTP 429
https://www.dawn.com/news/1996493/saudi-wealth-fund-to-cut-liv-golf-funding-after-2026-season,Other,,,,,,429,3.945,2026-08-20T13:45:47.797262,failed,HTTP 429
https://www.dawn.com/news/1996555/berlin-strikes-defiant-tone-as-trump-merz-sparring-continues,Other,,,,,,429,2.721,2026-08-20T13:45:49.821930,failed,HTTP 429
https://www.dawn.com/news/1996549/israeli-hr-group-asks-high-court-to-order-release-of-gaza-doctors,Other,,,,,,429,3.932,2026-08-20T13:45:51.022027,failed,HTTP 429
https://www.dawn.com/news/1996484/punjab-school-textbooks-lack-inclusivity-urgent-reforms-needed-study,Other,,,,,,429,2.885,2026-08-20T13:45:53.138942,failed,HTTP 429
https://www.dawn.com/news/1996534/all-pakistan-newspaper-employees-confederation-calls-for-restoration-of-dawn-ads,Other,,,,,,403,3.08,2026-08-20T13:45:54.104975,failed,HTTP 403
https://www.dawn.com/news/1996486/ihc-upholds-capital-development-authoritys-decision-of-canceling-one-constitution-avenue-lease,Other,,,,,,429,3.855,2026-08-20T13:45:54.328340,failed,HTTP 429
https://www.dawn.com/news/1996536/sindh-high-court-seeks-compliance-report-on-removal-of-unauthorised-billboards,Other,,,,,,429,2.645,2026-08-20T13:45:56.303363,failed,HTTP 429
https://www.dawn.com/news/1996478/nab-transfers-6500-kanals-of-amenity-plots-from-housing-societies-to-capital-development-authority,Other,,,,,,403,9.561,2026-08-20T13:45:56.884426,failed,HTTP 403
https://www.dawn.com/news/1996518/bond-saudi-inflows-lift-sbp-reserves,Other,,,,,,429,3.26,2026-08-20T13:45:57.454976,failed,HTTP 429
https://www.dawn.com/news/1996520/oil-retreats-after-hitting-four-year-high,Other,,,,,,403,4.142,2026-08-20T13:46:01.045024,failed,HTTP 403
https://www.dawn.com/news/1996523/fbr-misses-july-april-target-by-rs684bn,Other,,,,,,429,4.286,2026-08-20T13:46:01.740528,failed,HTTP 429
https://www.dawn.com/news/1996522/indian-gold-imports-hit-30-year-low,Other,,,,,,429,5.072,2026-08-20T13:46:02.186687,failed,HTTP 429
https://www.dawn.com/news/1996524/economic-gains-face-global-uncertainty,Other,,,,,,429,2.872,2026-08-20T13:46:03.291227,failed,HTTP 429
https://www.dawn.com/news/1996562/breathe-pakistan-conference-to-be-held-at-serena,Other,,,,,,429,3.605,2026-08-20T13:46:04.720865,failed,HTTP 429
https://www.dawn.com/news/1996559/dam-fund-transfer-to-dera-bugti-area-condemned,Other,,,,,,429,3.841,2026-08-20T13:46:04.727002,failed,HTTP 429
https://www.dawn.com/news/1996570/fuel-hits-rs400-per-litre-as-govt-passes-on-global-impact,Other,,,,,,403,3.299,2026-08-20T13:46:07.775466,failed,HTTP 403
https://www.dawn.com/news/1996525/trump-likely-among-287-candidates-for-nobel-peace-prize,Other,,,,,,429,3.86,2026-08-20T13:46:07.967050,failed,HTTP 429
https://www.dawn.com/news/1997514/nab-recovers-80-acres-of-govt-land-illegally-allotted-to-bahria-town,Other,,,,,,403,2.558,2026-08-20T13:46:09.934149,failed,HTTP 403
https://www.dawn.com/news/1997497/mysterious-world-beyond-pluto-may-have-an-atmosphere-astronomers,Other,,,,,,429,1.069,2026-08-20T13:46:10.881041,failed,HTTP 429
https://www.dawn.com/news/1997519/support-among-american-jews-for-us-led-war-on-iran-declines-survey,Other,,,,,,429,3.9,2026-08-20T13:46:11.027943,failed,HTTP 429
https://www.dawn.com/news/1997494/pti-accuses-govt-of-unprecedented-economic-crisis-slams-claims-of-stability,Other,,,,,,429,1.392,2026-08-20T13:46:11.139874,failed,HTTP 429
https://www.dawn.com/news/1997502/pakistan-has-sufficient-pol-reserves-till-third-week-of-june-says-petroleum-ministry,Other,,,,,,429,3.529,2026-08-20T13:46:11.351656,failed,HTTP 429
https://www.dawn.com/news/1997482/security-lapses-at-parliament-lodges-a-serious-threat-says-senate-deputy-chairman,Other,,,,,,429,1.842,2026-08-20T13:46:12.024966,failed,HTTP 429
https://www.dawn.com/news/1997487/pak-midwives,Other,,,,,,429,2.592,2026-08-20T13:46:12.528070,failed,HTTP 429
https://www.dawn.com/news/1997473/psl-11s-highest-scorer-babar-azam-named-captain-of-the-editions-team-of-the-year,Other,,,,,,429,2.393,2026-08-20T13:46:12.822212,failed,HTTP 429
https://www.dawn.com/news/1997452/ihc-rules-buyers-of-apartments-at-one-constitution-avenue-have-no-ownership-rights,Other,,,,,,429,2.607,2026-08-20T13:46:15.142067,failed,HTTP 429
https://images.dawn.com/news/1195230/from-delicious-dosas-to-fresh-fish-and-cool-coconuts-sri-lanka-is-a-foodies-tropical-paradise,Other,,,,,,403,3.179,2026-08-20T13:46:15.427274,failed,HTTP 403
https://www.dawn.com/news/1997484/pakistani-delegation-attends-us-investment-summit-to-expand-global-footprint,Other,,,,,,403,4.309,2026-08-20T13:46:15.664141,failed,HTTP 403
https://www.dawn.com/news/1997460/italy-probes-detention-by-israel-of-gaza-flotilla-activists-aboard-italian-flagged-vessel,Other,,,,,,429,3.18,2026-08-20T13:46:15.709863,failed,HTTP 429
https://www.dawn.com/news/1997461/hrcp-highlights-severe-contraction-of-civic-space-erosion-of-judicial-independence-in-2025,Other,,,,,,429,3.686,2026-08-20T13:46:15.714288,failed,HTTP 429
https://www.dawn.com/news/1997444/only-part-of-the-solution-are-electric-vehicles-truly-sustainable,Other,,,,,,403,3.102,2026-08-20T13:46:18.299677,failed,HTTP 403
https://www.dawn.com/news/1997417/former-new-york-mayor-rudy-giuliani-hospitalised-in-critical-condition,Other,,,,,,429,2.836,2026-08-20T13:46:22.342637,failed,HTTP 429
https://www.dawn.com/news/1997425/uae-says-opec-exit-not-directed-against-anyone,Other,,,,,,403,4.539,2026-08-20T13:46:23.791331,failed,HTTP 403
https://images.dawn.com/news/1195237/seoul-holds-power-nap-contest-for-sleep-deprived-south-koreans,Other,,,,,,403,2.844,2026-08-20T13:46:25.232148,failed,HTTP 403
https://www.dawn.com/news/1997415/52-magnitude-earthquake-jolts-islamabad-pindi,Other,,,,,,429,3.218,2026-08-20T13:46:25.578037,failed,HTTP 429
https://www.dawn.com/news/1997405/bulls-help-psx-rebound-by-900-points,Other,,,,,,403,2.76,2026-08-20T13:46:25.661563,failed,HTTP 403
https://www.dawn.com/news/1997392/iranian-sailors-evacuated-to-pakistan-return-home-state-media-confirms,Other,,,,,,403,2.926,2026-08-20T13:46:28.591349,failed,HTTP 403
https://www.dawn.com/news/1997361,Other,,,,,,429,2.693,2026-08-20T13:46:31.759636,failed,HTTP 429
https://www.dawn.com/news/1997364,Other,,,,,,429,3.343,2026-08-20T13:46:33.356552,failed,HTTP 429
https://www.dawn.com/news/1997185,Other,,,,,,429,2.495,2026-08-20T13:46:35.853498,failed,HTTP 429
https://www.dawn.com/news/1997348,Other,,,,,,403,3.41,2026-08-20T13:46:36.807244,failed,HTTP 403
https://www.dawn.com/news/1997180/doubling-down-on-lithium,Other,,,,,,429,3.264,2026-08-20T13:46:37.547803,failed,HTTP 429
https://www.dawn.com/news/1997326,Other,,,,,,429,10.592,2026-08-20T13:46:37.578687,failed,HTTP 429
https://www.dawn.com/news/1997181/a-closer-look-at-the-sugar-policy,Other,,,,,,429,3.233,2026-08-20T13:46:37.680587,failed,HTTP 429
https://www.dawn.com/news/1997182/procurement-policy-faces-reality,Other,,,,,,403,2.744,2026-08-20T13:46:39.550395,failed,HTTP 403
https://www.dawn.com/news/1997284/mental-health-institute-made-part-of-hayatabad-medical-complex,Other,,,,,,429,2.607,2026-08-20T13:46:40.157971,failed,HTTP 429
https://www.dawn.com/news/1997285/ji-emir-criticises-governance-in-kp-calls-for-reforms,Other,,,,,,429,3.421,2026-08-20T13:46:40.998775,failed,HTTP 429
https://www.dawn.com/news/1997290/jui-f-flays-poor-handling-of-afghans-repatriation,Other,,,,,,403,3.804,2026-08-20T13:46:41.384869,failed,HTTP 403
https://www.dawn.com/news/1997272/gb-election-preparations-gain-pace-as-tribunal-hears-appeals,Other,,,,,,403,2.971,2026-08-20T13:46:42.853618,failed,HTTP 403
https://www.dawn.com/news/1997275/young-leopard-released-into-wild-after-recovery-in-islamabad,Other,,,,,,429,2.877,2026-08-20T13:46:43.038956,failed,HTTP 429
https://www.dawn.com/news/1997277/hotel-manager-accomplice-arrested-after-rape-victim-contacts-police-in-rawalpindi,Other,,,,,,429,2.668,2026-08-20T13:46:43.670733,failed,HTTP 429
https://www.dawn.com/news/1997279/nab-in-action-to-reclaim-illegally-occupied-plots-in-islamabad,Other,,,,,,429,3.266,2026-08-20T13:46:46.125414,failed,HTTP 429
https://www.dawn.com/news/1997307/sindh-cm-murad-orders-red-line-work-expedited,Other,,,,,,429,2.231,2026-08-20T13:46:50.424389,failed,HTTP 429
https://www.dawn.com/news/1997309/sweltering-heat-loadshedding-and-water-shortages-add-to-peoples-woes-in-karachi,Other,,,,,,403,2.268,2026-08-20T13:46:50.534532,failed,HTTP 403
https://www.dawn.com/news/1997265/3-transpersons-held-for-torture-of-old-man-in-vehari,Other,,,,,,429,6.061,2026-08-20T13:46:50.928915,failed,HTTP 429
https://www.dawn.com/news/1997342/pakistan-women-face-zimbabwe-in-first-odi-today,Other,,,,,,429,2.398,2026-08-20T13:46:56.030544,failed,HTTP 429
https://www.dawn.com/news/1997339/late-goal-by-mainoo-lifts-united-to-win-over-liverpool,Other,,,,,,429,2.774,2026-08-20T13:46:56.116214,failed,HTTP 429
https://www.dawn.com/news/1997344/jerusalem-christians-worried-after-attack-on-nun-by-jewish-extremist,Other,,,,,,429,6.992,2026-08-20T13:46:56.176912,failed,HTTP 429
https://www.dawn.com/news/1997359/media-bodies-civil-society-raise-alarm-over-press-curbs,Other,,,,,,429,2.581,2026-08-20T13:46:58.699998,failed,HTTP 429
https://www.dawn.com/news/1997360/govt-urged-to-reduce-tax-on-milk,Other,,,,,,403,2.844,2026-08-20T13:46:59.022509,failed,HTTP 403
https://www.dawn.com/news/1997311/4-hospitalised-after-mass-shooting-in-south-london,Other,,,,,,429,2.551,2026-08-20T13:47:01.162127,failed,HTTP 429
https://www.dawn.com/news/1997314/ajk-pm-grants-land-ownership-to-1000-families-displaced-by-loc-shelling,Other,,,,,,429,2.6,2026-08-20T13:47:01.641725,failed,HTTP 429
https://www.dawn.com/news/1998447/pakistan-turns-down-two-lowest-evaluated-lng-bids,Other,,,,,,429,1.606,2026-08-20T13:47:04.726779,failed,HTTP 429
https://www.dawn.com/news/1998440/can-trumps-push-for-a-deal-with-iran-turn-a-tactical-pause-into-lasting-peace,Other,,,,,,429,3.713,2026-08-20T13:47:06.676297,failed,HTTP 429
https://www.dawn.com/news/1998450/finance-ministry-sbp-show-optimism-over-economic-growth-amid-expected-12bn-tranche-from-imf,Other,,,,,,403,4.715,2026-08-20T13:47:07.502467,failed,HTTP 403
https://www.dawn.com/news/1998418/pti-says-preparations-for-final-round-of-movement-against-imrans-imprisonment-underway,Other,,,,,,403,2.717,2026-08-20T13:47:07.895413,failed,HTTP 403
https://www.dawn.com/news/1998434/countries-track-passengers-of-hantavirus-hit-cruise-ship,Other,,,,,,429,2.462,2026-08-20T13:47:08.174749,failed,HTTP 429
https://www.dawn.com/news/1998395/3-children-killed-several-injured-in-south-waziristan-attack-security-sources,Other,,,,,,429,2.103,2026-08-20T13:47:11.680944,failed,HTTP 429
https://images.dawn.com/news/1195257/pakistani-celebrities-threw-their-own-ai-generated-met-gala-and-we-really-dont-know-what-to-say,Other,,,,,,403,2.993,2026-08-20T13:47:15.249379,failed,HTTP 403
https://www.dawn.com/news/1998331/pakistan-expects-agreement-between-us-and-iran-sooner-rather-than-later-fo,Other,,,,,,403,2.617,2026-08-20T13:47:15.802724,failed,HTTP 403
https://www.dawn.com/news/1998300/kp-pdma-directs-deputy-commissioners-to-take-precuationary-measures-ahead-of-heatwave,Other,,,,,,403,3.474,2026-08-20T13:47:20.121573,failed,HTTP 403
https://www.dawn.com/news/1998309/pti-decries-reports-of-bushra-bibis-sudden-secret-hospital-visit,Other,,,,,,429,5.578,2026-08-20T13:47:21.893669,failed,HTTP 429
https://www.dawn.com/news/1998318/we-are-prepared-dg-ispr-highlights-indigenous-military-capabilities-on-marka-i-haq-anniversary,Other,,,,,,429,9.745,2026-08-20T13:47:22.896159,failed,HTTP 429
https://www.dawn.com/news/1998296/australia-to-tour-pakistan-for-3-match-odi-series-beginning-on-may-30,Other,,,,,,429,2.776,2026-08-20T13:47:22.899859,failed,HTTP 429
https://www.dawn.com/news/1998287/infrastructure-development-cess-bill-passed-amid-stormy-punjab-assembly-session,Other,,,,,,403,3.471,2026-08-20T13:47:23.789106,failed,HTTP 403
https://www.dawn.com/news/1998285/robbers-snatch-rs2m-from-shopkeeper-in-kasur,Other,,,,,,429,2.869,2026-08-20T13:47:24.467001,failed,HTTP 429
https://www.dawn.com/news/1998272/father-son-held-for-killing-man-over-honour-in-faisalabad,Other,,,,,,429,2.726,2026-08-20T13:47:24.580695,failed,HTTP 429
https://www.dawn.com/news/1998227,Other,,,,,,429,4.09,2026-08-20T13:47:31.995864,failed,HTTP 429
https://www.dawn.com/news/1998229,Other,,,,,,403,2.246,2026-08-20T13:47:33.014633,failed,HTTP 403
https://www.dawn.com/news/1998242/swelling-trade-gap-hurting-balance-of-payments,Other,,,,,,429,2.121,2026-08-20T13:47:33.500568,failed,HTTP 429
https://www.dawn.com/news/1998237/yango-launches-corporate-ride-service,Other,,,,,,429,3.501,2026-08-20T13:47:35.276091,failed,HTTP 429
https://www.dawn.com/news/1998232/marka-i-haq-ispr-says-any-hostile-design-against-pakistan-will-be-countered-with-greater-strength-resolve,Other,,,,,,429,2.834,2026-08-20T13:47:36.812524,failed,HTTP 429
https://www.dawn.com/news/1998157/political-leaders-being-consulted-for-islamabad-protest-cm-afridi,Other,,,,,,429,2.548,2026-08-20T13:47:37.218158,failed,HTTP 429
https://www.dawn.com/news/1998165/call-for-urgent-action-equitable-climate-finance-stronger-global-local-coordination,Other,,,,,,429,2.659,2026-08-20T13:47:37.766136,failed,HTTP 429
https://www.dawn.com/news/1998151/peshawar-high-court-moved-for-establishment-of-ulema-protection-cell-by-police,Other,,,,,,403,4.153,2026-08-20T13:47:38.680408,failed,HTTP 403
https://www.dawn.com/news/1998174/kutchery-chowk-set-to-open-for-traffic-next-week,Other,,,,,,403,2.94,2026-08-20T13:47:40.703932,failed,HTTP 403
https://www.dawn.com/news/1998173/100-commandos-join-capital-polices-new-delta-force-unit,Other,,,,,,403,3.305,2026-08-20T13:47:40.878187,failed,HTTP 403
https://www.dawn.com/news/1998178/hyderabad-development-authority-axes-bahria-towns-land-deal-over-debts-while-owing-millions-itself,Other,,,,,,429,3.506,2026-08-20T13:47:41.556849,failed,HTTP 429
https://www.dawn.com/news/1998183/sindh-high-court-moved-for-devolution-of-solid-waste-management-to-towns-union-committees,Other,,,,,,429,3.356,2026-08-20T13:47:44.078919,failed,HTTP 429
https://www.dawn.com/news/1998198/shaheen-backs-head-coach-sarfraz-ahmed-ahead-of-bangladesh-tests,Other,,,,,,429,2.96,2026-08-20T13:47:44.312402,failed,HTTP 429
https://www.dawn.com/news/1998199/gull-feroza-sadaf-shamas-slam-tons-as-pakistan-thrash-zimbabwe-to-take-unassailable-series-lead,Other,,,,,,429,3.236,2026-08-20T13:47:47.317848,failed,HTTP 429
https://www.dawn.com/news/1998230/pakistan-bar-council-seeks-end-to-lawyers-promising-guaranteed-results,Other,,,,,,429,2.714,2026-08-20T13:47:50.547874,failed,HTTP 429
https://www.dawn.com/news/1998226/three-policemen-arrested-for-killing-student-in-quetta,Other,,,,,,429,3.052,2026-08-20T13:47:51.268739,failed,HTTP 429
https://www.dawn.com/news/1998225/three-coal-miners-kidnapped-in-harnai,Other,,,,,,403,3.692,2026-08-20T13:47:52.083636,failed,HTTP 403
https://www.dawn.com/news/1998133/israel-strikes-beirut-for-the-first-time-since-ceasefire,Other,,,,,,429,2.472,2026-08-20T13:47:53.519465,failed,HTTP 429
https://www.dawn.com/news/1998208/iran-looks-to-china-for-regional-stability-amid-fragile-truce,Other,,,,,,429,9.678,2026-08-20T13:47:54.674612,failed,HTTP 429
https://www.dawn.com/news/1999193/pakistans-test-against-bangladesh-evenly-poised-after-mehidy-takes-5-wickets,Other,,,,,,429,2.846,2026-08-20T13:47:54.933432,failed,HTTP 429
https://www.dawn.com/news/1999182/governor-kundi-meets-pti-leaders-asserts-kps-case-should-be-presented-firmly-collectively-to-the-centre,Other,,,,,,403,3.271,2026-08-20T13:47:57.891600,failed,HTTP 403
https://www.dawn.com/news/1999191/on-marka-i-haqs-first-anniversary-pm-shehbaz-commemorates-pakistans-historic-response-to-india,Other,,,,,,429,3.514,2026-08-20T13:47:58.192575,failed,HTTP 429
https://www.dawn.com/news/1999146/evacuation-flights-leave-tenerife-after-cruise-ship-hantavirus-outbreak,Other,,,,,,429,2.643,2026-08-20T13:48:00.880879,failed,HTTP 429
https://www.dawn.com/news/1999094,Other,,,,,,429,3.625,2026-08-20T13:48:01.535595,failed,HTTP 429
https://www.dawn.com/news/1999147/south-korea-welcomes-rare-baby-bump-as-population-shrinks,Other,,,,,,429,3.685,2026-08-20T13:48:01.880016,failed,HTTP 429
https://www.dawn.com/news/1999145/israel-deports-two-foreign-activists-seized-from-gaza-flotilla,Other,,,,,,429,3.742,2026-08-20T13:48:05.018098,failed,HTTP 429
https://www.dawn.com/news/1999171/there-are-vast-opportunities-for-investment-in-pakistan-naqvi-tells-bangladeshi-state-minister,Other,,,,,,429,10.908,2026-08-20T13:48:05.844934,failed,HTTP 429
https://www.dawn.com/news/1999097,Other,,,,,,429,4.12,2026-08-20T13:48:06.003707,failed,HTTP 429
https://www.dawn.com/news/1999113/cdf-munir-warns-pakistans-response-to-any-future-misadventure-will-be-extremely-widespread-painful,Other,,,,,,429,3.1,2026-08-20T13:48:08.775801,failed,HTTP 429
https://www.dawn.com/news/1999096,Other,,,,,,429,4.709,2026-08-20T13:48:09.728593,failed,HTTP 429
https://www.dawn.com/news/1999102,Other,,,,,,403,7.807,2026-08-20T13:48:13.096418,failed,HTTP 403
https://www.dawn.com/news/1999055,Other,,,,,,429,3.447,2026-08-20T13:48:15.660456,failed,HTTP 429
https://www.dawn.com/news/1999062/gwadar-port-gains-strategic-weight-amid-hormuz-crisis,Other,,,,,,429,3.159,2026-08-20T13:48:16.104093,failed,HTTP 429
https://www.dawn.com/news/1999068/starmer-vows-to-listen-to-voters-after-election-drubbing,Other,,,,,,429,3.661,2026-08-20T13:48:16.409680,failed,HTTP 429
https://www.dawn.com/news/1999018/world-cup-to-hold-trio-of-star-studded-opening-ceremonies,Other,,,,,,429,1.907,2026-08-20T13:48:17.569763,failed,HTTP 429
https://www.dawn.com/news/1998998/gillani-sadiq-pay-glowing-tributes-to-armed-forces,Other,,,,,,429,2.863,2026-08-20T13:48:20.435953,failed,HTTP 429
https://www.dawn.com/news/1999004/maryam-nawaz-set-to-inaugurate-kutchery-chowk-flyover-in-rawalpindi-today,Other,,,,,,429,2.243,2026-08-20T13:48:21.801062,failed,HTTP 429
https://www.dawn.com/news/1999042/nuclear-disaster-can-unfold-any-moment-experts-fear,Other,,,,,,429,2.485,2026-08-20T13:48:25.145098,failed,HTTP 429
https://www.dawn.com/news/1999051/better-to-err-in-acquittal-than-in-conviction-supreme-court,Other,,,,,,429,2.456,2026-08-20T13:48:25.472164,failed,HTTP 429
https://www.dawn.com/news/1999044/marka-i-haq-gatherings-in-karachi-celebrate-nations-triumph-against-indian-aggression,Other,,,,,,429,2.887,2026-08-20T13:48:25.735032,failed,HTTP 429
https://www.dawn.com/news/1999025/sabalenka-suffers-early-italian-open-exit,Other,,,,,,429,10.119,2026-08-20T13:48:26.060921,failed,HTTP 429
https://www.dawn.com/news/1999057/balochistan-pa-extends-safe-city-ordinance,Other,,,,,,429,4.044,2026-08-20T13:48:30.108140,failed,HTTP 429
https://www.dawn.com/news/1999982/major-among-five-soldiers-martyred-during-operation-in-balochistans-barkhan-ispr,Other,,,,,,429,2.26,2026-08-20T13:48:31.713130,failed,HTTP 429
https://www.dawn.com/news/1999979/pti-defends-mna-iqbal-afridis-son-over-asylum-move-assails-govts-oppression,Other,,,,,,429,2.706,2026-08-20T13:48:32.509531,failed,HTTP 429
https://www.dawn.com/news/1998966/finmin-says-economic-recovery-remains-intact-amid-regional-conflict-assures-uninterrupted-fuel-supply,Other,,,,,,429,4.349,2026-08-20T13:48:33.762634,failed,HTTP 429
https://www.dawn.com/news/1999980/no-indication-andes-strain-of-hantavirus-has-mutated-eu-agency,Other,,,,,,429,4.429,2026-08-20T13:48:34.043870,failed,HTTP 429
https://www.dawn.com/news/1999950/heavy-rain-hailstorm-lash-lahore-inundating-low-lying-areas,Other,,,,,,429,3.098,2026-08-20T13:48:36.258884,failed,HTTP 429
https://www.dawn.com/news/1999970/pakistan-who-launch-prime-ministers-hepatitis-c-elimination-programme,Other,,,,,,429,5.281,2026-08-20T13:48:37.001758,failed,HTTP 429
https://www.dawn.com/news/1999931/pm-shehbaz-to-undertake-official-three-day-china-visit-dpm-dar,Other,,,,,,429,3.254,2026-08-20T13:48:39.516139,failed,HTTP 429
https://www.dawn.com/news/1999928/khawaja-asif-says-kp-now-on-same-page-as-centre-in-fight-against-terrorism,Other,,,,,,403,3.328,2026-08-20T13:48:43.114893,failed,HTTP 403
https://www.dawn.com/news/1999927/punjab-cm-office-denies-rti-requests-seeking-details-of-maryams-tours-and-vehicles-luxury-jet-acquired-by-govt,Other,,,,,,429,3.706,2026-08-20T13:48:43.220878,failed,HTTP 429
https://www.dawn.com/news/1999908/finance-minister-discusses-budget-preparations-with-visiting-imf-mission,Other,,,,,,429,2.745,2026-08-20T13:48:48.650494,failed,HTTP 429
https://www.dawn.com/news/1999920/dont-understand-it-but-it-looks-fun-cricket-bowls-japan-over,Other,,,,,,403,6.608,2026-08-20T13:48:49.233030,failed,HTTP 403
https://www.dawn.com/news/1999907/president-zardari-approves-sitara-i-shujaat-for-citizen-who-sacrified-his-life-while-averting-suicide-attack,Other,,,,,,429,3.063,2026-08-20T13:48:49.541214,failed,HTTP 429
https://www.dawn.com/news/1999966/gunshots-fired-in-standoff-at-philippine-senate-over-presence-of-icc-suspect,Other,,,,,,403,17.432,2026-08-20T13:48:50.224142,failed,HTTP 403
https://www.dawn.com/news/1999886/sbp-says-it-has-received-13bn-tranche-from-imf,Other,,,,,,403,2.51,2026-08-20T13:48:54.907409,failed,HTTP 403
https://www.dawn.com/news/1999866/leas-stopped-from-deporting-afghan-brothers-seeking-asylum-in-canada,Other,,,,,,429,3.618,2026-08-20T13:48:57.342099,failed,HTTP 429
https://www.dawn.com/news/1999893/poor-planning-fuels-bangladesh-contraceptive-crisis,Other,,,,,,403,7.771,2026-08-20T13:48:57.518070,failed,HTTP 403
https://www.dawn.com/news/1999798,Other,,,,,,403,3.053,2026-08-20T13:49:00.083489,failed,HTTP 403
https://www.dawn.com/news/1999847/senior-citizens-hit-by-systematic-delays-cto-office-field-staff-rifts-in-lahore,Other,,,,,,429,2.926,2026-08-20T13:49:00.269532,failed,HTTP 429
https://www.dawn.com/news/1999857/minister-asks-ibcc-to-contact-cambridge-over-fresh-paper-leak-claims,Other,,,,,,429,5.155,2026-08-20T13:49:01.673801,failed,HTTP 429
https://www.dawn.com/news/1999870/man-dies-several-hurt-as-heavy-rain-wreaks-havoc-in-lower-kohistan,Other,,,,,,429,9.702,2026-08-20T13:49:03.400628,failed,HTTP 429
https://www.dawn.com/news/1999797,Other,,,,,,429,2.204,2026-08-20T13:49:03.484715,failed,HTTP 429
https://www.dawn.com/news/1999844/four-killed-three-injured-as-encounters-continue-in-central-south-punjab,Other,,,,,,403,3.939,2026-08-20T13:49:04.201586,failed,HTTP 403
https://www.dawn.com/news/1999824,Other,,,,,,429,2.844,2026-08-20T13:49:06.332588,failed,HTTP 429
https://www.dawn.com/news/1999816/oil-prices-rise-as-hopes-of-peace-dwindle,Other,,,,,,403,2.88,2026-08-20T13:49:07.085749,failed,HTTP 403
https://www.dawn.com/news/1999811,Other,,,,,,429,3.92,2026-08-20T13:49:07.793337,failed,HTTP 429
https://www.dawn.com/news/1999817/textile-sector-eyes-5bn-boost,Other,,,,,,429,3.848,2026-08-20T13:49:08.020016,failed,HTTP 429
https://www.dawn.com/news/1999814/auto-sales-double-on-cheap-financing,Other,,,,,,403,2.806,2026-08-20T13:49:09.899943,failed,HTTP 403
https://www.dawn.com/news/1999812/geopolitical-fears-drag-index-below-170000,Other,,,,,,429,4.259,2026-08-20T13:49:11.274495,failed,HTTP 429
https://www.dawn.com/news/1999874/controversy-surfaces-over-outsourcing-of-pedo-hydropower-projects,Other,,,,,,403,18.068,2026-08-20T13:49:11.445937,failed,HTTP 403
https://www.dawn.com/news/1999751/sindh-high-court-dismisses-plea-against-felling-old-trees-demolishing-animal-enclosures-in-zoo,Other,,,,,,429,6.408,2026-08-20T13:49:14.260876,failed,HTTP 429
https://www.dawn.com/news/1999777/trump-goes-on-social-media-conspiracy-posting-spree,Other,,,,,,429,3.009,2026-08-20T13:49:14.281487,failed,HTTP 429
https://www.dawn.com/news/1999754/pti-resolution-to-pay-homage-to-may-12-victims-rejected,Other,,,,,,403,4.725,2026-08-20T13:49:15.080326,failed,HTTP 403
https://www.dawn.com/news/1999784/backlash-as-eu-invites-taliban-for-migrant-return-talks,Other,,,,,,429,3.471,2026-08-20T13:49:17.735260,failed,HTTP 429
https://www.dawn.com/news/1999763/wilting-against-bangladesh-no-good-omen-for-pakistan,Other,,,,,,429,3.33,2026-08-20T13:49:17.941513,failed,HTTP 429
https://www.dawn.com/news/1999781/fbi-quizzes-cia-staffers-in-probe-against-ex-chief-of-spy-agency,Other,,,,,,429,3.888,2026-08-20T13:49:18.146037,failed,HTTP 429
https://www.dawn.com/news/1999761/ton-up-ayesha-dazzles-as-pakistan-rout-zimbabwe-in-first-t20,Other,,,,,,429,3.715,2026-08-20T13:49:18.143567,failed,HTTP 429
https://www.dawn.com/news/1999785/afghanistan-detains-two-tv-journalists,Other,,,,,,429,4.005,2026-08-20T13:49:18.289615,failed,HTTP 429
https://www.dawn.com/news/1999786/trump-expects-big-fat-hug-from-xi-amid-tense-agenda,Other,,,,,,429,1.426,2026-08-20T13:49:22.249327,failed,HTTP 429
https://www.dawn.com/news/1999796/islamabad-lawyers-unhappy-as-jcp-decision-dims-elevation-prospects,Other,,,,,,403,4.15,2026-08-20T13:49:22.289992,failed,HTTP 403
https://www.dawn.com/news/1999788/full-epstein-files-put-on-display-in-new-york,Other,,,,,,429,1.809,2026-08-20T13:49:22.635908,failed,HTTP 429
https://www.dawn.com/news/1999794/dozens-of-undocumented-afghans-held-in-balochistan,Other,,,,,,429,4.832,2026-08-20T13:49:22.776585,failed,HTTP 429
https://www.dawn.com/news/2000737/minister-chalks-up-css-failure-rate-to-lack-of-preparation-competitive-nature-of-exam,Other,,,,,,429,1.651,2026-08-20T13:49:24.748150,failed,HTTP 429
https://www.dawn.com/news/2000745/fia-to-probe-agency-raid-on-jewellery-shop-in-karachis-sarafa-bazaar,Other,,,,,,429,1.995,2026-08-20T13:49:24.772808,failed,HTTP 429
https://www.dawn.com/news/2000722/law-minister-tarar-sees-no-indication-of-28th-amendment-for-now,Other,,,,,,429,0.866,2026-08-20T13:49:25.268289,failed,HTTP 429
https://www.dawn.com/news/1999789/russia-ukraine-resume-strikes-as-truce-expires,Other,,,,,,429,4.328,2026-08-20T13:49:25.271011,failed,HTTP 429
https://www.dawn.com/news/2000716/at-least-eight-dead-25-injured-in-train-collision-that-sparks-bus-fire-in-thailand,Other,,,,,,429,1.013,2026-08-20T13:49:25.787033,failed,HTTP 429
https://www.dawn.com/news/2000719/bannu-police-kill-five-militants-after-launching-operation-in-district,Other,,,,,,429,1.133,2026-08-20T13:49:26.022383,failed,HTTP 429
https://www.dawn.com/news/1999806/iran-war-costs-soar-past-29bn-as-truce-teeters,Other,,,,,,429,3.436,2026-08-20T13:49:26.073428,failed,HTTP 429
https://www.dawn.com/news/2000700/rising-diesel-costs-from-iran-war-strain-us-school-budgets,Other,,,,,,429,2.09,2026-08-20T13:49:28.534410,failed,HTTP 429
https://www.dawn.com/news/2000715/tens-of-thousands-turn-out-for-uk-far-right-rally-counter-protest,Other,,,,,,403,2.714,2026-08-20T13:49:28.767270,failed,HTTP 403
https://www.dawn.com/news/2000705/hamas-confirms-killing-of-military-chief-after-israeli-strike,Other,,,,,,429,2.505,2026-08-20T13:49:28.789991,failed,HTTP 429
https://www.dawn.com/news/2000701/us-ceos-follow-trumps-footsteps-with-diplomacy-in-beijing,Other,,,,,,403,2.252,2026-08-20T13:49:28.924147,failed,HTTP 403
https://www.dawn.com/news/2000697/at-samsung-the-global-ai-boom-has-spurred-a-looming-strike-and-deep-divisions,Other,,,,,,429,2.374,2026-08-20T13:49:31.144707,failed,HTTP 429
https://www.dawn.com/news/2000418/why-investors-who-know-lahore-are-looking-closely-at-alif-holdings-20-canal-residence,Other,,,,,,429,2.459,2026-08-20T13:49:31.764795,failed,HTTP 429
https://www.dawn.com/news/2000709/alleged-drug-queenpin-anmol-remanded-into-police-custody-till-may-22-in-narcotics-case,Other,,,,,,429,6.152,2026-08-20T13:49:32.232253,failed,HTTP 429
https://www.dawn.com/news/2000693/taiwan-presses-case-for-us-arms-after-trump-says-he-is-undecided-on-new-sales,Other,,,,,,429,2.192,2026-08-20T13:49:32.245940,failed,HTTP 429
https://www.dawn.com/news/2000676/sindh-lifts-curbs-on-market-timings-minister-says-step-taken-to-facilitate-businesses-citizens,Other,,,,,,403,3.581,2026-08-20T13:49:35.819950,failed,HTTP 403
https://www.dawn.com/news/2000480/worlds-number-one-smart-home-camera-brand-ezviz-strengthens-its-foothold-in-pakistans-evolving-smart-security-landscape,Other,,,,,,429,2.635,2026-08-20T13:49:37.429773,failed,HTTP 429
https://www.dawn.com/news/2000687/fatima-sana-to-lead-womens-side-as-pcb-announces-squad-for-t20-world-cup-ireland-tri-series,Other,,,,,,429,5.787,2026-08-20T13:49:37.514973,failed,HTTP 429
https://www.dawn.com/news/2000721/trump-returns-from-china-with-stability-and-a-stalemate,Other,,,,,,403,13.179,2026-08-20T13:49:37.928538,failed,HTTP 403
https://www.dawn.com/news/2000671/indian-cricketer-kohli-to-play-2027-world-cup-only-if-he-can-add-value,Other,,,,,,429,2.856,2026-08-20T13:49:38.040190,failed,HTTP 429
https://www.dawn.com/news/1997406/karachi-roads-paved-with-good-intentions-but-potholed-with-reality,Other,,,,,,429,3.618,2026-08-20T13:49:38.923574,failed,HTTP 429
https://www.dawn.com/news/2000662/trump-says-isis-second-in-command-abu-bilal-al-minuki-eliminated,Other,,,,,,429,3.019,2026-08-20T13:49:40.944650,failed,HTTP 429
https://images.dawn.com/news/1195302/dubais-annual-art-fair-art-dubai-opens-despite->war,Other,,,,,,403,3.244,2026-08-20T13:49:41.286426,failed,HTTP 403
https://www.dawn.com/news/2000644,Other,,,,,,429,2.435,2026-08-20T13:49:43.382430,failed,HTTP 429
https://www.dawn.com/news/2000524/dir-residents-move-peshawar-high-court-to-seek-road-repair,Other,,,,,,429,2.389,2026-08-20T13:49:45.774971,failed,HTTP 429
https://www.dawn.com/news/2000520/iwmb-suspects-locals-foreign-nationals-behind-wildlife-killings-in-islamabad,Other,,,,,,429,2.623,2026-08-20T13:49:47.098642,failed,HTTP 429
https://www.dawn.com/news/2000562/bahawalpur-police-look-for-suspect-linked-to-cocaine-queen-network,Other,,,,,,429,2.283,2026-08-20T13:49:49.415390,failed,HTTP 429
https://www.dawn.com/news/2000517/punjab-governor-vows-to-support-slain-heros-family,Other,,,,,,403,5.63,2026-08-20T13:49:49.925859,failed,HTTP 403
https://www.dawn.com/news/2000548/3-labourers-killed-after-collapse-of-bridge-in-kandhkot,Other,,,,,,403,3.017,2026-08-20T13:49:50.886170,failed,HTTP 403
https://www.dawn.com/news/2000564/inflation-hit-karachiites-reel-from-further-rise-in-flour-prices,Other,,,,,,403,2.654,2026-08-20T13:49:53.372049,failed,HTTP 403
https://www.dawn.com/news/2000579/wont-advise-my-children-to-live-in-us-says-merz,Other,,,,,,429,2.944,2026-08-20T13:49:53.845763,failed,HTTP 429
https://www.dawn.com/news/2000587/pro-gaza-activist-seeks-to-reopen-case-over-trump-influence-claim,Other,,,,,,429,2.28,2026-08-20T13:49:53.999131,failed,HTTP 429
https://www.dawn.com/news/2000565/financial-crisis-no-excuse-for-delaying-pension-payments-shc-rules,Other,,,,,,429,4.115,2026-08-20T13:49:55.000288,failed,HTTP 429
https://www.dawn.com/news/2000608/fatima-helps-pakistan-seal-t20-sweep-of-zimbabwe,Other,,,,,,429,2.248,2026-08-20T13:49:56.249388,failed,HTTP 429
https://www.dawn.com/news/2000601/vingegaard-powers-to-maiden-giro-stage-victory,Other,,,,,,429,3.603,2026-08-20T13:49:57.452359,failed,HTTP 429
https://www.dawn.com/news/2000614/stocks-extend-losses-amid-uncertainty,Other,,,,,,429,2.932,2026-08-20T13:49:57.935015,failed,HTTP 429
https://www.dawn.com/news/2000617/new-banknote-designs-await-cabinet-nod,Other,,,,,,429,2.188,2026-08-20T13:49:59.835140,failed,HTTP 429
https://www.dawn.com/news/2000619/imf-sets-rs171tr-federal-revenue-target-for-2026-27,Other,,,,,,429,2.299,2026-08-20T13:50:00.588008,failed,HTTP 429
https://www.dawn.com/news/2000599/three-killed-in-panjgur-ambush,Other,,,,,,403,2.683,2026-08-20T13:50:02.299375,failed,HTTP 403
https://www.dawn.com/news/2000600/bilawal-inaugurates-key-health-related-projects-in-quetta,Other,,,,,,429,2.768,2026-08-20T13:50:03.358932,failed,HTTP 429
https://www.dawn.com/news/2000596/gwadar-varsity-vc-officials-untraceable-even-after-48-hours,Other,,,,,,429,4.033,2026-08-20T13:50:03.539210,failed,HTTP 429
https://www.dawn.com/news/2000623/gilgit-baltistan-readies-for-aga-khans-visit,Other,,,,,,403,2.465,2026-08-20T13:50:07.926274,failed,HTTP 403
https://www.dawn.com/news/2000622/on-nakba-israel-claims-control-over-most-of-gaza-strip,Other,,,,,,403,3.069,2026-08-20T13:50:08.371606,failed,HTTP 403
https://www.dawn.com/news/2000625/brics-talks-end-sans-joint-statement-as-divisions-over-iran-war-exposed,Other,,,,,,429,2.13,2026-08-20T13:50:08.527773,failed,HTTP 429
https://www.dawn.com/news/2001567/nigeria-says-joint-strikes-with-us-kill-175-is-fighters,Other,,,,,,429,2.02,2026-08-20T13:50:08.533691,failed,HTTP 429
https://www.dawn.com/news/2001552/govt-invites-expressions-of-interest-for-sale-of-three-major-discos,Other,,,,,,429,4.898,2026-08-20T13:50:13.434696,failed,HTTP 429
https://www.dawn.com/news/2001545/aiib-to-provide-320m-loan-for-n-5-highway-reconstruction-project,Other,,,,,,403,4.114,2026-08-20T13:50:15.162758,failed,HTTP 403
https://www.dawn.com/news/2001530/pti-ends-islamabad-sit-in-staged-after-kp-cm-imrans-sisters-stopped-from-meeting-ex-premier-at-adiala-jail,Other,,,,,,429,2.204,2026-08-20T13:50:16.367194,failed,HTTP 429
https://www.dawn.com/news/2001527/paa-extends-airspace-ban-on-indian-aircraft-until-june-24,Other,,,,,,429,2.177,2026-08-20T13:50:19.536287,failed,HTTP 429
https://www.dawn.com/news/2001524/2-killed-11-injured-in-rain-related-incidents-in-kp-pdma,Other,,,,,,429,2.24,2026-08-20T13:50:19.767076,failed,HTTP 429
https://www.dawn.com/news/2001533/in-pictures-iran-stages-mass-weddings-for-couples-ready-for-war-sacrifice,Other,,,,,,429,3.341,2026-08-20T13:50:19.967326,failed,HTTP 429
https://www.dawn.com/news/2001511/ctd-official-killed-by-unidentified-assailants-in-turbat-police,Other,,,,,,403,3.535,2026-08-20T13:50:23.304931,failed,HTTP 403
https://www.dawn.com/news/2001491/kp-governor-says-pm-has-formed-committee-to-address-cng-crisis-in-province,Other,,,,,,429,2.378,2026-08-20T13:50:24.365386,failed,HTTP 429
https://www.bbc.co.uk/news/topics/c27962l82g1t,BBC,,,,,,,16.378,2026-08-20T13:50:24.751701,failed,Timeout
https://images.dawn.com/news/1195311/an-excerpt-from-daniyal-mueenuddins-new-novel-this-is-where-the-serpent-lives,Other,,,,,,403,2.574,2026-08-20T13:50:30.013301,failed,HTTP 403
https://www.dawn.com/news/2001476/externally-sponsored-terrorism-propaganda-cannot-derail-pakistans-progress-cdf-munir,Other,,,,,,429,3.773,2026-08-20T13:50:32.178954,failed,HTTP 429
https://www.dawn.com/news/2001477/pm-shehbaz-arrives-in-quetta-on-day-long-visit,Other,,,,,,429,4.589,2026-08-20T13:50:32.825969,failed,HTTP 429
https://www.dawn.com/news/2001472/the-digital-bank-that-pakistan-needs,Other,,,,,,403,3.284,2026-08-20T13:50:33.937254,failed,HTTP 403
https://images.dawn.com/news/1195310/shaan-shahid-meera-join-stars-to-launch-trailer-for-their-latest-film-psycho,Other,,,,,,403,3.047,2026-08-20T13:50:34.003293,failed,HTTP 403
https://www.dawn.com/news/2001464/putin-trip-aims-to-show-china-ties-unshakeable-after-trump-pomp,Other,,,,,,429,3.102,2026-08-20T13:50:34.245360,failed,HTTP 429
https://www.dawn.com/news/2001444/unesco-acknowledges-lahore-forts-picture-wall-restoration,Other,,,,,,403,3.104,2026-08-20T13:50:38.382254,failed,HTTP 403
https://www.dawn.com/news/2001446/pac-ii-uncovers-revenue-leakages-in-board-of-revenue,Other,,,,,,403,3.61,2026-08-20T13:50:38.545878,failed,HTTP 403
https://www.dawn.com/news/2001505/sindh-ig-vows-transparency-in-cases-against-anmol-alias-pinky-stretching-across-multiple-domains,Other,,,,,,429,17.889,2026-08-20T13:50:39.519805,failed,HTTP 429
https://www.dawn.com/news/2001421,Other,,,,,,429,1.847,2026-08-20T13:50:40.055063,failed,HTTP 429
https://www.dawn.com/news/2001413/sc-lays-down-rules-for-uniformity-in-civil-pleadings,Other,,,,,,429,3.185,2026-08-20T13:50:43.243483,failed,HTTP 429
https://www.dawn.com/news/2001411/balochistan-okays-emergency-plan-for-monsoon-threat,Other,,,,,,429,2.383,2026-08-20T13:50:43.844100,failed,HTTP 429
https://www.dawn.com/news/2001404/iran-engages-with-us-even-as-war-drums-grow-louder,Other,,,,,,429,2.436,2026-08-20T13:50:44.662797,failed,HTTP 429
https://www.dawn.com/news/2001399/imran-urges-sc-to-order-his-hospitalisation,Other,,,,,,429,2.888,2026-08-20T13:50:46.735333,failed,HTTP 429
https://www.dawn.com/news/2001427,Other,,,,,,403,10.094,2026-08-20T13:50:46.950870,failed,HTTP 403
https://www.dawn.com/news/2001337/treasury-lawmakers-express-concern-over-appointment-of-non-locals-in-kp-health-dept,Other,,,,,,429,2.614,2026-08-20T13:50:47.280611,failed,HTTP 429
https://www.dawn.com/news/2001340/kp-govt-governor-opposition-join-hands-over-wheat-cng-crises,Other,,,,,,429,2.225,2026-08-20T13:50:47.764759,failed,HTTP 429
https://www.dawn.com/news/2001339/policeman-fc-official-martyred-in-di-khan-tank-attacks,Other,,,,,,403,5.325,2026-08-20T13:50:50.707061,failed,HTTP 403
https://www.dawn.com/news/2001327/capital-shops-markets-exempted-from-early-closure-till-31st,Other,,,,,,429,2.279,2026-08-20T13:50:51.748066,failed,HTTP 429
https://www.dawn.com/news/2001352/pac-chief-orders-audit-of-karachis-246-ucs-on-mayors-request,Other,,,,,,403,2.464,2026-08-20T13:50:54.213750,failed,HTTP 403
https://www.dawn.com/news/2001326/over-200-protesting-metro-bus-employees-demand-salaries-in-rawalpindi,Other,,,,,,403,6.606,2026-08-20T13:50:54.371949,failed,HTTP 403
https://www.dawn.com/news/2001354/sindh-assembly-passes-bill-for-legal-cover-to-household-workers,Other,,,,,,429,1.878,2026-08-20T13:50:54.669832,failed,HTTP 429
https://www.dawn.com/news/2001366/iran-world-cup-squad-lands-in-south-turkey-for-training,Other,,,,,,429,2.911,2026-08-20T13:50:57.286933,failed,HTTP 429
https://www.dawn.com/news/2001364/ca-chief-downplays-fears-indian-investment-in-big-bash-league-could-lead-to-loss-of-control,Other,,,,,,429,3.117,2026-08-20T13:50:57.368497,failed,HTTP 429
https://www.dawn.com/news/2001361/after-escaping-iran-war-haitis-nazon-awaits-world-cup-dream,Other,,,,,,429,4.425,2026-08-20T13:50:57.463849,failed,HTTP 429
https://www.dawn.com/news/2001373/us-designs-on-greenland-unchanged-pm-says-after-meeting-trump-envoy,Other,,,,,,429,2.857,2026-08-20T13:50:57.532759,failed,HTTP 429
https://www.dawn.com/news/2001377/cuba-warns-us-military-action-would-cause-bloodbath,Other,,,,,,429,1.613,2026-08-20T13:50:57.933007,failed,HTTP 429
https://www.dawn.com/news/2001386/current-account-slips-back-into-deficit,Other,,,,,,429,2.93,2026-08-20T13:51:00.866048,failed,HTTP 429
https://www.dawn.com/news/2001378/four-killed-in-kenya-protests-over-rising-fuel-prices,Other,,,,,,429,4.109,2026-08-20T13:51:01.568103,failed,HTTP 429
https://www.dawn.com/news/2003065/mini-version-of-hell-heat-dome-over-europe-scorches-uk-france-spain,Other,,,,,,403,2.241,2026-08-20T13:51:05.097568,failed,HTTP 403
https://www.dawn.com/news/2003059/in-pictures-saudi-security-personnel-on-alert-as-pilgrims-pour-into-makkah-for-haj,Other,,,,,,429,2.054,2026-08-20T13:51:05.102770,failed,HTTP 429
https://www.dawn.com/news/2003042/deputy-pm-dar-to-visit-new-york-from-may-26-28-for-un-meetings,Other,,,,,,429,1.537,2026-08-20T13:51:06.636969,failed,HTTP 429
https://www.dawn.com/news/2003054/newly-married-couple-shot-dead-in-karachis-malir-area-police,Other,,,,,,429,1.595,2026-08-20T13:51:06.691507,failed,HTTP 429
https://www.dawn.com/news/2003043/trump-demands-widespread-sign-up-to-abraham-accords-as-part-of-iran-peace-deal,Other,,,,,,429,2.42,2026-08-20T13:51:07.525384,failed,HTTP 429
https://www.dawn.com/news/2003035/who-chief-says-suspected-ebola-deaths-at-220-and-epidemic-is-outpacing-us,Other,,,,,,429,0.894,2026-08-20T13:51:08.357424,failed,HTTP 429
https://www.dawn.com/news/2003045/margalla-hills-fire-brought-under-control-cooling-process-underway-district-admin,Other,,,,,,429,2.958,2026-08-20T13:51:08.699217,failed,HTTP 429
https://www.dawn.com/news/2003026/militants-blow-up-govt-school-basic-health-unit-in-kps-tank,Other,,,,,,429,2.965,2026-08-20T13:51:10.491721,failed,HTTP 429
https://www.dawn.com/news/2003011/ihc-restrains-cda-from-dispossessing-residents-of-one-constitution-avenue,Other,,,,,,429,1.896,2026-08-20T13:51:13.383039,failed,HTTP 429
https://www.dawn.com/news/2003004/greek-swimmer-cashes-in-with-world-record-at-enhanced-games,Other,,,,,,429,2.091,2026-08-20T13:51:16.119570,failed,HTTP 429
https://www.dawn.com/news/2002979/chinas-xi-hails-unbreakable-ties-praises-pakistans-role-in-iran-peace-efforts-as-he-meets-pm-shehbaz,Other,,,,,,429,2.137,2026-08-20T13:51:19.749993,failed,HTTP 429
https://www.dawn.com/news/2002985/haj-begins-as-middle-east-wars-trajectory-hangs-in-the-balance,Other,,,,,,429,2.632,2026-08-20T13:51:20.066959,failed,HTTP 429
https://www.dawn.com/news/2002961/kse-100-rallies-3800-points-ahead-of-eid-break,Other,,,,,,429,3.097,2026-08-20T13:51:23.198929,failed,HTTP 429
https://www.dawn.com/news/2002932/special-unit-set-up-for-security-of-police-during-odi-in-pindi,Other,,,,,,429,2.791,2026-08-20T13:51:23.371972,failed,HTTP 429
https://www.dawn.com/news/2002912,Other,,,,,,429,2.2,2026-08-20T13:51:25.576270,failed,HTTP 429
https://www.dawn.com/news/2002919/opaque-oil-deals-around-hormuz-test-the-petrodollar,Other,,,,,,429,2.595,2026-08-20T13:51:26.730084,failed,HTTP 429
https://www.dawn.com/news/2002906,Other,,,,,,429,3.958,2026-08-20T13:51:27.586313,failed,HTTP 429
https://www.dawn.com/news/2002911/5000-years-of-pakistan,Other,,,,,,429,3.031,2026-08-20T13:51:30.390541,failed,HTTP 429
https://www.dawn.com/news/2002872/bonds-behind-financial-assistance,Other,,,,,,429,4.104,2026-08-20T13:51:31.673533,failed,HTTP 429
https://www.dawn.com/news/2002869/the-quest-for-governance,Other,,,,,,429,2.037,2026-08-20T13:51:32.172875,failed,HTTP 429
https://www.dawn.com/news/2002867/agriculture-water-conservation-a-new-policy-imperative,Other,,,,,,403,2.098,2026-08-20T13:51:32.492141,failed,HTTP 403
https://www.dawn.com/news/2002879/four-dead-as-russia-launches-hypersonic-missile-on-kyiv,Other,,,,,,429,2.386,2026-08-20T13:51:33.467213,failed,HTTP 429
https://www.dawn.com/news/2002880/world-watches-in-anticipation-as-us-iran-eye-peace-deal,Other,,,,,,429,2.231,2026-08-20T13:51:35.700406,failed,HTTP 429
https://www.dawn.com/news/2002843/mqm-p-lambasts-hyderabad-mayor-utility-over-water-crisis,Other,,,,,,429,3.468,2026-08-20T13:51:37.826797,failed,HTTP 429
https://www.dawn.com/news/2002851/protest-erupts-after-teenager-shot-dead-by-bike-snatchers-in-karachi,Other,,,,,,403,2.638,2026-08-20T13:51:39.180912,failed,HTTP 403
https://www.dawn.com/news/2002853/suspected-drug-dealer-killed-in-pak-colony-encounter,Other,,,,,,429,2.435,2026-08-20T13:51:39.726948,failed,HTTP 429
https://www.dawn.com/news/2002852/inflation-urban-challenges-push-more-people-towards-collective-qurbani-in-karachi,Other,,,,,,429,5.382,2026-08-20T13:51:42.081622,failed,HTTP 429
https://www.dawn.com/news/2002817/bannu-police-get-modern-equipment,Other,,,,,,429,3.493,2026-08-20T13:51:43.222760,failed,HTTP 429
https://www.dawn.com/news/2002834/saad-rafique-seeks-national-consensus-over-new-provinces,Other,,,,,,429,2.838,2026-08-20T13:51:43.273739,failed,HTTP 429
https://www.dawn.com/news/2002818/cattle-markets-in-kp-witness-brisk-trade-activity-ahead-of-eid,Other,,,,,,403,3.733,2026-08-20T13:51:43.491814,failed,HTTP 403
https://www.dawn.com/news/2002838/private-hospital-nurse-shot-dead-at-workplace-in-narowal,Other,,,,,,429,2.961,2026-08-20T13:51:46.237243,failed,HTTP 429
https://www.dawn.com/news/2002854/usyk-avoids-shock-defeat-with-11th-round-stoppage-of-verhoeven,Other,,,,,,429,4.26,2026-08-20T13:51:47.769714,failed,HTTP 429
https://www.dawn.com/news/2002865/spurs-survive-as-guardiola-salah-say-premier-league-farewells,Other,,,,,,429,2.171,2026-08-20T13:51:48.411526,failed,HTTP 429
https://www.dawn.com/news/2002858/real-end-troubled-la-liga-season-with-victory-mallorca-girona-relegated,Other,,,,,,429,5.079,2026-08-20T13:51:48.695927,failed,HTTP 429
https://www.dawn.com/news/2002891/lashkari-raisani-opposes-fresh-divisions-district-reforms,Other,,,,,,429,2.462,2026-08-20T13:51:49.412701,failed,HTTP 429
https://www.dawn.com/news/2002890/cop-guarding-polio-team-injured-in-chaman-attack,Other,,,,,,403,2.831,2026-08-20T13:51:49.624958,failed,HTTP 403
https://www.dawn.com/news/2002894/pti-slams-govts-fifth-budget-sans-reforms,Other,,,,,,429,3.089,2026-08-20T13:51:50.692374,failed,HTTP 429
https://www.dawn.com/news/2003580/trumps-face-could-appear-on-us-250-bill,Other,,,,,,429,2.302,2026-08-20T13:51:52.991975,failed,HTTP 429
https://www.dawn.com/news/2003578/nccia-punjab-arrests-11-for-anti-state-propaganda-and-inciting-unrest-online,Other,,,,,,403,2.152,2026-08-20T13:51:54.640417,failed,HTTP 403
https://www.dawn.com/news/2003568/dadu-sets-new-maximum-temperature-record-as-mercury-climbs-to-515c,Other,,,,,,429,1.979,2026-08-20T13:51:55.435160,failed,HTTP 429
https://www.dawn.com/news/2003561/dar-invites-overseas-pakistanis-in-us-to-honour-their-roots-and-invest-in-the-country,Other,,,,,,429,3.536,2026-08-20T13:51:56.530294,failed,HTTP 429
https://www.dawn.com/news/2003552/pentagon-says-us-military-personnel-reportedly-being-targeted-using-location-data,Other,,,,,,403,2.703,2026-08-20T13:51:59.234955,failed,HTTP 403
https://www.dawn.com/news/2003536/global-temperatures-likely-to-remain-at-record-levels-in-2026-2030-un,Other,,,,,,429,2.546,2026-08-20T13:51:59.754212,failed,HTTP 429
https://www.dawn.com/news/2003528/200-personnel-from-federal-constabularys-diplomatic-protection-unit-to-receive-training-in-saudi-arabia,Other,,,,,,429,2.929,2026-08-20T13:52:00.293811,failed,HTTP 429
https://www.dawn.com/news/2003520/passenger-van-accident-kills-13-in-central-china,Other,,,,,,429,2.808,2026-08-20T13:52:03.104839,failed,HTTP 429
https://www.dawn.com/news/2003518/pm-shehbaz-says-youm-i-takbeer-symbolises-pakistans-strength-sovereignty-and-national-unity,Other,,,,,,429,2.308,2026-08-20T13:52:03.151706,failed,HTTP 429
https://www.dawn.com/news/2003386,Other,,,,,,429,2.169,2026-08-20T13:52:03.250924,failed,HTTP 429
https://www.dawn.com/news/2003525/us-strikes-iran-drawing-retaliatory-attack-on-american-base-after-trump-dismisses-report-of-hormuz-deal,Other,,,,,,429,4.005,2026-08-20T13:52:03.457686,failed,HTTP 429
https://www.dawn.com/news/2004168/pakistans-resolute-response-during-may-2025-conflict-debunked-notion-of-space-for-war-in-south-asia-military-official,Other,,,,,,403,4.645,2026-08-20T13:52:07.902132,failed,HTTP 403
https://www.dawn.com/news/2004161/no-sufficient-outcome-yet-of-talks-to-secure-discounts-from-chinese-power-producers-leghari,Other,,,,,,429,3.945,2026-08-20T13:52:08.331963,failed,HTTP 429
https://www.dawn.com/news/2004154/sharjeel-memon-criticises-irsas-unjust-reduction-of-sindhs-water-share-urges-centre-to-take-notice,Other,,,,,,429,2.657,2026-08-20T13:52:09.643462,failed,HTTP 429
https://www.dawn.com/news/2004149/karachi-faces-54-mgd-water-shortage-after-electricity-supply-to-nek-pumping-station-suspended-kwsc,Other,,,,,,429,2.046,2026-08-20T13:52:09.950848,failed,HTTP 429
https://www.dawn.com/news/2002796/pti-confirms-barrister-gohar-sohail-afridis-meeting-with-naqvi-says-discussion-focused-on-terrorism-in-kp,Other,,,,,,,20.778,2026-08-20T13:52:11.307979,failed,"('Connection aborted.', ConnectionResetError(10054, 'An existing connection was forcibly closed by the remote host', None, 10054, None))"
https://www.dawn.com/news/2004145/expensive-ai-binge-leaves-companies-balking-at-soaring-bills,Other,,,,,,403,3.529,2026-08-20T13:52:11.775445,failed,HTTP 403
https://www.dawn.com/news/2004146/strict-action-taken-says-power-minister-after-khawaja-asifs-claim-of-lesco-employees-corruption,Other,,,,,,429,5.605,2026-08-20T13:52:12.741828,failed,HTTP 429
https://www.dawn.com/news/2004134/israel-captures-lebanons-medieval-beaufort-castle-in-deepest-incursion-in-26-years,Other,,,,,,429,2.231,2026-08-20T13:52:13.539446,failed,HTTP 429
https://www.dawn.com/news/2004123/energy-crunch-fuels-car-pool-growth-in-india,Other,,,,,,429,2.254,2026-08-20T13:52:15.623138,failed,HTTP 429
https://www.dawn.com/news/2004075,Other,,,,,,403,2.412,2026-08-20T13:52:19.391702,failed,HTTP 403
https://www.dawn.com/news/2004071,Other,,,,,,429,2.713,2026-08-20T13:52:20.060210,failed,HTTP 429
https://www.dawn.com/news/2004057,Other,,,,,,403,2.475,2026-08-20T13:52:20.147256,failed,HTTP 403
https://www.dawn.com/news/2004085/israel-launches-south-lebanon-strikes-after-warnings,Other,,,,,,429,3.411,2026-08-20T13:52:21.434420,failed,HTTP 429
https://www.dawn.com/news/2004082/rs200-billion-import-relief-for-industry,Other,,,,,,429,3.617,2026-08-20T13:52:23.679862,failed,HTTP 429
https://www.dawn.com/news/2004056/turkiye-links-israels-inclusion-in-regional-bloc-to-palestinian-statehood,Other,,,,,,403,2.628,2026-08-20T13:52:26.310921,failed,HTTP 403
https://www.dawn.com/news/2004067/islamabad-stays-in-frame-for-us-iran-deal-signing,Other,,,,,,429,2.802,2026-08-20T13:52:26.317148,failed,HTTP 429
https://www.dawn.com/news/2004054/centre-jaac-talks-end-without-success-june-9-strike-to-go-ahead,Other,,,,,,429,2.647,2026-08-20T13:52:26.497677,failed,HTTP 429
https://www.dawn.com/news/2004053/returnees-from-pakistan-killed-in-afghanistan-accident,Other,,,,,,429,2.811,2026-08-20T13:52:27.153707,failed,HTTP 429
https://www.dawn.com/news/2004080/sindh-collects-rs15tr-in-cess-as-roads-stay-broken,Other,,,,,,429,6.514,2026-08-20T13:52:27.165081,failed,HTTP 429
https://www.dawn.com/news/2003988/over-30-people-rescued-after-fire-in-karachi-shopping-centre,Other,,,,,,403,2.715,2026-08-20T13:52:29.271952,failed,HTTP 403
https://www.dawn.com/news/2004010/kp-childrens-hospital-looks-to-govt-for-promised-funds-to-become-operational,Other,,,,,,429,2.982,2026-08-20T13:52:33.410338,failed,HTTP 429
https://www.dawn.com/news/2004005/stranded-tourists-leave-for-home-as-key-road-in-kohistan-cleared,Other,,,,,,429,3.686,2026-08-20T13:52:33.743586,failed,HTTP 429
https://www.dawn.com/news/2004032/overseas-pakistanis-challenge-cancellation-of-e-11-plots-allotment-to-police-officers,Other,,,,,,403,4.297,2026-08-20T13:52:35.315964,failed,HTTP 403
https://www.dawn.com/news/2004038/rawalpindi-hospitals-may-stop-free-medicines-to-patients-next-month,Other,,,,,,429,2.104,2026-08-20T13:52:35.850422,failed,HTTP 429
https://www.dawn.com/news/2004004/karachis-feel-like-index-climbs-to-487c-as-heatwave-persists-in-sindh,Other,,,,,,429,9.116,2026-08-20T13:52:36.284409,failed,HTTP 429
https://www.dawn.com/news/2004113/hundreds-arrested-as-clashes-erupt-in-paris-on-psg-victory-night,Other,,,,,,429,21.494,2026-08-20T13:52:36.286907,failed,HTTP 429
https://www.dawn.com/news/2003982/woman-held-in-bahawalpur-after-major-drugs-haul,Other,,,,,,403,3.921,2026-08-20T13:52:38.055262,failed,HTTP 403
https://www.dawn.com/news/2003994/thunderstorm-disrupts-power-supply-infrastructure-in-lahore-adjoining-areas,Other,,,,,,429,3.261,2026-08-20T13:52:38.588670,failed,HTTP 429
https://www.dawn.com/news/2004046/separate-fire-incidents-destroy-over-65-homes-in-balochistan,Other,,,,,,429,3.673,2026-08-20T13:52:42.259633,failed,HTTP 429
https://www.dawn.com/news/2004047/flour-mills-ordered-to-stop-using-substandard-sacks,Other,,,,,,429,2.225,2026-08-20T13:52:43.189240,failed,HTTP 429
https://www.dawn.com/news/2004048/senate-chairman-gilani-voices-concern-over-indias-actions-on-indus-waters-treaty,Other,,,,,,429,2.619,2026-08-20T13:52:43.708175,failed,HTTP 429
https://www.dawn.com/news/2004042/psg-edge-arsenal-on-penalties-to-retain-champions-league-title,Other,,,,,,429,2.367,2026-08-20T13:52:43.811085,failed,HTTP 429
https://images.dawn.com/news/1195675/erica-robin-shares-tips-for-parents-to-keep-their-children-safe,Other,,,,,,403,3.66,2026-08-20T13:52:47.473273,failed,HTTP 403
https://www.dawn.com/news/2004016/over-160-road-accidents-reported-in-rawalpindi-during-eid,Other,,,,,,403,17.365,2026-08-20T13:52:48.135040,failed,HTTP 403
https://images.dawn.com/news/1195677/a-woman-before-an-army-fans-outraged-at-bts-members-attending-chris-brown-concert,Other,,,,,,403,2.745,2026-08-20T13:52:50.228186,failed,HTTP 403
https://www.dawn.com/news/1979099/international-womens-day-for-girls-in-pakistans-tribal-belt-sports-come-at-a-cost,Other,,,,,,403,6.779,2026-08-20T13:52:59.770800,failed,HTTP 403
